  0
SECTION
  2
HEADER
  9
$ACADVER
  1
AC1032
  9
$ACADMAINTVER
 90
      377
  9
$DWGCODEPAGE
  3
ANSI_936
  9
$LASTSAVEDBY
  1
admin
  9
$REQUIREDVERSIONS
160
                 0
  9
$INSBASE
 10
0.0
 20
0.0
 30
0.0
  9
$EXTMIN
 10
-200.0
 20
-200.0
 30
0.0
  9
$EXTMAX
 10
200.0
 20
200.0
 30
0.0
  9
$LIMMIN
 10
0.0
 20
0.0
  9
$LIMMAX
 10
12.0
 20
9.0
  9
$ORTHOMODE
 70
     0
  9
$REGENMODE
 70
     1
  9
$FILLMODE
 70
     1
  9
$QTEXTMODE
 70
     0
  9
$MIRRTEXT
 70
     0
  9
$LTSCALE
 40
1.0
  9
$ATTMODE
 70
     1
  9
$TEXTSIZE
 40
0.2
  9
$TRACEWID
 40
0.05
  9
$TEXTSTYLE
  7
Standard
  9
$CLAYER
  8
0
  9
$CELTYPE
  6
Continuous
  9
$CECOLOR
 62
   256
  9
$CELTSCALE
 40
1.0
  9
$DISPSILH
 70
     0
  9
$DIMSCALE
 40
1.0
  9
$DIMASZ
 40
0.18
  9
$DIMEXO
 40
0.0625
  9
$DIMDLI
 40
0.38
  9
$DIMRND
 40
0.0
  9
$DIMDLE
 40
0.0
  9
$DIMEXE
 40
0.18
  9
$DIMTP
 40
0.0
  9
$DIMTM
 40
0.0
  9
$DIMTXT
 40
0.18
  9
$DIMCEN
 40
0.09
  9
$DIMTSZ
 40
0.0
  9
$DIMTOL
 70
     0
  9
$DIMLIM
 70
     0
  9
$DIMTIH
 70
     1
  9
$DIMTOH
 70
     1
  9
$DIMSE1
 70
     0
  9
$DIMSE2
 70
     0
  9
$DIMTAD
 70
     0
  9
$DIMZIN
 70
     0
  9
$DIMBLK
  1

  9
$DIMASO
 70
     1
  9
$DIMSHO
 70
     1
  9
$DIMPOST
  1

  9
$DIMAPOST
  1

  9
$DIMALT
 70
     0
  9
$DIMALTD
 70
     2
  9
$DIMALTF
 40
25.4
  9
$DIMLFAC
 40
1.0
  9
$DIMTOFL
 70
     0
  9
$DIMTVP
 40
0.0
  9
$DIMTIX
 70
     0
  9
$DIMSOXD
 70
     0
  9
$DIMSAH
 70
     0
  9
$DIMBLK1
  1

  9
$DIMBLK2
  1

  9
$DIMSTYLE
  2
Standard
  9
$DIMCLRD
 70
     0
  9
$DIMCLRE
 70
     0
  9
$DIMCLRT
 70
     0
  9
$DIMTFAC
 40
1.0
  9
$DIMGAP
 40
0.09
  9
$DIMJUST
 70
     0
  9
$DIMSD1
 70
     0
  9
$DIMSD2
 70
     0
  9
$DIMTOLJ
 70
     1
  9
$DIMTZIN
 70
     0
  9
$DIMALTZ
 70
     0
  9
$DIMALTTZ
 70
     0
  9
$DIMUPT
 70
     0
  9
$DIMDEC
 70
     4
  9
$DIMTDEC
 70
     4
  9
$DIMALTU
 70
     2
  9
$DIMALTTD
 70
     2
  9
$DIMTXSTY
  7
Standard
  9
$DIMAUNIT
 70
     0
  9
$DIMADEC
 70
     0
  9
$DIMALTRND
 40
0.0
  9
$DIMAZIN
 70
     0
  9
$DIMDSEP
 70
    46
  9
$DIMATFIT
 70
     3
  9
$DIMFRAC
 70
     0
  9
$DIMLDRBLK
  1

  9
$DIMLUNIT
 70
     2
  9
$DIMLWD
 70
    -2
  9
$DIMLWE
 70
    -2
  9
$DIMTMOVE
 70
     0
  9
$DIMFXL
 40
1.0
  9
$DIMFXLON
 70
     0
  9
$DIMJOGANG
 40
0.7853981633974483
  9
$DIMTFILL
 70
     0
  9
$DIMTFILLCLR
 70
     0
  9
$DIMARCSYM
 70
     0
  9
$DIMLTYPE
  6

  9
$DIMLTEX1
  6

  9
$DIMLTEX2
  6

  9
$DIMTXTDIRECTION
 70
     0
  9
$LUNITS
 70
     2
  9
$LUPREC
 70
     4
  9
$SKETCHINC
 40
0.1
  9
$FILLETRAD
 40
0.0
  9
$AUNITS
 70
     3
  9
$AUPREC
 70
     0
  9
$MENU
  1
.
  9
$ELEVATION
 40
0.0
  9
$PELEVATION
 40
0.0
  9
$THICKNESS
 40
0.0
  9
$LIMCHECK
 70
     0
  9
$CHAMFERA
 40
0.0
  9
$CHAMFERB
 40
0.0
  9
$CHAMFERC
 40
0.0
  9
$CHAMFERD
 40
0.0
  9
$SKPOLY
 70
     0
  9
$TDCREATE
 40
2461181.744687500
  9
$TDUCREATE
 40
2461181.411354167
  9
$TDUPDATE
 40
2461181.747523148
  9
$TDUUPDATE
 40
2461181.414189815
  9
$TDINDWG
 40
0.0028356481
  9
$TDUSRTIMER
 40
0.0028356481
  9
$USRTIMER
 70
     1
  9
$ANGBASE
 50
0.0
  9
$ANGDIR
 70
     0
  9
$PDMODE
 70
     0
  9
$PDSIZE
 40
0.0
  9
$PLINEWID
 40
0.0
  9
$SPLFRAME
 70
     0
  9
$SPLINETYPE
 70
     6
  9
$SPLINESEGS
 70
     8
  9
$HANDSEED
  5
1114
  9
$SURFTAB1
 70
     6
  9
$SURFTAB2
 70
     6
  9
$SURFTYPE
 70
     6
  9
$SURFU
 70
     6
  9
$SURFV
 70
     6
  9
$UCSBASE
  2

  9
$UCSNAME
  2

  9
$UCSORG
 10
0.0
 20
0.0
 30
0.0
  9
$UCSXDIR
 10
1.0
 20
0.0
 30
0.0
  9
$UCSYDIR
 10
0.0
 20
1.0
 30
0.0
  9
$UCSORTHOREF
  2

  9
$UCSORTHOVIEW
 70
     0
  9
$UCSORGTOP
 10
0.0
 20
0.0
 30
0.0
  9
$UCSORGBOTTOM
 10
0.0
 20
0.0
 30
0.0
  9
$UCSORGLEFT
 10
0.0
 20
0.0
 30
0.0
  9
$UCSORGRIGHT
 10
0.0
 20
0.0
 30
0.0
  9
$UCSORGFRONT
 10
0.0
 20
0.0
 30
0.0
  9
$UCSORGBACK
 10
0.0
 20
0.0
 30
0.0
  9
$PUCSBASE
  2

  9
$PUCSNAME
  2

  9
$PUCSORG
 10
0.0
 20
0.0
 30
0.0
  9
$PUCSXDIR
 10
1.0
 20
0.0
 30
0.0
  9
$PUCSYDIR
 10
0.0
 20
1.0
 30
0.0
  9
$PUCSORTHOREF
  2

  9
$PUCSORTHOVIEW
 70
     0
  9
$PUCSORGTOP
 10
0.0
 20
0.0
 30
0.0
  9
$PUCSORGBOTTOM
 10
0.0
 20
0.0
 30
0.0
  9
$PUCSORGLEFT
 10
0.0
 20
0.0
 30
0.0
  9
$PUCSORGRIGHT
 10
0.0
 20
0.0
 30
0.0
  9
$PUCSORGFRONT
 10
0.0
 20
0.0
 30
0.0
  9
$PUCSORGBACK
 10
0.0
 20
0.0
 30
0.0
  9
$USERI1
 70
     0
  9
$USERI2
 70
     0
  9
$USERI3
 70
     0
  9
$USERI4
 70
     0
  9
$USERI5
 70
     0
  9
$USERR1
 40
0.0
  9
$USERR2
 40
0.0
  9
$USERR3
 40
0.0
  9
$USERR4
 40
0.0
  9
$USERR5
 40
0.0
  9
$WORLDVIEW
 70
     1
  9
$SHADEDGE
 70
     3
  9
$SHADEDIF
 70
    70
  9
$TILEMODE
 70
     1
  9
$MAXACTVP
 70
    64
  9
$PINSBASE
 10
0.0
 20
0.0
 30
0.0
  9
$PLIMCHECK
 70
     0
  9
$PEXTMIN
 10
1.000000000000000E+20
 20
1.000000000000000E+20
 30
1.000000000000000E+20
  9
$PEXTMAX
 10
-1.000000000000000E+20
 20
-1.000000000000000E+20
 30
-1.000000000000000E+20
  9
$PLIMMIN
 10
0.0
 20
0.0
  9
$PLIMMAX
 10
12.0
 20
9.0
  9
$UNITMODE
 70
     0
  9
$VISRETAIN
 70
     1
  9
$PLINEGEN
 70
     0
  9
$PSLTSCALE
 70
     1
  9
$TREEDEPTH
 70
  3020
  9
$CMLSTYLE
  2
Standard
  9
$CMLJUST
 70
     0
  9
$CMLSCALE
 40
1.0
  9
$PROXYGRAPHICS
 70
     1
  9
$MEASUREMENT
 70
     0
  9
$CELWEIGHT
370
    -1
  9
$ENDCAPS
280
     0
  9
$JOINSTYLE
280
     0
  9
$LWDISPLAY
290
     0
  9
$INSUNITS
 70
     4
  9
$HYPERLINKBASE
  1

  9
$STYLESHEET
  1

  9
$XEDIT
290
     1
  9
$CEPSNTYPE
380
     0
  9
$PSTYLEMODE
290
     1
  9
$FINGERPRINTGUID
  2
{7F3077D2-FEF5-1D42-8325-4C44E7BF208C}
  9
$VERSIONGUID
  2
{01821591-7B01-0142-B0D8-B6C837B7A860}
  9
$EXTNAMES
290
     1
  9
$PSVPSCALE
 40
0.0
  9
$OLESTARTUP
290
     0
  9
$SORTENTS
280
   127
  9
$INDEXCTL
280
     0
  9
$HIDETEXT
280
     0
  9
$XCLIPFRAME
280
     2
  9
$HALOGAP
280
     0
  9
$OBSCOLOR
 70
   257
  9
$OBSLTYPE
280
     0
  9
$INTERSECTIONDISPLAY
280
     0
  9
$INTERSECTIONCOLOR
 70
   257
  9
$DIMASSOC
280
     1
  9
$PROJECTNAME
  1

  9
$CAMERADISPLAY
290
     0
  9
$LENSLENGTH
 40
50.0
  9
$CAMERAHEIGHT
 40
0.0
  9
$STEPSPERSEC
 40
2.0
  9
$STEPSIZE
 40
6.0
  9
$3DDWFPREC
 40
2.0
  9
$PSOLWIDTH
 40
0.25
  9
$PSOLHEIGHT
 40
4.0
  9
$LOFTANG1
 40
1.570796326794896
  9
$LOFTANG2
 40
1.570796326794896
  9
$LOFTMAG1
 40
0.0
  9
$LOFTMAG2
 40
0.0
  9
$LOFTPARAM
 70
     7
  9
$LOFTNORMALS
280
     1
  9
$LATITUDE
 40
37.795
  9
$LONGITUDE
 40
-122.394
  9
$NORTHDIRECTION
 40
0.0
  9
$TIMEZONE
 70
 -8000
  9
$LIGHTGLYPHDISPLAY
280
     1
  9
$TILEMODELIGHTSYNCH
280
     1
  9
$CMATERIAL
347
11
  9
$SOLIDHIST
280
     0
  9
$SHOWHIST
280
     1
  9
$DWFFRAME
280
     2
  9
$DGNFRAME
280
     0
  9
$REALWORLDSCALE
290
     1
  9
$INTERFERECOLOR
 62
     1
  9
$INTERFEREOBJVS
345
33
  9
$INTERFEREVPVS
346
30
  9
$CSHADOW
280
     0
  9
$SHADOWPLANELOCATION
 40
0.0
  0
ENDSEC
  0
SECTION
  2
CLASSES
  0
CLASS
  1
ACDBDICTIONARYWDFLT
  2
AcDbDictionaryWithDefault
  3
ObjectDBX Classes
 90
        0
 91
        1
280
     0
281
     0
  0
CLASS
  1
MATERIAL
  2
AcDbMaterial
  3
ObjectDBX Classes
 90
     1153
 91
        3
280
     0
281
     0
  0
CLASS
  1
VISUALSTYLE
  2
AcDbVisualStyle
  3
ObjectDBX Classes
 90
     4095
 91
       24
280
     0
281
     0
  0
CLASS
  1
SCALE
  2
AcDbScale
  3
ObjectDBX Classes
 90
     1153
 91
       17
280
     0
281
     0
  0
CLASS
  1
TABLESTYLE
  2
AcDbTableStyle
  3
ObjectDBX Classes
 90
     4095
 91
        1
280
     0
281
     0
  0
CLASS
  1
MLEADERSTYLE
  2
AcDbMLeaderStyle
  3
ACDB_MLEADERSTYLE_CLASS
 90
     4095
 91
        1
280
     0
281
     0
  0
CLASS
  1
ACDBSECTIONVIEWSTYLE
  2
AcDbSectionViewStyle
  3
ObjectDBX Classes
 90
     1025
 91
        1
280
     0
281
     0
  0
CLASS
  1
ACDBDETAILVIEWSTYLE
  2
AcDbDetailViewStyle
  3
ObjectDBX Classes
 90
     1025
 91
        1
280
     0
281
     0
  0
CLASS
  1
DICTIONARYVAR
  2
AcDbDictionaryVar
  3
ObjectDBX Classes
 90
        0
 91
        9
280
     0
281
     0
  0
CLASS
  1
CELLSTYLEMAP
  2
AcDbCellStyleMap
  3
ObjectDBX Classes
 90
     1152
 91
        2
280
     0
281
     0
  0
ENDSEC
  0
SECTION
  2
TABLES
  0
TABLE
  2
VPORT
  5
8
330
0
100
AcDbSymbolTable
 70
     1
  0
VPORT
  5
74
330
8
100
AcDbSymbolTableRecord
100
AcDbViewportTableRecord
  2
*Active
 70
     0
 10
0.0
 20
0.0
 11
1.0
 21
1.0
 12
-121.8224629871296
 22
-11.48675566920769
 13
0.0
 23
0.0
 14
1.0
 24
1.0
 15
0.0
 25
0.0
 16
0.0
 26
0.0
 36
1.0
 17
0.0
 27
0.0
 37
0.0
 40
474.714532265601
 41
2.054956896551724
 42
50.0
 43
0.0
 44
0.0
 50
0.0
 51
0.0
 71
     0
 72
   100
 73
     1
 74
     1
 75
     0
 76
     0
 77
     0
 78
     0
281
     0
 65
     1
110
0.0
120
0.0
130
0.0
111
1.0
121
0.0
131
0.0
112
0.0
122
1.0
132
0.0
 79
     0
146
0.0
348
2F
 60
     3
 61
     5
292
     1
282
     1
141
0.0
142
0.0
 63
   250
421
  3355443
1001
ACAD_NAV_VCDISPLAY
1070
     3
  0
ENDTAB
  0
TABLE
  2
LTYPE
  5
5
330
0
100
AcDbSymbolTable
 70
     1
  0
LTYPE
  5
5A
330
5
100
AcDbSymbolTableRecord
100
AcDbLinetypeTableRecord
  2
ByBlock
 70
     0
  3

 72
    65
 73
     0
 40
0.0
  0
LTYPE
  5
5B
330
5
100
AcDbSymbolTableRecord
100
AcDbLinetypeTableRecord
  2
ByLayer
 70
     0
  3

 72
    65
 73
     0
 40
0.0
  0
LTYPE
  5
5C
330
5
100
AcDbSymbolTableRecord
100
AcDbLinetypeTableRecord
  2
Continuous
 70
     0
  3
Solid line
 72
    65
 73
     0
 40
0.0
  0
ENDTAB
  0
TABLE
  2
LAYER
  5
2
102
{ACAD_XDICTIONARY
360
110B
102
}
330
0
100
AcDbSymbolTable
 70
  1057
  0
LAYER
  5
54
102
{ACAD_XDICTIONARY
360
8B8
102
}
330
2
100
AcDbSymbolTableRecord
100
AcDbLayerTableRecord
  2
0
 70
     0
 62
     7
  6
Continuous
370
    -3
390
F
347
21
348
0
  0
LAYER
  5
75
102
{ACAD_XDICTIONARY
360
8BA
102
}
330
2
100
AcDbSymbolTableRecord
100
AcDbLayerTableRecord
  2
_MotorCAD0_
 70
     0
 62
     7
  6
Continuous
370
    -3
390
F
347
21
348
0
  0
LAYER
  5
77
102
{ACAD_XDICTIONARY
360
8BC
102
}
330
2
100
AcDbSymbolTableRecord
100
AcDbLayerTableRecord
  2
_MotorCAD1_
 70
     0
 62
     7
  6
Continuous
370
    -3
390
F
347
21
348
0
  0
LAYER
  5
79
102
{ACAD_XDICTIONARY
360
8BE
102
}
330
2
100
AcDbSymbolTableRecord
100
AcDbLayerTableRecord
  2
_MotorCAD2_
 70
     0
 62
     7
  6
Continuous
370
    -3
390
F
347
21
348
0
  0
LAYER
  5
7B
102
{ACAD_XDICTIONARY
360
8C0
102
}
330
2
100
AcDbSymbolTableRecord
100
AcDbLayerTableRecord
  2
_MotorCAD3_
 70
     0
 62
     7
  6
Continuous
370
    -3
390
F
347
21
348
0
  0
LAYER
  5
7D
102
{ACAD_XDICTIONARY
360
8C2
102
}
330
2
100
AcDbSymbolTableRecord
100
AcDbLayerTableRecord
  2
_MotorCAD4_
 70
     0
 62
     7
  6
Continuous
370
    -3
390
F
347
21
348
0
  0
LAYER
  5
7F
102
{ACAD_XDICTIONARY
360
8C4
102
}
330
2
100
AcDbSymbolTableRecord
100
AcDbLayerTableRecord
  2
_MotorCAD5_
 70
     0
 62
     7
  6
Continuous
370
    -3
390
F
347
21
348
0
  0
LAYER
  5
81
102
{ACAD_XDICTIONARY
360
8C6
102
}
330
2
100
AcDbSymbolTableRecord
100
AcDbLayerTableRecord
  2
_MotorCAD6_
 70
     0
 62
     7
  6
Continuous
370
    -3
390
F
347
21
348
0
  0
LAYER
  5
83
102
{ACAD_XDICTIONARY
360
8C8
102
}
330
2
100
AcDbSymbolTableRecord
100
AcDbLayerTableRecord
  2
_MotorCAD7_
 70
     0
 62
     7
  6
Continuous
370
    -3
390
F
347
21
348
0
  0
LAYER
  5
85
102
{ACAD_XDICTIONARY
360
8CA
102
}
330
2
100
AcDbSymbolTableRecord
100
AcDbLayerTableRecord
  2
_MotorCAD8_
 70
     0
 62
     7
  6
Continuous
370
    -3
390
F
347
21
348
0
  0
LAYER
  5
87
102
{ACAD_XDICTIONARY
360
8CC
102
}
330
2
100
AcDbSymbolTableRecord
100
AcDbLayerTableRecord
  2
_MotorCAD9_
 70
     0
 62
     7
  6
Continuous
370
    -3
390
F
347
21
348
0
  0
LAYER
  5
89
102
{ACAD_XDICTIONARY
360
8CE
102
}
330
2
100
AcDbSymbolTableRecord
100
AcDbLayerTableRecord
  2
_MotorCAD10_
 70
     0
 62
     7
  6
Continuous
370
    -3
390
F
347
21
348
0
  0
LAYER
  5
8B
102
{ACAD_XDICTIONARY
360
8D0
102
}
330
2
100
AcDbSymbolTableRecord
100
AcDbLayerTableRecord
  2
_MotorCAD11_
 70
     0
 62
     7
  6
Continuous
370
    -3
390
F
347
21
348
0
  0
LAYER
  5
8D
102
{ACAD_XDICTIONARY
360
8D2
102
}
330
2
100
AcDbSymbolTableRecord
100
AcDbLayerTableRecord
  2
_MotorCAD12_
 70
     0
 62
     7
  6
Continuous
370
    -3
390
F
347
21
348
0
  0
LAYER
  5
8F
102
{ACAD_XDICTIONARY
360
8D4
102
}
330
2
100
AcDbSymbolTableRecord
100
AcDbLayerTableRecord
  2
_MotorCAD13_
 70
     0
 62
     7
  6
Continuous
370
    -3
390
F
347
21
348
0
  0
LAYER
  5
91
102
{ACAD_XDICTIONARY
360
8D6
102
}
330
2
100
AcDbSymbolTableRecord
100
AcDbLayerTableRecord
  2
_MotorCAD14_
 70
     0
 62
     7
  6
Continuous
370
    -3
390
F
347
21
348
0
  0
LAYER
  5
93
102
{ACAD_XDICTIONARY
360
8D8
102
}
330
2
100
AcDbSymbolTableRecord
100
AcDbLayerTableRecord
  2
_MotorCAD15_
 70
     0
 62
     7
  6
Continuous
370
    -3
390
F
347
21
348
0
  0
LAYER
  5
95
102
{ACAD_XDICTIONARY
360
8DA
102
}
330
2
100
AcDbSymbolTableRecord
100
AcDbLayerTableRecord
  2
_MotorCAD16_
 70
     0
 62
     7
  6
Continuous
370
    -3
390
F
347
21
348
0
  0
LAYER
  5
97
102
{ACAD_XDICTIONARY
360
8DC
102
}
330
2
100
AcDbSymbolTableRecord
100
AcDbLayerTableRecord
  2
_MotorCAD17_
 70
     0
 62
     7
  6
Continuous
370
    -3
390
F
347
21
348
0
  0
LAYER
  5
99
102
{ACAD_XDICTIONARY
360
8DE
102
}
330
2
100
AcDbSymbolTableRecord
100
AcDbLayerTableRecord
  2
_MotorCAD18_
 70
     0
 62
     7
  6
Continuous
370
    -3
390
F
347
21
348
0
  0
LAYER
  5
9B
102
{ACAD_XDICTIONARY
360
8E0
102
}
330
2
100
AcDbSymbolTableRecord
100
AcDbLayerTableRecord
  2
_MotorCAD19_
 70
     0
 62
     7
  6
Continuous
370
    -3
390
F
347
21
348
0
  0
LAYER
  5
9D
102
{ACAD_XDICTIONARY
360
8E2
102
}
330
2
100
AcDbSymbolTableRecord
100
AcDbLayerTableRecord
  2
_MotorCAD20_
 70
     0
 62
     7
  6
Continuous
370
    -3
390
F
347
21
348
0
  0
LAYER
  5
9F
102
{ACAD_XDICTIONARY
360
8E4
102
}
330
2
100
AcDbSymbolTableRecord
100
AcDbLayerTableRecord
  2
_MotorCAD21_
 70
     0
 62
     7
  6
Continuous
370
    -3
390
F
347
21
348
0
  0
LAYER
  5
A1
102
{ACAD_XDICTIONARY
360
8E6
102
}
330
2
100
AcDbSymbolTableRecord
100
AcDbLayerTableRecord
  2
_MotorCAD22_
 70
     0
 62
     7
  6
Continuous
370
    -3
390
F
347
21
348
0
  0
LAYER
  5
A3
102
{ACAD_XDICTIONARY
360
8E8
102
}
330
2
100
AcDbSymbolTableRecord
100
AcDbLayerTableRecord
  2
_MotorCAD23_
 70
     0
 62
     7
  6
Continuous
370
    -3
390
F
347
21
348
0
  0
LAYER
  5
A5
102
{ACAD_XDICTIONARY
360
8EA
102
}
330
2
100
AcDbSymbolTableRecord
100
AcDbLayerTableRecord
  2
_MotorCAD24_
 70
     0
 62
     7
  6
Continuous
370
    -3
390
F
347
21
348
0
  0
LAYER
  5
A7
102
{ACAD_XDICTIONARY
360
8EC
102
}
330
2
100
AcDbSymbolTableRecord
100
AcDbLayerTableRecord
  2
_MotorCAD25_
 70
     0
 62
     7
  6
Continuous
370
    -3
390
F
347
21
348
0
  0
LAYER
  5
A9
102
{ACAD_XDICTIONARY
360
8EE
102
}
330
2
100
AcDbSymbolTableRecord
100
AcDbLayerTableRecord
  2
_MotorCAD26_
 70
     0
 62
     7
  6
Continuous
370
    -3
390
F
347
21
348
0
  0
LAYER
  5
AB
102
{ACAD_XDICTIONARY
360
8F0
102
}
330
2
100
AcDbSymbolTableRecord
100
AcDbLayerTableRecord
  2
_MotorCAD27_
 70
     0
 62
     7
  6
Continuous
370
    -3
390
F
347
21
348
0
  0
LAYER
  5
AD
102
{ACAD_XDICTIONARY
360
8F2
102
}
330
2
100
AcDbSymbolTableRecord
100
AcDbLayerTableRecord
  2
_MotorCAD28_
 70
     0
 62
     7
  6
Continuous
370
    -3
390
F
347
21
348
0
  0
LAYER
  5
AF
102
{ACAD_XDICTIONARY
360
8F4
102
}
330
2
100
AcDbSymbolTableRecord
100
AcDbLayerTableRecord
  2
_MotorCAD29_
 70
     0
 62
     7
  6
Continuous
370
    -3
390
F
347
21
348
0
  0
LAYER
  5
B1
102
{ACAD_XDICTIONARY
360
8F6
102
}
330
2
100
AcDbSymbolTableRecord
100
AcDbLayerTableRecord
  2
_MotorCAD30_
 70
     0
 62
     7
  6
Continuous
370
    -3
390
F
347
21
348
0
  0
LAYER
  5
B3
102
{ACAD_XDICTIONARY
360
8F8
102
}
330
2
100
AcDbSymbolTableRecord
100
AcDbLayerTableRecord
  2
_MotorCAD31_
 70
     0
 62
     7
  6
Continuous
370
    -3
390
F
347
21
348
0
  0
LAYER
  5
B5
102
{ACAD_XDICTIONARY
360
8FA
102
}
330
2
100
AcDbSymbolTableRecord
100
AcDbLayerTableRecord
  2
_MotorCAD32_
 70
     0
 62
     7
  6
Continuous
370
    -3
390
F
347
21
348
0
  0
LAYER
  5
B7
102
{ACAD_XDICTIONARY
360
8FC
102
}
330
2
100
AcDbSymbolTableRecord
100
AcDbLayerTableRecord
  2
_MotorCAD33_
 70
     0
 62
     7
  6
Continuous
370
    -3
390
F
347
21
348
0
  0
LAYER
  5
B9
102
{ACAD_XDICTIONARY
360
8FE
102
}
330
2
100
AcDbSymbolTableRecord
100
AcDbLayerTableRecord
  2
_MotorCAD34_
 70
     0
 62
     7
  6
Continuous
370
    -3
390
F
347
21
348
0
  0
LAYER
  5
BB
102
{ACAD_XDICTIONARY
360
900
102
}
330
2
100
AcDbSymbolTableRecord
100
AcDbLayerTableRecord
  2
_MotorCAD35_
 70
     0
 62
     7
  6
Continuous
370
    -3
390
F
347
21
348
0
  0
LAYER
  5
BD
102
{ACAD_XDICTIONARY
360
902
102
}
330
2
100
AcDbSymbolTableRecord
100
AcDbLayerTableRecord
  2
_MotorCAD36_
 70
     0
 62
     7
  6
Continuous
370
    -3
390
F
347
21
348
0
  0
LAYER
  5
BF
102
{ACAD_XDICTIONARY
360
904
102
}
330
2
100
AcDbSymbolTableRecord
100
AcDbLayerTableRecord
  2
_MotorCAD37_
 70
     0
 62
     7
  6
Continuous
370
    -3
390
F
347
21
348
0
  0
LAYER
  5
C1
102
{ACAD_XDICTIONARY
360
906
102
}
330
2
100
AcDbSymbolTableRecord
100
AcDbLayerTableRecord
  2
_MotorCAD38_
 70
     0
 62
     7
  6
Continuous
370
    -3
390
F
347
21
348
0
  0
LAYER
  5
C3
102
{ACAD_XDICTIONARY
360
908
102
}
330
2
100
AcDbSymbolTableRecord
100
AcDbLayerTableRecord
  2
_MotorCAD39_
 70
     0
 62
     7
  6
Continuous
370
    -3
390
F
347
21
348
0
  0
LAYER
  5
C5
102
{ACAD_XDICTIONARY
360
90A
102
}
330
2
100
AcDbSymbolTableRecord
100
AcDbLayerTableRecord
  2
_MotorCAD40_
 70
     0
 62
     7
  6
Continuous
370
    -3
390
F
347
21
348
0
  0
LAYER
  5
C7
102
{ACAD_XDICTIONARY
360
90C
102
}
330
2
100
AcDbSymbolTableRecord
100
AcDbLayerTableRecord
  2
_MotorCAD41_
 70
     0
 62
     7
  6
Continuous
370
    -3
390
F
347
21
348
0
  0
LAYER
  5
C9
102
{ACAD_XDICTIONARY
360
90E
102
}
330
2
100
AcDbSymbolTableRecord
100
AcDbLayerTableRecord
  2
_MotorCAD42_
 70
     0
 62
     7
  6
Continuous
370
    -3
390
F
347
21
348
0
  0
LAYER
  5
CB
102
{ACAD_XDICTIONARY
360
910
102
}
330
2
100
AcDbSymbolTableRecord
100
AcDbLayerTableRecord
  2
_MotorCAD43_
 70
     0
 62
     7
  6
Continuous
370
    -3
390
F
347
21
348
0
  0
LAYER
  5
CD
102
{ACAD_XDICTIONARY
360
912
102
}
330
2
100
AcDbSymbolTableRecord
100
AcDbLayerTableRecord
  2
_MotorCAD44_
 70
     0
 62
     7
  6
Continuous
370
    -3
390
F
347
21
348
0
  0
LAYER
  5
CF
102
{ACAD_XDICTIONARY
360
914
102
}
330
2
100
AcDbSymbolTableRecord
100
AcDbLayerTableRecord
  2
_MotorCAD45_
 70
     0
 62
     7
  6
Continuous
370
    -3
390
F
347
21
348
0
  0
LAYER
  5
D1
102
{ACAD_XDICTIONARY
360
916
102
}
330
2
100
AcDbSymbolTableRecord
100
AcDbLayerTableRecord
  2
_MotorCAD46_
 70
     0
 62
     7
  6
Continuous
370
    -3
390
F
347
21
348
0
  0
LAYER
  5
D3
102
{ACAD_XDICTIONARY
360
918
102
}
330
2
100
AcDbSymbolTableRecord
100
AcDbLayerTableRecord
  2
_MotorCAD47_
 70
     0
 62
     7
  6
Continuous
370
    -3
390
F
347
21
348
0
  0
LAYER
  5
D5
102
{ACAD_XDICTIONARY
360
91A
102
}
330
2
100
AcDbSymbolTableRecord
100
AcDbLayerTableRecord
  2
_MotorCAD48_
 70
     0
 62
     7
  6
Continuous
370
    -3
390
F
347
21
348
0
  0
LAYER
  5
D7
102
{ACAD_XDICTIONARY
360
91C
102
}
330
2
100
AcDbSymbolTableRecord
100
AcDbLayerTableRecord
  2
_MotorCAD49_
 70
     0
 62
     7
  6
Continuous
370
    -3
390
F
347
21
348
0
  0
LAYER
  5
D9
102
{ACAD_XDICTIONARY
360
91E
102
}
330
2
100
AcDbSymbolTableRecord
100
AcDbLayerTableRecord
  2
_MotorCAD50_
 70
     0
 62
     7
  6
Continuous
370
    -3
390
F
347
21
348
0
  0
LAYER
  5
DB
102
{ACAD_XDICTIONARY
360
920
102
}
330
2
100
AcDbSymbolTableRecord
100
AcDbLayerTableRecord
  2
_MotorCAD51_
 70
     0
 62
     7
  6
Continuous
370
    -3
390
F
347
21
348
0
  0
LAYER
  5
DD
102
{ACAD_XDICTIONARY
360
922
102
}
330
2
100
AcDbSymbolTableRecord
100
AcDbLayerTableRecord
  2
_MotorCAD52_
 70
     0
 62
     7
  6
Continuous
370
    -3
390
F
347
21
348
0
  0
LAYER
  5
DF
102
{ACAD_XDICTIONARY
360
924
102
}
330
2
100
AcDbSymbolTableRecord
100
AcDbLayerTableRecord
  2
_MotorCAD53_
 70
     0
 62
     7
  6
Continuous
370
    -3
390
F
347
21
348
0
  0
LAYER
  5
E1
102
{ACAD_XDICTIONARY
360
926
102
}
330
2
100
AcDbSymbolTableRecord
100
AcDbLayerTableRecord
  2
_MotorCAD54_
 70
     0
 62
     7
  6
Continuous
370
    -3
390
F
347
21
348
0
  0
LAYER
  5
E3
102
{ACAD_XDICTIONARY
360
928
102
}
330
2
100
AcDbSymbolTableRecord
100
AcDbLayerTableRecord
  2
_MotorCAD55_
 70
     0
 62
     7
  6
Continuous
370
    -3
390
F
347
21
348
0
  0
LAYER
  5
E5
102
{ACAD_XDICTIONARY
360
92A
102
}
330
2
100
AcDbSymbolTableRecord
100
AcDbLayerTableRecord
  2
_MotorCAD56_
 70
     0
 62
     7
  6
Continuous
370
    -3
390
F
347
21
348
0
  0
LAYER
  5
E7
102
{ACAD_XDICTIONARY
360
92C
102
}
330
2
100
AcDbSymbolTableRecord
100
AcDbLayerTableRecord
  2
_MotorCAD57_
 70
     0
 62
     7
  6
Continuous
370
    -3
390
F
347
21
348
0
  0
LAYER
  5
E9
102
{ACAD_XDICTIONARY
360
92E
102
}
330
2
100
AcDbSymbolTableRecord
100
AcDbLayerTableRecord
  2
_MotorCAD58_
 70
     0
 62
     7
  6
Continuous
370
    -3
390
F
347
21
348
0
  0
LAYER
  5
EB
102
{ACAD_XDICTIONARY
360
930
102
}
330
2
100
AcDbSymbolTableRecord
100
AcDbLayerTableRecord
  2
_MotorCAD59_
 70
     0
 62
     7
  6
Continuous
370
    -3
390
F
347
21
348
0
  0
LAYER
  5
ED
102
{ACAD_XDICTIONARY
360
932
102
}
330
2
100
AcDbSymbolTableRecord
100
AcDbLayerTableRecord
  2
_MotorCAD60_
 70
     0
 62
     7
  6
Continuous
370
    -3
390
F
347
21
348
0
  0
LAYER
  5
EF
102
{ACAD_XDICTIONARY
360
934
102
}
330
2
100
AcDbSymbolTableRecord
100
AcDbLayerTableRecord
  2
_MotorCAD61_
 70
     0
 62
     7
  6
Continuous
370
    -3
390
F
347
21
348
0
  0
LAYER
  5
F1
102
{ACAD_XDICTIONARY
360
936
102
}
330
2
100
AcDbSymbolTableRecord
100
AcDbLayerTableRecord
  2
_MotorCAD62_
 70
     0
 62
     7
  6
Continuous
370
    -3
390
F
347
21
348
0
  0
LAYER
  5
F3
102
{ACAD_XDICTIONARY
360
938
102
}
330
2
100
AcDbSymbolTableRecord
100
AcDbLayerTableRecord
  2
_MotorCAD63_
 70
     0
 62
     7
  6
Continuous
370
    -3
390
F
347
21
348
0
  0
LAYER
  5
F5
102
{ACAD_XDICTIONARY
360
93A
102
}
330
2
100
AcDbSymbolTableRecord
100
AcDbLayerTableRecord
  2
_MotorCAD64_
 70
     0
 62
     7
  6
Continuous
370
    -3
390
F
347
21
348
0
  0
LAYER
  5
F7
102
{ACAD_XDICTIONARY
360
93C
102
}
330
2
100
AcDbSymbolTableRecord
100
AcDbLayerTableRecord
  2
_MotorCAD65_
 70
     0
 62
     7
  6
Continuous
370
    -3
390
F
347
21
348
0
  0
LAYER
  5
F9
102
{ACAD_XDICTIONARY
360
93E
102
}
330
2
100
AcDbSymbolTableRecord
100
AcDbLayerTableRecord
  2
_MotorCAD66_
 70
     0
 62
     7
  6
Continuous
370
    -3
390
F
347
21
348
0
  0
LAYER
  5
FB
102
{ACAD_XDICTIONARY
360
940
102
}
330
2
100
AcDbSymbolTableRecord
100
AcDbLayerTableRecord
  2
_MotorCAD67_
 70
     0
 62
     7
  6
Continuous
370
    -3
390
F
347
21
348
0
  0
LAYER
  5
FD
102
{ACAD_XDICTIONARY
360
942
102
}
330
2
100
AcDbSymbolTableRecord
100
AcDbLayerTableRecord
  2
_MotorCAD68_
 70
     0
 62
     7
  6
Continuous
370
    -3
390
F
347
21
348
0
  0
LAYER
  5
FF
102
{ACAD_XDICTIONARY
360
944
102
}
330
2
100
AcDbSymbolTableRecord
100
AcDbLayerTableRecord
  2
_MotorCAD69_
 70
     0
 62
     7
  6
Continuous
370
    -3
390
F
347
21
348
0
  0
LAYER
  5
101
102
{ACAD_XDICTIONARY
360
946
102
}
330
2
100
AcDbSymbolTableRecord
100
AcDbLayerTableRecord
  2
_MotorCAD70_
 70
     0
 62
     7
  6
Continuous
370
    -3
390
F
347
21
348
0
  0
LAYER
  5
103
102
{ACAD_XDICTIONARY
360
948
102
}
330
2
100
AcDbSymbolTableRecord
100
AcDbLayerTableRecord
  2
_MotorCAD71_
 70
     0
 62
     7
  6
Continuous
370
    -3
390
F
347
21
348
0
  0
LAYER
  5
105
102
{ACAD_XDICTIONARY
360
94A
102
}
330
2
100
AcDbSymbolTableRecord
100
AcDbLayerTableRecord
  2
_MotorCAD72_
 70
     0
 62
     7
  6
Continuous
370
    -3
390
F
347
21
348
0
  0
LAYER
  5
107
102
{ACAD_XDICTIONARY
360
94C
102
}
330
2
100
AcDbSymbolTableRecord
100
AcDbLayerTableRecord
  2
_MotorCAD73_
 70
     0
 62
     7
  6
Continuous
370
    -3
390
F
347
21
348
0
  0
LAYER
  5
109
102
{ACAD_XDICTIONARY
360
94E
102
}
330
2
100
AcDbSymbolTableRecord
100
AcDbLayerTableRecord
  2
_MotorCAD74_
 70
     0
 62
     7
  6
Continuous
370
    -3
390
F
347
21
348
0
  0
LAYER
  5
10B
102
{ACAD_XDICTIONARY
360
950
102
}
330
2
100
AcDbSymbolTableRecord
100
AcDbLayerTableRecord
  2
_MotorCAD75_
 70
     0
 62
     7
  6
Continuous
370
    -3
390
F
347
21
348
0
  0
LAYER
  5
10D
102
{ACAD_XDICTIONARY
360
952
102
}
330
2
100
AcDbSymbolTableRecord
100
AcDbLayerTableRecord
  2
_MotorCAD76_
 70
     0
 62
     7
  6
Continuous
370
    -3
390
F
347
21
348
0
  0
LAYER
  5
10F
102
{ACAD_XDICTIONARY
360
954
102
}
330
2
100
AcDbSymbolTableRecord
100
AcDbLayerTableRecord
  2
_MotorCAD77_
 70
     0
 62
     7
  6
Continuous
370
    -3
390
F
347
21
348
0
  0
LAYER
  5
111
102
{ACAD_XDICTIONARY
360
956
102
}
330
2
100
AcDbSymbolTableRecord
100
AcDbLayerTableRecord
  2
_MotorCAD78_
 70
     0
 62
     7
  6
Continuous
370
    -3
390
F
347
21
348
0
  0
LAYER
  5
113
102
{ACAD_XDICTIONARY
360
958
102
}
330
2
100
AcDbSymbolTableRecord
100
AcDbLayerTableRecord
  2
_MotorCAD79_
 70
     0
 62
     7
  6
Continuous
370
    -3
390
F
347
21
348
0
  0
LAYER
  5
115
102
{ACAD_XDICTIONARY
360
95A
102
}
330
2
100
AcDbSymbolTableRecord
100
AcDbLayerTableRecord
  2
_MotorCAD80_
 70
     0
 62
     7
  6
Continuous
370
    -3
390
F
347
21
348
0
  0
LAYER
  5
117
102
{ACAD_XDICTIONARY
360
95C
102
}
330
2
100
AcDbSymbolTableRecord
100
AcDbLayerTableRecord
  2
_MotorCAD81_
 70
     0
 62
     7
  6
Continuous
370
    -3
390
F
347
21
348
0
  0
LAYER
  5
119
102
{ACAD_XDICTIONARY
360
95E
102
}
330
2
100
AcDbSymbolTableRecord
100
AcDbLayerTableRecord
  2
_MotorCAD82_
 70
     0
 62
     7
  6
Continuous
370
    -3
390
F
347
21
348
0
  0
LAYER
  5
11B
102
{ACAD_XDICTIONARY
360
960
102
}
330
2
100
AcDbSymbolTableRecord
100
AcDbLayerTableRecord
  2
_MotorCAD83_
 70
     0
 62
     7
  6
Continuous
370
    -3
390
F
347
21
348
0
  0
LAYER
  5
11D
102
{ACAD_XDICTIONARY
360
962
102
}
330
2
100
AcDbSymbolTableRecord
100
AcDbLayerTableRecord
  2
_MotorCAD84_
 70
     0
 62
     7
  6
Continuous
370
    -3
390
F
347
21
348
0
  0
LAYER
  5
11F
102
{ACAD_XDICTIONARY
360
964
102
}
330
2
100
AcDbSymbolTableRecord
100
AcDbLayerTableRecord
  2
_MotorCAD85_
 70
     0
 62
     7
  6
Continuous
370
    -3
390
F
347
21
348
0
  0
LAYER
  5
121
102
{ACAD_XDICTIONARY
360
966
102
}
330
2
100
AcDbSymbolTableRecord
100
AcDbLayerTableRecord
  2
_MotorCAD86_
 70
     0
 62
     7
  6
Continuous
370
    -3
390
F
347
21
348
0
  0
LAYER
  5
123
102
{ACAD_XDICTIONARY
360
968
102
}
330
2
100
AcDbSymbolTableRecord
100
AcDbLayerTableRecord
  2
_MotorCAD87_
 70
     0
 62
     7
  6
Continuous
370
    -3
390
F
347
21
348
0
  0
LAYER
  5
125
102
{ACAD_XDICTIONARY
360
96A
102
}
330
2
100
AcDbSymbolTableRecord
100
AcDbLayerTableRecord
  2
_MotorCAD88_
 70
     0
 62
     7
  6
Continuous
370
    -3
390
F
347
21
348
0
  0
LAYER
  5
127
102
{ACAD_XDICTIONARY
360
96C
102
}
330
2
100
AcDbSymbolTableRecord
100
AcDbLayerTableRecord
  2
_MotorCAD89_
 70
     0
 62
     7
  6
Continuous
370
    -3
390
F
347
21
348
0
  0
LAYER
  5
129
102
{ACAD_XDICTIONARY
360
96E
102
}
330
2
100
AcDbSymbolTableRecord
100
AcDbLayerTableRecord
  2
_MotorCAD90_
 70
     0
 62
     7
  6
Continuous
370
    -3
390
F
347
21
348
0
  0
LAYER
  5
12B
102
{ACAD_XDICTIONARY
360
970
102
}
330
2
100
AcDbSymbolTableRecord
100
AcDbLayerTableRecord
  2
_MotorCAD91_
 70
     0
 62
     7
  6
Continuous
370
    -3
390
F
347
21
348
0
  0
LAYER
  5
12D
102
{ACAD_XDICTIONARY
360
972
102
}
330
2
100
AcDbSymbolTableRecord
100
AcDbLayerTableRecord
  2
_MotorCAD92_
 70
     0
 62
     7
  6
Continuous
370
    -3
390
F
347
21
348
0
  0
LAYER
  5
12F
102
{ACAD_XDICTIONARY
360
974
102
}
330
2
100
AcDbSymbolTableRecord
100
AcDbLayerTableRecord
  2
_MotorCAD93_
 70
     0
 62
     7
  6
Continuous
370
    -3
390
F
347
21
348
0
  0
LAYER
  5
131
102
{ACAD_XDICTIONARY
360
976
102
}
330
2
100
AcDbSymbolTableRecord
100
AcDbLayerTableRecord
  2
_MotorCAD94_
 70
     0
 62
     7
  6
Continuous
370
    -3
390
F
347
21
348
0
  0
LAYER
  5
133
102
{ACAD_XDICTIONARY
360
978
102
}
330
2
100
AcDbSymbolTableRecord
100
AcDbLayerTableRecord
  2
_MotorCAD95_
 70
     0
 62
     7
  6
Continuous
370
    -3
390
F
347
21
348
0
  0
LAYER
  5
135
102
{ACAD_XDICTIONARY
360
97A
102
}
330
2
100
AcDbSymbolTableRecord
100
AcDbLayerTableRecord
  2
_MotorCAD96_
 70
     0
 62
     7
  6
Continuous
370
    -3
390
F
347
21
348
0
  0
LAYER
  5
137
102
{ACAD_XDICTIONARY
360
97C
102
}
330
2
100
AcDbSymbolTableRecord
100
AcDbLayerTableRecord
  2
_MotorCAD97_
 70
     0
 62
     7
  6
Continuous
370
    -3
390
F
347
21
348
0
  0
LAYER
  5
139
102
{ACAD_XDICTIONARY
360
97E
102
}
330
2
100
AcDbSymbolTableRecord
100
AcDbLayerTableRecord
  2
_MotorCAD98_
 70
     0
 62
     7
  6
Continuous
370
    -3
390
F
347
21
348
0
  0
LAYER
  5
13B
102
{ACAD_XDICTIONARY
360
980
102
}
330
2
100
AcDbSymbolTableRecord
100
AcDbLayerTableRecord
  2
_MotorCAD99_
 70
     0
 62
     7
  6
Continuous
370
    -3
390
F
347
21
348
0
  0
LAYER
  5
13D
102
{ACAD_XDICTIONARY
360
982
102
}
330
2
100
AcDbSymbolTableRecord
100
AcDbLayerTableRecord
  2
_MotorCAD100_
 70
     0
 62
     7
  6
Continuous
370
    -3
390
F
347
21
348
0
  0
LAYER
  5
13F
102
{ACAD_XDICTIONARY
360
984
102
}
330
2
100
AcDbSymbolTableRecord
100
AcDbLayerTableRecord
  2
_MotorCAD101_
 70
     0
 62
     7
  6
Continuous
370
    -3
390
F
347
21
348
0
  0
LAYER
  5
141
102
{ACAD_XDICTIONARY
360
986
102
}
330
2
100
AcDbSymbolTableRecord
100
AcDbLayerTableRecord
  2
_MotorCAD102_
 70
     0
 62
     7
  6
Continuous
370
    -3
390
F
347
21
348
0
  0
LAYER
  5
143
102
{ACAD_XDICTIONARY
360
988
102
}
330
2
100
AcDbSymbolTableRecord
100
AcDbLayerTableRecord
  2
_MotorCAD103_
 70
     0
 62
     7
  6
Continuous
370
    -3
390
F
347
21
348
0
  0
LAYER
  5
145
102
{ACAD_XDICTIONARY
360
98A
102
}
330
2
100
AcDbSymbolTableRecord
100
AcDbLayerTableRecord
  2
_MotorCAD104_
 70
     0
 62
     7
  6
Continuous
370
    -3
390
F
347
21
348
0
  0
LAYER
  5
147
102
{ACAD_XDICTIONARY
360
98C
102
}
330
2
100
AcDbSymbolTableRecord
100
AcDbLayerTableRecord
  2
_MotorCAD105_
 70
     0
 62
     7
  6
Continuous
370
    -3
390
F
347
21
348
0
  0
LAYER
  5
149
102
{ACAD_XDICTIONARY
360
98E
102
}
330
2
100
AcDbSymbolTableRecord
100
AcDbLayerTableRecord
  2
_MotorCAD106_
 70
     0
 62
     7
  6
Continuous
370
    -3
390
F
347
21
348
0
  0
LAYER
  5
14B
102
{ACAD_XDICTIONARY
360
990
102
}
330
2
100
AcDbSymbolTableRecord
100
AcDbLayerTableRecord
  2
_MotorCAD107_
 70
     0
 62
     7
  6
Continuous
370
    -3
390
F
347
21
348
0
  0
LAYER
  5
14D
102
{ACAD_XDICTIONARY
360
992
102
}
330
2
100
AcDbSymbolTableRecord
100
AcDbLayerTableRecord
  2
_MotorCAD108_
 70
     0
 62
     7
  6
Continuous
370
    -3
390
F
347
21
348
0
  0
LAYER
  5
14F
102
{ACAD_XDICTIONARY
360
994
102
}
330
2
100
AcDbSymbolTableRecord
100
AcDbLayerTableRecord
  2
_MotorCAD109_
 70
     0
 62
     7
  6
Continuous
370
    -3
390
F
347
21
348
0
  0
LAYER
  5
151
102
{ACAD_XDICTIONARY
360
996
102
}
330
2
100
AcDbSymbolTableRecord
100
AcDbLayerTableRecord
  2
_MotorCAD110_
 70
     0
 62
     7
  6
Continuous
370
    -3
390
F
347
21
348
0
  0
LAYER
  5
153
102
{ACAD_XDICTIONARY
360
998
102
}
330
2
100
AcDbSymbolTableRecord
100
AcDbLayerTableRecord
  2
_MotorCAD111_
 70
     0
 62
     7
  6
Continuous
370
    -3
390
F
347
21
348
0
  0
LAYER
  5
155
102
{ACAD_XDICTIONARY
360
99A
102
}
330
2
100
AcDbSymbolTableRecord
100
AcDbLayerTableRecord
  2
_MotorCAD112_
 70
     0
 62
     7
  6
Continuous
370
    -3
390
F
347
21
348
0
  0
LAYER
  5
157
102
{ACAD_XDICTIONARY
360
99C
102
}
330
2
100
AcDbSymbolTableRecord
100
AcDbLayerTableRecord
  2
_MotorCAD113_
 70
     0
 62
     7
  6
Continuous
370
    -3
390
F
347
21
348
0
  0
LAYER
  5
159
102
{ACAD_XDICTIONARY
360
99E
102
}
330
2
100
AcDbSymbolTableRecord
100
AcDbLayerTableRecord
  2
_MotorCAD114_
 70
     0
 62
     7
  6
Continuous
370
    -3
390
F
347
21
348
0
  0
LAYER
  5
15B
102
{ACAD_XDICTIONARY
360
9A0
102
}
330
2
100
AcDbSymbolTableRecord
100
AcDbLayerTableRecord
  2
_MotorCAD115_
 70
     0
 62
     7
  6
Continuous
370
    -3
390
F
347
21
348
0
  0
LAYER
  5
15D
102
{ACAD_XDICTIONARY
360
9A2
102
}
330
2
100
AcDbSymbolTableRecord
100
AcDbLayerTableRecord
  2
_MotorCAD116_
 70
     0
 62
     7
  6
Continuous
370
    -3
390
F
347
21
348
0
  0
LAYER
  5
15F
102
{ACAD_XDICTIONARY
360
9A4
102
}
330
2
100
AcDbSymbolTableRecord
100
AcDbLayerTableRecord
  2
_MotorCAD117_
 70
     0
 62
     7
  6
Continuous
370
    -3
390
F
347
21
348
0
  0
LAYER
  5
161
102
{ACAD_XDICTIONARY
360
9A6
102
}
330
2
100
AcDbSymbolTableRecord
100
AcDbLayerTableRecord
  2
_MotorCAD118_
 70
     0
 62
     7
  6
Continuous
370
    -3
390
F
347
21
348
0
  0
LAYER
  5
163
102
{ACAD_XDICTIONARY
360
9A8
102
}
330
2
100
AcDbSymbolTableRecord
100
AcDbLayerTableRecord
  2
_MotorCAD119_
 70
     0
 62
     7
  6
Continuous
370
    -3
390
F
347
21
348
0
  0
LAYER
  5
165
102
{ACAD_XDICTIONARY
360
9AA
102
}
330
2
100
AcDbSymbolTableRecord
100
AcDbLayerTableRecord
  2
_MotorCAD120_
 70
     0
 62
     7
  6
Continuous
370
    -3
390
F
347
21
348
0
  0
LAYER
  5
167
102
{ACAD_XDICTIONARY
360
9AC
102
}
330
2
100
AcDbSymbolTableRecord
100
AcDbLayerTableRecord
  2
_MotorCAD121_
 70
     0
 62
     7
  6
Continuous
370
    -3
390
F
347
21
348
0
  0
LAYER
  5
169
102
{ACAD_XDICTIONARY
360
9AE
102
}
330
2
100
AcDbSymbolTableRecord
100
AcDbLayerTableRecord
  2
_MotorCAD122_
 70
     0
 62
     7
  6
Continuous
370
    -3
390
F
347
21
348
0
  0
LAYER
  5
16B
102
{ACAD_XDICTIONARY
360
9B0
102
}
330
2
100
AcDbSymbolTableRecord
100
AcDbLayerTableRecord
  2
_MotorCAD123_
 70
     0
 62
     7
  6
Continuous
370
    -3
390
F
347
21
348
0
  0
LAYER
  5
16D
102
{ACAD_XDICTIONARY
360
9B2
102
}
330
2
100
AcDbSymbolTableRecord
100
AcDbLayerTableRecord
  2
_MotorCAD124_
 70
     0
 62
     7
  6
Continuous
370
    -3
390
F
347
21
348
0
  0
LAYER
  5
16F
102
{ACAD_XDICTIONARY
360
9B4
102
}
330
2
100
AcDbSymbolTableRecord
100
AcDbLayerTableRecord
  2
_MotorCAD125_
 70
     0
 62
     7
  6
Continuous
370
    -3
390
F
347
21
348
0
  0
LAYER
  5
171
102
{ACAD_XDICTIONARY
360
9B6
102
}
330
2
100
AcDbSymbolTableRecord
100
AcDbLayerTableRecord
  2
_MotorCAD126_
 70
     0
 62
     7
  6
Continuous
370
    -3
390
F
347
21
348
0
  0
LAYER
  5
173
102
{ACAD_XDICTIONARY
360
9B8
102
}
330
2
100
AcDbSymbolTableRecord
100
AcDbLayerTableRecord
  2
_MotorCAD127_
 70
     0
 62
     7
  6
Continuous
370
    -3
390
F
347
21
348
0
  0
LAYER
  5
175
102
{ACAD_XDICTIONARY
360
9BA
102
}
330
2
100
AcDbSymbolTableRecord
100
AcDbLayerTableRecord
  2
_MotorCAD128_
 70
     0
 62
     7
  6
Continuous
370
    -3
390
F
347
21
348
0
  0
LAYER
  5
177
102
{ACAD_XDICTIONARY
360
9BC
102
}
330
2
100
AcDbSymbolTableRecord
100
AcDbLayerTableRecord
  2
_MotorCAD129_
 70
     0
 62
     7
  6
Continuous
370
    -3
390
F
347
21
348
0
  0
LAYER
  5
179
102
{ACAD_XDICTIONARY
360
9BE
102
}
330
2
100
AcDbSymbolTableRecord
100
AcDbLayerTableRecord
  2
_MotorCAD130_
 70
     0
 62
     7
  6
Continuous
370
    -3
390
F
347
21
348
0
  0
LAYER
  5
17B
102
{ACAD_XDICTIONARY
360
9C0
102
}
330
2
100
AcDbSymbolTableRecord
100
AcDbLayerTableRecord
  2
_MotorCAD131_
 70
     0
 62
     7
  6
Continuous
370
    -3
390
F
347
21
348
0
  0
LAYER
  5
17D
102
{ACAD_XDICTIONARY
360
9C2
102
}
330
2
100
AcDbSymbolTableRecord
100
AcDbLayerTableRecord
  2
_MotorCAD132_
 70
     0
 62
     7
  6
Continuous
370
    -3
390
F
347
21
348
0
  0
LAYER
  5
17F
102
{ACAD_XDICTIONARY
360
9C4
102
}
330
2
100
AcDbSymbolTableRecord
100
AcDbLayerTableRecord
  2
_MotorCAD133_
 70
     0
 62
     7
  6
Continuous
370
    -3
390
F
347
21
348
0
  0
LAYER
  5
181
102
{ACAD_XDICTIONARY
360
9C6
102
}
330
2
100
AcDbSymbolTableRecord
100
AcDbLayerTableRecord
  2
_MotorCAD134_
 70
     0
 62
     7
  6
Continuous
370
    -3
390
F
347
21
348
0
  0
LAYER
  5
183
102
{ACAD_XDICTIONARY
360
9C8
102
}
330
2
100
AcDbSymbolTableRecord
100
AcDbLayerTableRecord
  2
_MotorCAD135_
 70
     0
 62
     7
  6
Continuous
370
    -3
390
F
347
21
348
0
  0
LAYER
  5
185
102
{ACAD_XDICTIONARY
360
9CA
102
}
330
2
100
AcDbSymbolTableRecord
100
AcDbLayerTableRecord
  2
_MotorCAD136_
 70
     0
 62
     7
  6
Continuous
370
    -3
390
F
347
21
348
0
  0
LAYER
  5
187
102
{ACAD_XDICTIONARY
360
9CC
102
}
330
2
100
AcDbSymbolTableRecord
100
AcDbLayerTableRecord
  2
_MotorCAD137_
 70
     0
 62
     7
  6
Continuous
370
    -3
390
F
347
21
348
0
  0
LAYER
  5
189
102
{ACAD_XDICTIONARY
360
9CE
102
}
330
2
100
AcDbSymbolTableRecord
100
AcDbLayerTableRecord
  2
_MotorCAD138_
 70
     0
 62
     7
  6
Continuous
370
    -3
390
F
347
21
348
0
  0
LAYER
  5
18B
102
{ACAD_XDICTIONARY
360
9D0
102
}
330
2
100
AcDbSymbolTableRecord
100
AcDbLayerTableRecord
  2
_MotorCAD139_
 70
     0
 62
     7
  6
Continuous
370
    -3
390
F
347
21
348
0
  0
LAYER
  5
18D
102
{ACAD_XDICTIONARY
360
9D2
102
}
330
2
100
AcDbSymbolTableRecord
100
AcDbLayerTableRecord
  2
_MotorCAD140_
 70
     0
 62
     7
  6
Continuous
370
    -3
390
F
347
21
348
0
  0
LAYER
  5
18F
102
{ACAD_XDICTIONARY
360
9D4
102
}
330
2
100
AcDbSymbolTableRecord
100
AcDbLayerTableRecord
  2
_MotorCAD141_
 70
     0
 62
     7
  6
Continuous
370
    -3
390
F
347
21
348
0
  0
LAYER
  5
191
102
{ACAD_XDICTIONARY
360
9D6
102
}
330
2
100
AcDbSymbolTableRecord
100
AcDbLayerTableRecord
  2
_MotorCAD142_
 70
     0
 62
     7
  6
Continuous
370
    -3
390
F
347
21
348
0
  0
LAYER
  5
193
102
{ACAD_XDICTIONARY
360
9D8
102
}
330
2
100
AcDbSymbolTableRecord
100
AcDbLayerTableRecord
  2
_MotorCAD143_
 70
     0
 62
     7
  6
Continuous
370
    -3
390
F
347
21
348
0
  0
LAYER
  5
195
102
{ACAD_XDICTIONARY
360
9DA
102
}
330
2
100
AcDbSymbolTableRecord
100
AcDbLayerTableRecord
  2
_MotorCAD144_
 70
     0
 62
     7
  6
Continuous
370
    -3
390
F
347
21
348
0
  0
LAYER
  5
197
102
{ACAD_XDICTIONARY
360
9DC
102
}
330
2
100
AcDbSymbolTableRecord
100
AcDbLayerTableRecord
  2
_MotorCAD145_
 70
     0
 62
     7
  6
Continuous
370
    -3
390
F
347
21
348
0
  0
LAYER
  5
199
102
{ACAD_XDICTIONARY
360
9DE
102
}
330
2
100
AcDbSymbolTableRecord
100
AcDbLayerTableRecord
  2
_MotorCAD146_
 70
     0
 62
     7
  6
Continuous
370
    -3
390
F
347
21
348
0
  0
LAYER
  5
19B
102
{ACAD_XDICTIONARY
360
9E0
102
}
330
2
100
AcDbSymbolTableRecord
100
AcDbLayerTableRecord
  2
_MotorCAD147_
 70
     0
 62
     7
  6
Continuous
370
    -3
390
F
347
21
348
0
  0
LAYER
  5
19D
102
{ACAD_XDICTIONARY
360
9E2
102
}
330
2
100
AcDbSymbolTableRecord
100
AcDbLayerTableRecord
  2
_MotorCAD148_
 70
     0
 62
     7
  6
Continuous
370
    -3
390
F
347
21
348
0
  0
LAYER
  5
19F
102
{ACAD_XDICTIONARY
360
9E4
102
}
330
2
100
AcDbSymbolTableRecord
100
AcDbLayerTableRecord
  2
_MotorCAD149_
 70
     0
 62
     7
  6
Continuous
370
    -3
390
F
347
21
348
0
  0
LAYER
  5
1A1
102
{ACAD_XDICTIONARY
360
9E6
102
}
330
2
100
AcDbSymbolTableRecord
100
AcDbLayerTableRecord
  2
_MotorCAD150_
 70
     0
 62
     7
  6
Continuous
370
    -3
390
F
347
21
348
0
  0
LAYER
  5
1A3
102
{ACAD_XDICTIONARY
360
9E8
102
}
330
2
100
AcDbSymbolTableRecord
100
AcDbLayerTableRecord
  2
_MotorCAD151_
 70
     0
 62
     7
  6
Continuous
370
    -3
390
F
347
21
348
0
  0
LAYER
  5
1A5
102
{ACAD_XDICTIONARY
360
9EA
102
}
330
2
100
AcDbSymbolTableRecord
100
AcDbLayerTableRecord
  2
_MotorCAD152_
 70
     0
 62
     7
  6
Continuous
370
    -3
390
F
347
21
348
0
  0
LAYER
  5
1A7
102
{ACAD_XDICTIONARY
360
9EC
102
}
330
2
100
AcDbSymbolTableRecord
100
AcDbLayerTableRecord
  2
_MotorCAD153_
 70
     0
 62
     7
  6
Continuous
370
    -3
390
F
347
21
348
0
  0
LAYER
  5
1A9
102
{ACAD_XDICTIONARY
360
9EE
102
}
330
2
100
AcDbSymbolTableRecord
100
AcDbLayerTableRecord
  2
_MotorCAD154_
 70
     0
 62
     7
  6
Continuous
370
    -3
390
F
347
21
348
0
  0
LAYER
  5
1AB
102
{ACAD_XDICTIONARY
360
9F0
102
}
330
2
100
AcDbSymbolTableRecord
100
AcDbLayerTableRecord
  2
_MotorCAD155_
 70
     0
 62
     7
  6
Continuous
370
    -3
390
F
347
21
348
0
  0
LAYER
  5
1AD
102
{ACAD_XDICTIONARY
360
9F2
102
}
330
2
100
AcDbSymbolTableRecord
100
AcDbLayerTableRecord
  2
_MotorCAD156_
 70
     0
 62
     7
  6
Continuous
370
    -3
390
F
347
21
348
0
  0
LAYER
  5
1AF
102
{ACAD_XDICTIONARY
360
9F4
102
}
330
2
100
AcDbSymbolTableRecord
100
AcDbLayerTableRecord
  2
_MotorCAD157_
 70
     0
 62
     7
  6
Continuous
370
    -3
390
F
347
21
348
0
  0
LAYER
  5
1B1
102
{ACAD_XDICTIONARY
360
9F6
102
}
330
2
100
AcDbSymbolTableRecord
100
AcDbLayerTableRecord
  2
_MotorCAD158_
 70
     0
 62
     7
  6
Continuous
370
    -3
390
F
347
21
348
0
  0
LAYER
  5
1B3
102
{ACAD_XDICTIONARY
360
9F8
102
}
330
2
100
AcDbSymbolTableRecord
100
AcDbLayerTableRecord
  2
_MotorCAD159_
 70
     0
 62
     7
  6
Continuous
370
    -3
390
F
347
21
348
0
  0
LAYER
  5
1B5
102
{ACAD_XDICTIONARY
360
9FA
102
}
330
2
100
AcDbSymbolTableRecord
100
AcDbLayerTableRecord
  2
_MotorCAD160_
 70
     0
 62
     7
  6
Continuous
370
    -3
390
F
347
21
348
0
  0
LAYER
  5
1B7
102
{ACAD_XDICTIONARY
360
9FC
102
}
330
2
100
AcDbSymbolTableRecord
100
AcDbLayerTableRecord
  2
_MotorCAD161_
 70
     0
 62
     7
  6
Continuous
370
    -3
390
F
347
21
348
0
  0
LAYER
  5
1B9
102
{ACAD_XDICTIONARY
360
9FE
102
}
330
2
100
AcDbSymbolTableRecord
100
AcDbLayerTableRecord
  2
_MotorCAD162_
 70
     0
 62
     7
  6
Continuous
370
    -3
390
F
347
21
348
0
  0
LAYER
  5
1BB
102
{ACAD_XDICTIONARY
360
A00
102
}
330
2
100
AcDbSymbolTableRecord
100
AcDbLayerTableRecord
  2
_MotorCAD163_
 70
     0
 62
     7
  6
Continuous
370
    -3
390
F
347
21
348
0
  0
LAYER
  5
1BD
102
{ACAD_XDICTIONARY
360
A02
102
}
330
2
100
AcDbSymbolTableRecord
100
AcDbLayerTableRecord
  2
_MotorCAD164_
 70
     0
 62
     7
  6
Continuous
370
    -3
390
F
347
21
348
0
  0
LAYER
  5
1BF
102
{ACAD_XDICTIONARY
360
A04
102
}
330
2
100
AcDbSymbolTableRecord
100
AcDbLayerTableRecord
  2
_MotorCAD165_
 70
     0
 62
     7
  6
Continuous
370
    -3
390
F
347
21
348
0
  0
LAYER
  5
1C1
102
{ACAD_XDICTIONARY
360
A06
102
}
330
2
100
AcDbSymbolTableRecord
100
AcDbLayerTableRecord
  2
_MotorCAD166_
 70
     0
 62
     7
  6
Continuous
370
    -3
390
F
347
21
348
0
  0
LAYER
  5
1C3
102
{ACAD_XDICTIONARY
360
A08
102
}
330
2
100
AcDbSymbolTableRecord
100
AcDbLayerTableRecord
  2
_MotorCAD167_
 70
     0
 62
     7
  6
Continuous
370
    -3
390
F
347
21
348
0
  0
LAYER
  5
1C5
102
{ACAD_XDICTIONARY
360
A0A
102
}
330
2
100
AcDbSymbolTableRecord
100
AcDbLayerTableRecord
  2
_MotorCAD168_
 70
     0
 62
     7
  6
Continuous
370
    -3
390
F
347
21
348
0
  0
LAYER
  5
1C7
102
{ACAD_XDICTIONARY
360
A0C
102
}
330
2
100
AcDbSymbolTableRecord
100
AcDbLayerTableRecord
  2
_MotorCAD169_
 70
     0
 62
     7
  6
Continuous
370
    -3
390
F
347
21
348
0
  0
LAYER
  5
1C9
102
{ACAD_XDICTIONARY
360
A0E
102
}
330
2
100
AcDbSymbolTableRecord
100
AcDbLayerTableRecord
  2
_MotorCAD170_
 70
     0
 62
     7
  6
Continuous
370
    -3
390
F
347
21
348
0
  0
LAYER
  5
1CB
102
{ACAD_XDICTIONARY
360
A10
102
}
330
2
100
AcDbSymbolTableRecord
100
AcDbLayerTableRecord
  2
_MotorCAD171_
 70
     0
 62
     7
  6
Continuous
370
    -3
390
F
347
21
348
0
  0
LAYER
  5
1CD
102
{ACAD_XDICTIONARY
360
A12
102
}
330
2
100
AcDbSymbolTableRecord
100
AcDbLayerTableRecord
  2
_MotorCAD172_
 70
     0
 62
     7
  6
Continuous
370
    -3
390
F
347
21
348
0
  0
LAYER
  5
1CF
102
{ACAD_XDICTIONARY
360
A14
102
}
330
2
100
AcDbSymbolTableRecord
100
AcDbLayerTableRecord
  2
_MotorCAD173_
 70
     0
 62
     7
  6
Continuous
370
    -3
390
F
347
21
348
0
  0
LAYER
  5
1D1
102
{ACAD_XDICTIONARY
360
A16
102
}
330
2
100
AcDbSymbolTableRecord
100
AcDbLayerTableRecord
  2
_MotorCAD174_
 70
     0
 62
     7
  6
Continuous
370
    -3
390
F
347
21
348
0
  0
LAYER
  5
1D3
102
{ACAD_XDICTIONARY
360
A18
102
}
330
2
100
AcDbSymbolTableRecord
100
AcDbLayerTableRecord
  2
_MotorCAD175_
 70
     0
 62
     7
  6
Continuous
370
    -3
390
F
347
21
348
0
  0
LAYER
  5
1D5
102
{ACAD_XDICTIONARY
360
A1A
102
}
330
2
100
AcDbSymbolTableRecord
100
AcDbLayerTableRecord
  2
_MotorCAD176_
 70
     0
 62
     7
  6
Continuous
370
    -3
390
F
347
21
348
0
  0
LAYER
  5
1D7
102
{ACAD_XDICTIONARY
360
A1C
102
}
330
2
100
AcDbSymbolTableRecord
100
AcDbLayerTableRecord
  2
_MotorCAD177_
 70
     0
 62
     7
  6
Continuous
370
    -3
390
F
347
21
348
0
  0
LAYER
  5
1D9
102
{ACAD_XDICTIONARY
360
A1E
102
}
330
2
100
AcDbSymbolTableRecord
100
AcDbLayerTableRecord
  2
_MotorCAD178_
 70
     0
 62
     7
  6
Continuous
370
    -3
390
F
347
21
348
0
  0
LAYER
  5
1DB
102
{ACAD_XDICTIONARY
360
A20
102
}
330
2
100
AcDbSymbolTableRecord
100
AcDbLayerTableRecord
  2
_MotorCAD179_
 70
     0
 62
     7
  6
Continuous
370
    -3
390
F
347
21
348
0
  0
LAYER
  5
1DD
102
{ACAD_XDICTIONARY
360
A22
102
}
330
2
100
AcDbSymbolTableRecord
100
AcDbLayerTableRecord
  2
_MotorCAD180_
 70
     0
 62
     7
  6
Continuous
370
    -3
390
F
347
21
348
0
  0
LAYER
  5
1DF
102
{ACAD_XDICTIONARY
360
A24
102
}
330
2
100
AcDbSymbolTableRecord
100
AcDbLayerTableRecord
  2
_MotorCAD181_
 70
     0
 62
     7
  6
Continuous
370
    -3
390
F
347
21
348
0
  0
LAYER
  5
1E1
102
{ACAD_XDICTIONARY
360
A26
102
}
330
2
100
AcDbSymbolTableRecord
100
AcDbLayerTableRecord
  2
_MotorCAD182_
 70
     0
 62
     7
  6
Continuous
370
    -3
390
F
347
21
348
0
  0
LAYER
  5
1E3
102
{ACAD_XDICTIONARY
360
A28
102
}
330
2
100
AcDbSymbolTableRecord
100
AcDbLayerTableRecord
  2
_MotorCAD183_
 70
     0
 62
     7
  6
Continuous
370
    -3
390
F
347
21
348
0
  0
LAYER
  5
1E5
102
{ACAD_XDICTIONARY
360
A2A
102
}
330
2
100
AcDbSymbolTableRecord
100
AcDbLayerTableRecord
  2
_MotorCAD184_
 70
     0
 62
     7
  6
Continuous
370
    -3
390
F
347
21
348
0
  0
LAYER
  5
1E7
102
{ACAD_XDICTIONARY
360
A2C
102
}
330
2
100
AcDbSymbolTableRecord
100
AcDbLayerTableRecord
  2
_MotorCAD185_
 70
     0
 62
     7
  6
Continuous
370
    -3
390
F
347
21
348
0
  0
LAYER
  5
1E9
102
{ACAD_XDICTIONARY
360
A2E
102
}
330
2
100
AcDbSymbolTableRecord
100
AcDbLayerTableRecord
  2
_MotorCAD186_
 70
     0
 62
     7
  6
Continuous
370
    -3
390
F
347
21
348
0
  0
LAYER
  5
1EB
102
{ACAD_XDICTIONARY
360
A30
102
}
330
2
100
AcDbSymbolTableRecord
100
AcDbLayerTableRecord
  2
_MotorCAD187_
 70
     0
 62
     7
  6
Continuous
370
    -3
390
F
347
21
348
0
  0
LAYER
  5
1ED
102
{ACAD_XDICTIONARY
360
A32
102
}
330
2
100
AcDbSymbolTableRecord
100
AcDbLayerTableRecord
  2
_MotorCAD188_
 70
     0
 62
     7
  6
Continuous
370
    -3
390
F
347
21
348
0
  0
LAYER
  5
1EF
102
{ACAD_XDICTIONARY
360
A34
102
}
330
2
100
AcDbSymbolTableRecord
100
AcDbLayerTableRecord
  2
_MotorCAD189_
 70
     0
 62
     7
  6
Continuous
370
    -3
390
F
347
21
348
0
  0
LAYER
  5
1F1
102
{ACAD_XDICTIONARY
360
A36
102
}
330
2
100
AcDbSymbolTableRecord
100
AcDbLayerTableRecord
  2
_MotorCAD190_
 70
     0
 62
     7
  6
Continuous
370
    -3
390
F
347
21
348
0
  0
LAYER
  5
1F3
102
{ACAD_XDICTIONARY
360
A38
102
}
330
2
100
AcDbSymbolTableRecord
100
AcDbLayerTableRecord
  2
_MotorCAD191_
 70
     0
 62
     7
  6
Continuous
370
    -3
390
F
347
21
348
0
  0
LAYER
  5
1F5
102
{ACAD_XDICTIONARY
360
A3A
102
}
330
2
100
AcDbSymbolTableRecord
100
AcDbLayerTableRecord
  2
_MotorCAD192_
 70
     0
 62
     7
  6
Continuous
370
    -3
390
F
347
21
348
0
  0
LAYER
  5
1F7
102
{ACAD_XDICTIONARY
360
A3C
102
}
330
2
100
AcDbSymbolTableRecord
100
AcDbLayerTableRecord
  2
_MotorCAD193_
 70
     0
 62
     7
  6
Continuous
370
    -3
390
F
347
21
348
0
  0
LAYER
  5
1F9
102
{ACAD_XDICTIONARY
360
A3E
102
}
330
2
100
AcDbSymbolTableRecord
100
AcDbLayerTableRecord
  2
_MotorCAD194_
 70
     0
 62
     7
  6
Continuous
370
    -3
390
F
347
21
348
0
  0
LAYER
  5
1FB
102
{ACAD_XDICTIONARY
360
A40
102
}
330
2
100
AcDbSymbolTableRecord
100
AcDbLayerTableRecord
  2
_MotorCAD195_
 70
     0
 62
     7
  6
Continuous
370
    -3
390
F
347
21
348
0
  0
LAYER
  5
1FD
102
{ACAD_XDICTIONARY
360
A42
102
}
330
2
100
AcDbSymbolTableRecord
100
AcDbLayerTableRecord
  2
_MotorCAD196_
 70
     0
 62
     7
  6
Continuous
370
    -3
390
F
347
21
348
0
  0
LAYER
  5
1FF
102
{ACAD_XDICTIONARY
360
A44
102
}
330
2
100
AcDbSymbolTableRecord
100
AcDbLayerTableRecord
  2
_MotorCAD197_
 70
     0
 62
     7
  6
Continuous
370
    -3
390
F
347
21
348
0
  0
LAYER
  5
201
102
{ACAD_XDICTIONARY
360
A46
102
}
330
2
100
AcDbSymbolTableRecord
100
AcDbLayerTableRecord
  2
_MotorCAD198_
 70
     0
 62
     7
  6
Continuous
370
    -3
390
F
347
21
348
0
  0
LAYER
  5
203
102
{ACAD_XDICTIONARY
360
A48
102
}
330
2
100
AcDbSymbolTableRecord
100
AcDbLayerTableRecord
  2
_MotorCAD199_
 70
     0
 62
     7
  6
Continuous
370
    -3
390
F
347
21
348
0
  0
LAYER
  5
205
102
{ACAD_XDICTIONARY
360
A4A
102
}
330
2
100
AcDbSymbolTableRecord
100
AcDbLayerTableRecord
  2
_MotorCAD200_
 70
     0
 62
     7
  6
Continuous
370
    -3
390
F
347
21
348
0
  0
LAYER
  5
207
102
{ACAD_XDICTIONARY
360
A4C
102
}
330
2
100
AcDbSymbolTableRecord
100
AcDbLayerTableRecord
  2
_MotorCAD201_
 70
     0
 62
     7
  6
Continuous
370
    -3
390
F
347
21
348
0
  0
LAYER
  5
209
102
{ACAD_XDICTIONARY
360
A4E
102
}
330
2
100
AcDbSymbolTableRecord
100
AcDbLayerTableRecord
  2
_MotorCAD202_
 70
     0
 62
     7
  6
Continuous
370
    -3
390
F
347
21
348
0
  0
LAYER
  5
20B
102
{ACAD_XDICTIONARY
360
A50
102
}
330
2
100
AcDbSymbolTableRecord
100
AcDbLayerTableRecord
  2
_MotorCAD203_
 70
     0
 62
     7
  6
Continuous
370
    -3
390
F
347
21
348
0
  0
LAYER
  5
20D
102
{ACAD_XDICTIONARY
360
A52
102
}
330
2
100
AcDbSymbolTableRecord
100
AcDbLayerTableRecord
  2
_MotorCAD204_
 70
     0
 62
     7
  6
Continuous
370
    -3
390
F
347
21
348
0
  0
LAYER
  5
20F
102
{ACAD_XDICTIONARY
360
A54
102
}
330
2
100
AcDbSymbolTableRecord
100
AcDbLayerTableRecord
  2
_MotorCAD205_
 70
     0
 62
     7
  6
Continuous
370
    -3
390
F
347
21
348
0
  0
LAYER
  5
211
102
{ACAD_XDICTIONARY
360
A56
102
}
330
2
100
AcDbSymbolTableRecord
100
AcDbLayerTableRecord
  2
_MotorCAD206_
 70
     0
 62
     7
  6
Continuous
370
    -3
390
F
347
21
348
0
  0
LAYER
  5
213
102
{ACAD_XDICTIONARY
360
A58
102
}
330
2
100
AcDbSymbolTableRecord
100
AcDbLayerTableRecord
  2
_MotorCAD207_
 70
     0
 62
     7
  6
Continuous
370
    -3
390
F
347
21
348
0
  0
LAYER
  5
215
102
{ACAD_XDICTIONARY
360
A5A
102
}
330
2
100
AcDbSymbolTableRecord
100
AcDbLayerTableRecord
  2
_MotorCAD208_
 70
     0
 62
     7
  6
Continuous
370
    -3
390
F
347
21
348
0
  0
LAYER
  5
217
102
{ACAD_XDICTIONARY
360
A5C
102
}
330
2
100
AcDbSymbolTableRecord
100
AcDbLayerTableRecord
  2
_MotorCAD209_
 70
     0
 62
     7
  6
Continuous
370
    -3
390
F
347
21
348
0
  0
LAYER
  5
219
102
{ACAD_XDICTIONARY
360
A5E
102
}
330
2
100
AcDbSymbolTableRecord
100
AcDbLayerTableRecord
  2
_MotorCAD210_
 70
     0
 62
     7
  6
Continuous
370
    -3
390
F
347
21
348
0
  0
LAYER
  5
21B
102
{ACAD_XDICTIONARY
360
A60
102
}
330
2
100
AcDbSymbolTableRecord
100
AcDbLayerTableRecord
  2
_MotorCAD211_
 70
     0
 62
     7
  6
Continuous
370
    -3
390
F
347
21
348
0
  0
LAYER
  5
21D
102
{ACAD_XDICTIONARY
360
A62
102
}
330
2
100
AcDbSymbolTableRecord
100
AcDbLayerTableRecord
  2
_MotorCAD212_
 70
     0
 62
     7
  6
Continuous
370
    -3
390
F
347
21
348
0
  0
LAYER
  5
21F
102
{ACAD_XDICTIONARY
360
A64
102
}
330
2
100
AcDbSymbolTableRecord
100
AcDbLayerTableRecord
  2
_MotorCAD213_
 70
     0
 62
     7
  6
Continuous
370
    -3
390
F
347
21
348
0
  0
LAYER
  5
221
102
{ACAD_XDICTIONARY
360
A66
102
}
330
2
100
AcDbSymbolTableRecord
100
AcDbLayerTableRecord
  2
_MotorCAD214_
 70
     0
 62
     7
  6
Continuous
370
    -3
390
F
347
21
348
0
  0
LAYER
  5
223
102
{ACAD_XDICTIONARY
360
A68
102
}
330
2
100
AcDbSymbolTableRecord
100
AcDbLayerTableRecord
  2
_MotorCAD215_
 70
     0
 62
     7
  6
Continuous
370
    -3
390
F
347
21
348
0
  0
LAYER
  5
225
102
{ACAD_XDICTIONARY
360
A6A
102
}
330
2
100
AcDbSymbolTableRecord
100
AcDbLayerTableRecord
  2
_MotorCAD216_
 70
     0
 62
     7
  6
Continuous
370
    -3
390
F
347
21
348
0
  0
LAYER
  5
227
102
{ACAD_XDICTIONARY
360
A6C
102
}
330
2
100
AcDbSymbolTableRecord
100
AcDbLayerTableRecord
  2
_MotorCAD217_
 70
     0
 62
     7
  6
Continuous
370
    -3
390
F
347
21
348
0
  0
LAYER
  5
229
102
{ACAD_XDICTIONARY
360
A6E
102
}
330
2
100
AcDbSymbolTableRecord
100
AcDbLayerTableRecord
  2
_MotorCAD218_
 70
     0
 62
     7
  6
Continuous
370
    -3
390
F
347
21
348
0
  0
LAYER
  5
22B
102
{ACAD_XDICTIONARY
360
A70
102
}
330
2
100
AcDbSymbolTableRecord
100
AcDbLayerTableRecord
  2
_MotorCAD219_
 70
     0
 62
     7
  6
Continuous
370
    -3
390
F
347
21
348
0
  0
LAYER
  5
22D
102
{ACAD_XDICTIONARY
360
A72
102
}
330
2
100
AcDbSymbolTableRecord
100
AcDbLayerTableRecord
  2
_MotorCAD220_
 70
     0
 62
     7
  6
Continuous
370
    -3
390
F
347
21
348
0
  0
LAYER
  5
22F
102
{ACAD_XDICTIONARY
360
A74
102
}
330
2
100
AcDbSymbolTableRecord
100
AcDbLayerTableRecord
  2
_MotorCAD221_
 70
     0
 62
     7
  6
Continuous
370
    -3
390
F
347
21
348
0
  0
LAYER
  5
231
102
{ACAD_XDICTIONARY
360
A76
102
}
330
2
100
AcDbSymbolTableRecord
100
AcDbLayerTableRecord
  2
_MotorCAD222_
 70
     0
 62
     7
  6
Continuous
370
    -3
390
F
347
21
348
0
  0
LAYER
  5
233
102
{ACAD_XDICTIONARY
360
A78
102
}
330
2
100
AcDbSymbolTableRecord
100
AcDbLayerTableRecord
  2
_MotorCAD223_
 70
     0
 62
     7
  6
Continuous
370
    -3
390
F
347
21
348
0
  0
LAYER
  5
235
102
{ACAD_XDICTIONARY
360
A7A
102
}
330
2
100
AcDbSymbolTableRecord
100
AcDbLayerTableRecord
  2
_MotorCAD224_
 70
     0
 62
     7
  6
Continuous
370
    -3
390
F
347
21
348
0
  0
LAYER
  5
237
102
{ACAD_XDICTIONARY
360
A7C
102
}
330
2
100
AcDbSymbolTableRecord
100
AcDbLayerTableRecord
  2
_MotorCAD225_
 70
     0
 62
     7
  6
Continuous
370
    -3
390
F
347
21
348
0
  0
LAYER
  5
239
102
{ACAD_XDICTIONARY
360
A7E
102
}
330
2
100
AcDbSymbolTableRecord
100
AcDbLayerTableRecord
  2
_MotorCAD226_
 70
     0
 62
     7
  6
Continuous
370
    -3
390
F
347
21
348
0
  0
LAYER
  5
23B
102
{ACAD_XDICTIONARY
360
A80
102
}
330
2
100
AcDbSymbolTableRecord
100
AcDbLayerTableRecord
  2
_MotorCAD227_
 70
     0
 62
     7
  6
Continuous
370
    -3
390
F
347
21
348
0
  0
LAYER
  5
23D
102
{ACAD_XDICTIONARY
360
A82
102
}
330
2
100
AcDbSymbolTableRecord
100
AcDbLayerTableRecord
  2
_MotorCAD228_
 70
     0
 62
     7
  6
Continuous
370
    -3
390
F
347
21
348
0
  0
LAYER
  5
23F
102
{ACAD_XDICTIONARY
360
A84
102
}
330
2
100
AcDbSymbolTableRecord
100
AcDbLayerTableRecord
  2
_MotorCAD229_
 70
     0
 62
     7
  6
Continuous
370
    -3
390
F
347
21
348
0
  0
LAYER
  5
241
102
{ACAD_XDICTIONARY
360
A86
102
}
330
2
100
AcDbSymbolTableRecord
100
AcDbLayerTableRecord
  2
_MotorCAD230_
 70
     0
 62
     7
  6
Continuous
370
    -3
390
F
347
21
348
0
  0
LAYER
  5
243
102
{ACAD_XDICTIONARY
360
A88
102
}
330
2
100
AcDbSymbolTableRecord
100
AcDbLayerTableRecord
  2
_MotorCAD231_
 70
     0
 62
     7
  6
Continuous
370
    -3
390
F
347
21
348
0
  0
LAYER
  5
245
102
{ACAD_XDICTIONARY
360
A8A
102
}
330
2
100
AcDbSymbolTableRecord
100
AcDbLayerTableRecord
  2
_MotorCAD232_
 70
     0
 62
     7
  6
Continuous
370
    -3
390
F
347
21
348
0
  0
LAYER
  5
247
102
{ACAD_XDICTIONARY
360
A8C
102
}
330
2
100
AcDbSymbolTableRecord
100
AcDbLayerTableRecord
  2
_MotorCAD233_
 70
     0
 62
     7
  6
Continuous
370
    -3
390
F
347
21
348
0
  0
LAYER
  5
249
102
{ACAD_XDICTIONARY
360
A8E
102
}
330
2
100
AcDbSymbolTableRecord
100
AcDbLayerTableRecord
  2
_MotorCAD234_
 70
     0
 62
     7
  6
Continuous
370
    -3
390
F
347
21
348
0
  0
LAYER
  5
24B
102
{ACAD_XDICTIONARY
360
A90
102
}
330
2
100
AcDbSymbolTableRecord
100
AcDbLayerTableRecord
  2
_MotorCAD235_
 70
     0
 62
     7
  6
Continuous
370
    -3
390
F
347
21
348
0
  0
LAYER
  5
24D
102
{ACAD_XDICTIONARY
360
A92
102
}
330
2
100
AcDbSymbolTableRecord
100
AcDbLayerTableRecord
  2
_MotorCAD236_
 70
     0
 62
     7
  6
Continuous
370
    -3
390
F
347
21
348
0
  0
LAYER
  5
24F
102
{ACAD_XDICTIONARY
360
A94
102
}
330
2
100
AcDbSymbolTableRecord
100
AcDbLayerTableRecord
  2
_MotorCAD237_
 70
     0
 62
     7
  6
Continuous
370
    -3
390
F
347
21
348
0
  0
LAYER
  5
251
102
{ACAD_XDICTIONARY
360
A96
102
}
330
2
100
AcDbSymbolTableRecord
100
AcDbLayerTableRecord
  2
_MotorCAD238_
 70
     0
 62
     7
  6
Continuous
370
    -3
390
F
347
21
348
0
  0
LAYER
  5
253
102
{ACAD_XDICTIONARY
360
A98
102
}
330
2
100
AcDbSymbolTableRecord
100
AcDbLayerTableRecord
  2
_MotorCAD239_
 70
     0
 62
     7
  6
Continuous
370
    -3
390
F
347
21
348
0
  0
LAYER
  5
255
102
{ACAD_XDICTIONARY
360
A9A
102
}
330
2
100
AcDbSymbolTableRecord
100
AcDbLayerTableRecord
  2
_MotorCAD240_
 70
     0
 62
     7
  6
Continuous
370
    -3
390
F
347
21
348
0
  0
LAYER
  5
257
102
{ACAD_XDICTIONARY
360
A9C
102
}
330
2
100
AcDbSymbolTableRecord
100
AcDbLayerTableRecord
  2
_MotorCAD241_
 70
     0
 62
     7
  6
Continuous
370
    -3
390
F
347
21
348
0
  0
LAYER
  5
259
102
{ACAD_XDICTIONARY
360
A9E
102
}
330
2
100
AcDbSymbolTableRecord
100
AcDbLayerTableRecord
  2
_MotorCAD242_
 70
     0
 62
     7
  6
Continuous
370
    -3
390
F
347
21
348
0
  0
LAYER
  5
25B
102
{ACAD_XDICTIONARY
360
AA0
102
}
330
2
100
AcDbSymbolTableRecord
100
AcDbLayerTableRecord
  2
_MotorCAD243_
 70
     0
 62
     7
  6
Continuous
370
    -3
390
F
347
21
348
0
  0
LAYER
  5
25D
102
{ACAD_XDICTIONARY
360
AA2
102
}
330
2
100
AcDbSymbolTableRecord
100
AcDbLayerTableRecord
  2
_MotorCAD244_
 70
     0
 62
     7
  6
Continuous
370
    -3
390
F
347
21
348
0
  0
LAYER
  5
25F
102
{ACAD_XDICTIONARY
360
AA4
102
}
330
2
100
AcDbSymbolTableRecord
100
AcDbLayerTableRecord
  2
_MotorCAD245_
 70
     0
 62
     7
  6
Continuous
370
    -3
390
F
347
21
348
0
  0
LAYER
  5
261
102
{ACAD_XDICTIONARY
360
AA6
102
}
330
2
100
AcDbSymbolTableRecord
100
AcDbLayerTableRecord
  2
_MotorCAD246_
 70
     0
 62
     7
  6
Continuous
370
    -3
390
F
347
21
348
0
  0
LAYER
  5
263
102
{ACAD_XDICTIONARY
360
AA8
102
}
330
2
100
AcDbSymbolTableRecord
100
AcDbLayerTableRecord
  2
_MotorCAD247_
 70
     0
 62
     7
  6
Continuous
370
    -3
390
F
347
21
348
0
  0
LAYER
  5
265
102
{ACAD_XDICTIONARY
360
AAA
102
}
330
2
100
AcDbSymbolTableRecord
100
AcDbLayerTableRecord
  2
_MotorCAD248_
 70
     0
 62
     7
  6
Continuous
370
    -3
390
F
347
21
348
0
  0
LAYER
  5
267
102
{ACAD_XDICTIONARY
360
AAC
102
}
330
2
100
AcDbSymbolTableRecord
100
AcDbLayerTableRecord
  2
_MotorCAD249_
 70
     0
 62
     7
  6
Continuous
370
    -3
390
F
347
21
348
0
  0
LAYER
  5
269
102
{ACAD_XDICTIONARY
360
AAE
102
}
330
2
100
AcDbSymbolTableRecord
100
AcDbLayerTableRecord
  2
_MotorCAD250_
 70
     0
 62
     7
  6
Continuous
370
    -3
390
F
347
21
348
0
  0
LAYER
  5
26B
102
{ACAD_XDICTIONARY
360
AB0
102
}
330
2
100
AcDbSymbolTableRecord
100
AcDbLayerTableRecord
  2
_MotorCAD251_
 70
     0
 62
     7
  6
Continuous
370
    -3
390
F
347
21
348
0
  0
LAYER
  5
26D
102
{ACAD_XDICTIONARY
360
AB2
102
}
330
2
100
AcDbSymbolTableRecord
100
AcDbLayerTableRecord
  2
_MotorCAD252_
 70
     0
 62
     7
  6
Continuous
370
    -3
390
F
347
21
348
0
  0
LAYER
  5
26F
102
{ACAD_XDICTIONARY
360
AB4
102
}
330
2
100
AcDbSymbolTableRecord
100
AcDbLayerTableRecord
  2
_MotorCAD253_
 70
     0
 62
     7
  6
Continuous
370
    -3
390
F
347
21
348
0
  0
LAYER
  5
271
102
{ACAD_XDICTIONARY
360
AB6
102
}
330
2
100
AcDbSymbolTableRecord
100
AcDbLayerTableRecord
  2
_MotorCAD254_
 70
     0
 62
     7
  6
Continuous
370
    -3
390
F
347
21
348
0
  0
LAYER
  5
273
102
{ACAD_XDICTIONARY
360
AB8
102
}
330
2
100
AcDbSymbolTableRecord
100
AcDbLayerTableRecord
  2
_MotorCAD255_
 70
     0
 62
     7
  6
Continuous
370
    -3
390
F
347
21
348
0
  0
LAYER
  5
275
102
{ACAD_XDICTIONARY
360
ABA
102
}
330
2
100
AcDbSymbolTableRecord
100
AcDbLayerTableRecord
  2
_MotorCAD256_
 70
     0
 62
     7
  6
Continuous
370
    -3
390
F
347
21
348
0
  0
LAYER
  5
277
102
{ACAD_XDICTIONARY
360
ABC
102
}
330
2
100
AcDbSymbolTableRecord
100
AcDbLayerTableRecord
  2
_MotorCAD257_
 70
     0
 62
     7
  6
Continuous
370
    -3
390
F
347
21
348
0
  0
LAYER
  5
279
102
{ACAD_XDICTIONARY
360
ABE
102
}
330
2
100
AcDbSymbolTableRecord
100
AcDbLayerTableRecord
  2
_MotorCAD258_
 70
     0
 62
     7
  6
Continuous
370
    -3
390
F
347
21
348
0
  0
LAYER
  5
27B
102
{ACAD_XDICTIONARY
360
AC0
102
}
330
2
100
AcDbSymbolTableRecord
100
AcDbLayerTableRecord
  2
_MotorCAD259_
 70
     0
 62
     7
  6
Continuous
370
    -3
390
F
347
21
348
0
  0
LAYER
  5
27D
102
{ACAD_XDICTIONARY
360
AC2
102
}
330
2
100
AcDbSymbolTableRecord
100
AcDbLayerTableRecord
  2
_MotorCAD260_
 70
     0
 62
     7
  6
Continuous
370
    -3
390
F
347
21
348
0
  0
LAYER
  5
27F
102
{ACAD_XDICTIONARY
360
AC4
102
}
330
2
100
AcDbSymbolTableRecord
100
AcDbLayerTableRecord
  2
_MotorCAD261_
 70
     0
 62
     7
  6
Continuous
370
    -3
390
F
347
21
348
0
  0
LAYER
  5
281
102
{ACAD_XDICTIONARY
360
AC6
102
}
330
2
100
AcDbSymbolTableRecord
100
AcDbLayerTableRecord
  2
_MotorCAD262_
 70
     0
 62
     7
  6
Continuous
370
    -3
390
F
347
21
348
0
  0
LAYER
  5
283
102
{ACAD_XDICTIONARY
360
AC8
102
}
330
2
100
AcDbSymbolTableRecord
100
AcDbLayerTableRecord
  2
_MotorCAD263_
 70
     0
 62
     7
  6
Continuous
370
    -3
390
F
347
21
348
0
  0
LAYER
  5
285
102
{ACAD_XDICTIONARY
360
ACA
102
}
330
2
100
AcDbSymbolTableRecord
100
AcDbLayerTableRecord
  2
_MotorCAD264_
 70
     0
 62
     7
  6
Continuous
370
    -3
390
F
347
21
348
0
  0
LAYER
  5
287
102
{ACAD_XDICTIONARY
360
ACC
102
}
330
2
100
AcDbSymbolTableRecord
100
AcDbLayerTableRecord
  2
_MotorCAD265_
 70
     0
 62
     7
  6
Continuous
370
    -3
390
F
347
21
348
0
  0
LAYER
  5
289
102
{ACAD_XDICTIONARY
360
ACE
102
}
330
2
100
AcDbSymbolTableRecord
100
AcDbLayerTableRecord
  2
_MotorCAD266_
 70
     0
 62
     7
  6
Continuous
370
    -3
390
F
347
21
348
0
  0
LAYER
  5
28B
102
{ACAD_XDICTIONARY
360
AD0
102
}
330
2
100
AcDbSymbolTableRecord
100
AcDbLayerTableRecord
  2
_MotorCAD267_
 70
     0
 62
     7
  6
Continuous
370
    -3
390
F
347
21
348
0
  0
LAYER
  5
28D
102
{ACAD_XDICTIONARY
360
AD2
102
}
330
2
100
AcDbSymbolTableRecord
100
AcDbLayerTableRecord
  2
_MotorCAD268_
 70
     0
 62
     7
  6
Continuous
370
    -3
390
F
347
21
348
0
  0
LAYER
  5
28F
102
{ACAD_XDICTIONARY
360
AD4
102
}
330
2
100
AcDbSymbolTableRecord
100
AcDbLayerTableRecord
  2
_MotorCAD269_
 70
     0
 62
     7
  6
Continuous
370
    -3
390
F
347
21
348
0
  0
LAYER
  5
291
102
{ACAD_XDICTIONARY
360
AD6
102
}
330
2
100
AcDbSymbolTableRecord
100
AcDbLayerTableRecord
  2
_MotorCAD270_
 70
     0
 62
     7
  6
Continuous
370
    -3
390
F
347
21
348
0
  0
LAYER
  5
293
102
{ACAD_XDICTIONARY
360
AD8
102
}
330
2
100
AcDbSymbolTableRecord
100
AcDbLayerTableRecord
  2
_MotorCAD271_
 70
     0
 62
     7
  6
Continuous
370
    -3
390
F
347
21
348
0
  0
LAYER
  5
295
102
{ACAD_XDICTIONARY
360
ADA
102
}
330
2
100
AcDbSymbolTableRecord
100
AcDbLayerTableRecord
  2
_MotorCAD272_
 70
     0
 62
     7
  6
Continuous
370
    -3
390
F
347
21
348
0
  0
LAYER
  5
297
102
{ACAD_XDICTIONARY
360
ADC
102
}
330
2
100
AcDbSymbolTableRecord
100
AcDbLayerTableRecord
  2
_MotorCAD273_
 70
     0
 62
     7
  6
Continuous
370
    -3
390
F
347
21
348
0
  0
LAYER
  5
299
102
{ACAD_XDICTIONARY
360
ADE
102
}
330
2
100
AcDbSymbolTableRecord
100
AcDbLayerTableRecord
  2
_MotorCAD274_
 70
     0
 62
     7
  6
Continuous
370
    -3
390
F
347
21
348
0
  0
LAYER
  5
29B
102
{ACAD_XDICTIONARY
360
AE0
102
}
330
2
100
AcDbSymbolTableRecord
100
AcDbLayerTableRecord
  2
_MotorCAD275_
 70
     0
 62
     7
  6
Continuous
370
    -3
390
F
347
21
348
0
  0
LAYER
  5
29D
102
{ACAD_XDICTIONARY
360
AE2
102
}
330
2
100
AcDbSymbolTableRecord
100
AcDbLayerTableRecord
  2
_MotorCAD276_
 70
     0
 62
     7
  6
Continuous
370
    -3
390
F
347
21
348
0
  0
LAYER
  5
29F
102
{ACAD_XDICTIONARY
360
AE4
102
}
330
2
100
AcDbSymbolTableRecord
100
AcDbLayerTableRecord
  2
_MotorCAD277_
 70
     0
 62
     7
  6
Continuous
370
    -3
390
F
347
21
348
0
  0
LAYER
  5
2A1
102
{ACAD_XDICTIONARY
360
AE6
102
}
330
2
100
AcDbSymbolTableRecord
100
AcDbLayerTableRecord
  2
_MotorCAD278_
 70
     0
 62
     7
  6
Continuous
370
    -3
390
F
347
21
348
0
  0
LAYER
  5
2A3
102
{ACAD_XDICTIONARY
360
AE8
102
}
330
2
100
AcDbSymbolTableRecord
100
AcDbLayerTableRecord
  2
_MotorCAD279_
 70
     0
 62
     7
  6
Continuous
370
    -3
390
F
347
21
348
0
  0
LAYER
  5
2A5
102
{ACAD_XDICTIONARY
360
AEA
102
}
330
2
100
AcDbSymbolTableRecord
100
AcDbLayerTableRecord
  2
_MotorCAD280_
 70
     0
 62
     7
  6
Continuous
370
    -3
390
F
347
21
348
0
  0
LAYER
  5
2A7
102
{ACAD_XDICTIONARY
360
AEC
102
}
330
2
100
AcDbSymbolTableRecord
100
AcDbLayerTableRecord
  2
_MotorCAD281_
 70
     0
 62
     7
  6
Continuous
370
    -3
390
F
347
21
348
0
  0
LAYER
  5
2A9
102
{ACAD_XDICTIONARY
360
AEE
102
}
330
2
100
AcDbSymbolTableRecord
100
AcDbLayerTableRecord
  2
_MotorCAD282_
 70
     0
 62
     7
  6
Continuous
370
    -3
390
F
347
21
348
0
  0
LAYER
  5
2AB
102
{ACAD_XDICTIONARY
360
AF0
102
}
330
2
100
AcDbSymbolTableRecord
100
AcDbLayerTableRecord
  2
_MotorCAD283_
 70
     0
 62
     7
  6
Continuous
370
    -3
390
F
347
21
348
0
  0
LAYER
  5
2AD
102
{ACAD_XDICTIONARY
360
AF2
102
}
330
2
100
AcDbSymbolTableRecord
100
AcDbLayerTableRecord
  2
_MotorCAD284_
 70
     0
 62
     7
  6
Continuous
370
    -3
390
F
347
21
348
0
  0
LAYER
  5
2AF
102
{ACAD_XDICTIONARY
360
AF4
102
}
330
2
100
AcDbSymbolTableRecord
100
AcDbLayerTableRecord
  2
_MotorCAD285_
 70
     0
 62
     7
  6
Continuous
370
    -3
390
F
347
21
348
0
  0
LAYER
  5
2B1
102
{ACAD_XDICTIONARY
360
AF6
102
}
330
2
100
AcDbSymbolTableRecord
100
AcDbLayerTableRecord
  2
_MotorCAD286_
 70
     0
 62
     7
  6
Continuous
370
    -3
390
F
347
21
348
0
  0
LAYER
  5
2B3
102
{ACAD_XDICTIONARY
360
AF8
102
}
330
2
100
AcDbSymbolTableRecord
100
AcDbLayerTableRecord
  2
_MotorCAD287_
 70
     0
 62
     7
  6
Continuous
370
    -3
390
F
347
21
348
0
  0
LAYER
  5
2B5
102
{ACAD_XDICTIONARY
360
AFA
102
}
330
2
100
AcDbSymbolTableRecord
100
AcDbLayerTableRecord
  2
_MotorCAD288_
 70
     0
 62
     7
  6
Continuous
370
    -3
390
F
347
21
348
0
  0
LAYER
  5
2B7
102
{ACAD_XDICTIONARY
360
AFC
102
}
330
2
100
AcDbSymbolTableRecord
100
AcDbLayerTableRecord
  2
_MotorCAD289_
 70
     0
 62
     7
  6
Continuous
370
    -3
390
F
347
21
348
0
  0
LAYER
  5
2B9
102
{ACAD_XDICTIONARY
360
AFE
102
}
330
2
100
AcDbSymbolTableRecord
100
AcDbLayerTableRecord
  2
_MotorCAD290_
 70
     0
 62
     7
  6
Continuous
370
    -3
390
F
347
21
348
0
  0
LAYER
  5
2BB
102
{ACAD_XDICTIONARY
360
B00
102
}
330
2
100
AcDbSymbolTableRecord
100
AcDbLayerTableRecord
  2
_MotorCAD291_
 70
     0
 62
     7
  6
Continuous
370
    -3
390
F
347
21
348
0
  0
LAYER
  5
2BD
102
{ACAD_XDICTIONARY
360
B02
102
}
330
2
100
AcDbSymbolTableRecord
100
AcDbLayerTableRecord
  2
_MotorCAD292_
 70
     0
 62
     7
  6
Continuous
370
    -3
390
F
347
21
348
0
  0
LAYER
  5
2BF
102
{ACAD_XDICTIONARY
360
B04
102
}
330
2
100
AcDbSymbolTableRecord
100
AcDbLayerTableRecord
  2
_MotorCAD293_
 70
     0
 62
     7
  6
Continuous
370
    -3
390
F
347
21
348
0
  0
LAYER
  5
2C1
102
{ACAD_XDICTIONARY
360
B06
102
}
330
2
100
AcDbSymbolTableRecord
100
AcDbLayerTableRecord
  2
_MotorCAD294_
 70
     0
 62
     7
  6
Continuous
370
    -3
390
F
347
21
348
0
  0
LAYER
  5
2C3
102
{ACAD_XDICTIONARY
360
B08
102
}
330
2
100
AcDbSymbolTableRecord
100
AcDbLayerTableRecord
  2
_MotorCAD295_
 70
     0
 62
     7
  6
Continuous
370
    -3
390
F
347
21
348
0
  0
LAYER
  5
2C5
102
{ACAD_XDICTIONARY
360
B0A
102
}
330
2
100
AcDbSymbolTableRecord
100
AcDbLayerTableRecord
  2
_MotorCAD296_
 70
     0
 62
     7
  6
Continuous
370
    -3
390
F
347
21
348
0
  0
LAYER
  5
2C7
102
{ACAD_XDICTIONARY
360
B0C
102
}
330
2
100
AcDbSymbolTableRecord
100
AcDbLayerTableRecord
  2
_MotorCAD297_
 70
     0
 62
     7
  6
Continuous
370
    -3
390
F
347
21
348
0
  0
LAYER
  5
2C9
102
{ACAD_XDICTIONARY
360
B0E
102
}
330
2
100
AcDbSymbolTableRecord
100
AcDbLayerTableRecord
  2
_MotorCAD298_
 70
     0
 62
     7
  6
Continuous
370
    -3
390
F
347
21
348
0
  0
LAYER
  5
2CB
102
{ACAD_XDICTIONARY
360
B10
102
}
330
2
100
AcDbSymbolTableRecord
100
AcDbLayerTableRecord
  2
_MotorCAD299_
 70
     0
 62
     7
  6
Continuous
370
    -3
390
F
347
21
348
0
  0
LAYER
  5
2CD
102
{ACAD_XDICTIONARY
360
B12
102
}
330
2
100
AcDbSymbolTableRecord
100
AcDbLayerTableRecord
  2
_MotorCAD300_
 70
     0
 62
     7
  6
Continuous
370
    -3
390
F
347
21
348
0
  0
LAYER
  5
2CF
102
{ACAD_XDICTIONARY
360
B14
102
}
330
2
100
AcDbSymbolTableRecord
100
AcDbLayerTableRecord
  2
_MotorCAD301_
 70
     0
 62
     7
  6
Continuous
370
    -3
390
F
347
21
348
0
  0
LAYER
  5
2D1
102
{ACAD_XDICTIONARY
360
B16
102
}
330
2
100
AcDbSymbolTableRecord
100
AcDbLayerTableRecord
  2
_MotorCAD302_
 70
     0
 62
     7
  6
Continuous
370
    -3
390
F
347
21
348
0
  0
LAYER
  5
2D3
102
{ACAD_XDICTIONARY
360
B18
102
}
330
2
100
AcDbSymbolTableRecord
100
AcDbLayerTableRecord
  2
_MotorCAD303_
 70
     0
 62
     7
  6
Continuous
370
    -3
390
F
347
21
348
0
  0
LAYER
  5
2D5
102
{ACAD_XDICTIONARY
360
B1A
102
}
330
2
100
AcDbSymbolTableRecord
100
AcDbLayerTableRecord
  2
_MotorCAD304_
 70
     0
 62
     7
  6
Continuous
370
    -3
390
F
347
21
348
0
  0
LAYER
  5
2D7
102
{ACAD_XDICTIONARY
360
B1C
102
}
330
2
100
AcDbSymbolTableRecord
100
AcDbLayerTableRecord
  2
_MotorCAD305_
 70
     0
 62
     7
  6
Continuous
370
    -3
390
F
347
21
348
0
  0
LAYER
  5
2D9
102
{ACAD_XDICTIONARY
360
B1E
102
}
330
2
100
AcDbSymbolTableRecord
100
AcDbLayerTableRecord
  2
_MotorCAD306_
 70
     0
 62
     7
  6
Continuous
370
    -3
390
F
347
21
348
0
  0
LAYER
  5
2DB
102
{ACAD_XDICTIONARY
360
B20
102
}
330
2
100
AcDbSymbolTableRecord
100
AcDbLayerTableRecord
  2
_MotorCAD307_
 70
     0
 62
     7
  6
Continuous
370
    -3
390
F
347
21
348
0
  0
LAYER
  5
2DD
102
{ACAD_XDICTIONARY
360
B22
102
}
330
2
100
AcDbSymbolTableRecord
100
AcDbLayerTableRecord
  2
_MotorCAD308_
 70
     0
 62
     7
  6
Continuous
370
    -3
390
F
347
21
348
0
  0
LAYER
  5
2DF
102
{ACAD_XDICTIONARY
360
B24
102
}
330
2
100
AcDbSymbolTableRecord
100
AcDbLayerTableRecord
  2
_MotorCAD309_
 70
     0
 62
     7
  6
Continuous
370
    -3
390
F
347
21
348
0
  0
LAYER
  5
2E1
102
{ACAD_XDICTIONARY
360
B26
102
}
330
2
100
AcDbSymbolTableRecord
100
AcDbLayerTableRecord
  2
_MotorCAD310_
 70
     0
 62
     7
  6
Continuous
370
    -3
390
F
347
21
348
0
  0
LAYER
  5
2E3
102
{ACAD_XDICTIONARY
360
B28
102
}
330
2
100
AcDbSymbolTableRecord
100
AcDbLayerTableRecord
  2
_MotorCAD311_
 70
     0
 62
     7
  6
Continuous
370
    -3
390
F
347
21
348
0
  0
LAYER
  5
2E5
102
{ACAD_XDICTIONARY
360
B2A
102
}
330
2
100
AcDbSymbolTableRecord
100
AcDbLayerTableRecord
  2
_MotorCAD312_
 70
     0
 62
     7
  6
Continuous
370
    -3
390
F
347
21
348
0
  0
LAYER
  5
2E7
102
{ACAD_XDICTIONARY
360
B2C
102
}
330
2
100
AcDbSymbolTableRecord
100
AcDbLayerTableRecord
  2
_MotorCAD313_
 70
     0
 62
     7
  6
Continuous
370
    -3
390
F
347
21
348
0
  0
LAYER
  5
2E9
102
{ACAD_XDICTIONARY
360
B2E
102
}
330
2
100
AcDbSymbolTableRecord
100
AcDbLayerTableRecord
  2
_MotorCAD314_
 70
     0
 62
     7
  6
Continuous
370
    -3
390
F
347
21
348
0
  0
LAYER
  5
2EB
102
{ACAD_XDICTIONARY
360
B30
102
}
330
2
100
AcDbSymbolTableRecord
100
AcDbLayerTableRecord
  2
_MotorCAD315_
 70
     0
 62
     7
  6
Continuous
370
    -3
390
F
347
21
348
0
  0
LAYER
  5
2ED
102
{ACAD_XDICTIONARY
360
B32
102
}
330
2
100
AcDbSymbolTableRecord
100
AcDbLayerTableRecord
  2
_MotorCAD316_
 70
     0
 62
     7
  6
Continuous
370
    -3
390
F
347
21
348
0
  0
LAYER
  5
2EF
102
{ACAD_XDICTIONARY
360
B34
102
}
330
2
100
AcDbSymbolTableRecord
100
AcDbLayerTableRecord
  2
_MotorCAD317_
 70
     0
 62
     7
  6
Continuous
370
    -3
390
F
347
21
348
0
  0
LAYER
  5
2F1
102
{ACAD_XDICTIONARY
360
B36
102
}
330
2
100
AcDbSymbolTableRecord
100
AcDbLayerTableRecord
  2
_MotorCAD318_
 70
     0
 62
     7
  6
Continuous
370
    -3
390
F
347
21
348
0
  0
LAYER
  5
2F3
102
{ACAD_XDICTIONARY
360
B38
102
}
330
2
100
AcDbSymbolTableRecord
100
AcDbLayerTableRecord
  2
_MotorCAD319_
 70
     0
 62
     7
  6
Continuous
370
    -3
390
F
347
21
348
0
  0
LAYER
  5
2F5
102
{ACAD_XDICTIONARY
360
B3A
102
}
330
2
100
AcDbSymbolTableRecord
100
AcDbLayerTableRecord
  2
_MotorCAD320_
 70
     0
 62
     7
  6
Continuous
370
    -3
390
F
347
21
348
0
  0
LAYER
  5
2F7
102
{ACAD_XDICTIONARY
360
B3C
102
}
330
2
100
AcDbSymbolTableRecord
100
AcDbLayerTableRecord
  2
_MotorCAD321_
 70
     0
 62
     7
  6
Continuous
370
    -3
390
F
347
21
348
0
  0
LAYER
  5
2F9
102
{ACAD_XDICTIONARY
360
B3E
102
}
330
2
100
AcDbSymbolTableRecord
100
AcDbLayerTableRecord
  2
_MotorCAD322_
 70
     0
 62
     7
  6
Continuous
370
    -3
390
F
347
21
348
0
  0
LAYER
  5
2FB
102
{ACAD_XDICTIONARY
360
B40
102
}
330
2
100
AcDbSymbolTableRecord
100
AcDbLayerTableRecord
  2
_MotorCAD323_
 70
     0
 62
     7
  6
Continuous
370
    -3
390
F
347
21
348
0
  0
LAYER
  5
2FD
102
{ACAD_XDICTIONARY
360
B42
102
}
330
2
100
AcDbSymbolTableRecord
100
AcDbLayerTableRecord
  2
_MotorCAD324_
 70
     0
 62
     7
  6
Continuous
370
    -3
390
F
347
21
348
0
  0
LAYER
  5
2FF
102
{ACAD_XDICTIONARY
360
B44
102
}
330
2
100
AcDbSymbolTableRecord
100
AcDbLayerTableRecord
  2
_MotorCAD325_
 70
     0
 62
     7
  6
Continuous
370
    -3
390
F
347
21
348
0
  0
LAYER
  5
301
102
{ACAD_XDICTIONARY
360
B46
102
}
330
2
100
AcDbSymbolTableRecord
100
AcDbLayerTableRecord
  2
_MotorCAD326_
 70
     0
 62
     7
  6
Continuous
370
    -3
390
F
347
21
348
0
  0
LAYER
  5
303
102
{ACAD_XDICTIONARY
360
B48
102
}
330
2
100
AcDbSymbolTableRecord
100
AcDbLayerTableRecord
  2
_MotorCAD327_
 70
     0
 62
     7
  6
Continuous
370
    -3
390
F
347
21
348
0
  0
LAYER
  5
305
102
{ACAD_XDICTIONARY
360
B4A
102
}
330
2
100
AcDbSymbolTableRecord
100
AcDbLayerTableRecord
  2
_MotorCAD328_
 70
     0
 62
     7
  6
Continuous
370
    -3
390
F
347
21
348
0
  0
LAYER
  5
307
102
{ACAD_XDICTIONARY
360
B4C
102
}
330
2
100
AcDbSymbolTableRecord
100
AcDbLayerTableRecord
  2
_MotorCAD329_
 70
     0
 62
     7
  6
Continuous
370
    -3
390
F
347
21
348
0
  0
LAYER
  5
309
102
{ACAD_XDICTIONARY
360
B4E
102
}
330
2
100
AcDbSymbolTableRecord
100
AcDbLayerTableRecord
  2
_MotorCAD330_
 70
     0
 62
     7
  6
Continuous
370
    -3
390
F
347
21
348
0
  0
LAYER
  5
30B
102
{ACAD_XDICTIONARY
360
B50
102
}
330
2
100
AcDbSymbolTableRecord
100
AcDbLayerTableRecord
  2
_MotorCAD331_
 70
     0
 62
     7
  6
Continuous
370
    -3
390
F
347
21
348
0
  0
LAYER
  5
30D
102
{ACAD_XDICTIONARY
360
B52
102
}
330
2
100
AcDbSymbolTableRecord
100
AcDbLayerTableRecord
  2
_MotorCAD332_
 70
     0
 62
     7
  6
Continuous
370
    -3
390
F
347
21
348
0
  0
LAYER
  5
30F
102
{ACAD_XDICTIONARY
360
B54
102
}
330
2
100
AcDbSymbolTableRecord
100
AcDbLayerTableRecord
  2
_MotorCAD333_
 70
     0
 62
     7
  6
Continuous
370
    -3
390
F
347
21
348
0
  0
LAYER
  5
311
102
{ACAD_XDICTIONARY
360
B56
102
}
330
2
100
AcDbSymbolTableRecord
100
AcDbLayerTableRecord
  2
_MotorCAD334_
 70
     0
 62
     7
  6
Continuous
370
    -3
390
F
347
21
348
0
  0
LAYER
  5
313
102
{ACAD_XDICTIONARY
360
B58
102
}
330
2
100
AcDbSymbolTableRecord
100
AcDbLayerTableRecord
  2
_MotorCAD335_
 70
     0
 62
     7
  6
Continuous
370
    -3
390
F
347
21
348
0
  0
LAYER
  5
315
102
{ACAD_XDICTIONARY
360
B5A
102
}
330
2
100
AcDbSymbolTableRecord
100
AcDbLayerTableRecord
  2
_MotorCAD336_
 70
     0
 62
     7
  6
Continuous
370
    -3
390
F
347
21
348
0
  0
LAYER
  5
317
102
{ACAD_XDICTIONARY
360
B5C
102
}
330
2
100
AcDbSymbolTableRecord
100
AcDbLayerTableRecord
  2
_MotorCAD337_
 70
     0
 62
     7
  6
Continuous
370
    -3
390
F
347
21
348
0
  0
LAYER
  5
319
102
{ACAD_XDICTIONARY
360
B5E
102
}
330
2
100
AcDbSymbolTableRecord
100
AcDbLayerTableRecord
  2
_MotorCAD338_
 70
     0
 62
     7
  6
Continuous
370
    -3
390
F
347
21
348
0
  0
LAYER
  5
31B
102
{ACAD_XDICTIONARY
360
B60
102
}
330
2
100
AcDbSymbolTableRecord
100
AcDbLayerTableRecord
  2
_MotorCAD339_
 70
     0
 62
     7
  6
Continuous
370
    -3
390
F
347
21
348
0
  0
LAYER
  5
31D
102
{ACAD_XDICTIONARY
360
B62
102
}
330
2
100
AcDbSymbolTableRecord
100
AcDbLayerTableRecord
  2
_MotorCAD340_
 70
     0
 62
     7
  6
Continuous
370
    -3
390
F
347
21
348
0
  0
LAYER
  5
31F
102
{ACAD_XDICTIONARY
360
B64
102
}
330
2
100
AcDbSymbolTableRecord
100
AcDbLayerTableRecord
  2
_MotorCAD341_
 70
     0
 62
     7
  6
Continuous
370
    -3
390
F
347
21
348
0
  0
LAYER
  5
321
102
{ACAD_XDICTIONARY
360
B66
102
}
330
2
100
AcDbSymbolTableRecord
100
AcDbLayerTableRecord
  2
_MotorCAD342_
 70
     0
 62
     7
  6
Continuous
370
    -3
390
F
347
21
348
0
  0
LAYER
  5
323
102
{ACAD_XDICTIONARY
360
B68
102
}
330
2
100
AcDbSymbolTableRecord
100
AcDbLayerTableRecord
  2
_MotorCAD343_
 70
     0
 62
     7
  6
Continuous
370
    -3
390
F
347
21
348
0
  0
LAYER
  5
325
102
{ACAD_XDICTIONARY
360
B6A
102
}
330
2
100
AcDbSymbolTableRecord
100
AcDbLayerTableRecord
  2
_MotorCAD344_
 70
     0
 62
     7
  6
Continuous
370
    -3
390
F
347
21
348
0
  0
LAYER
  5
327
102
{ACAD_XDICTIONARY
360
B6C
102
}
330
2
100
AcDbSymbolTableRecord
100
AcDbLayerTableRecord
  2
_MotorCAD345_
 70
     0
 62
     7
  6
Continuous
370
    -3
390
F
347
21
348
0
  0
LAYER
  5
329
102
{ACAD_XDICTIONARY
360
B6E
102
}
330
2
100
AcDbSymbolTableRecord
100
AcDbLayerTableRecord
  2
_MotorCAD346_
 70
     0
 62
     7
  6
Continuous
370
    -3
390
F
347
21
348
0
  0
LAYER
  5
32B
102
{ACAD_XDICTIONARY
360
B70
102
}
330
2
100
AcDbSymbolTableRecord
100
AcDbLayerTableRecord
  2
_MotorCAD347_
 70
     0
 62
     7
  6
Continuous
370
    -3
390
F
347
21
348
0
  0
LAYER
  5
32D
102
{ACAD_XDICTIONARY
360
B72
102
}
330
2
100
AcDbSymbolTableRecord
100
AcDbLayerTableRecord
  2
_MotorCAD348_
 70
     0
 62
     7
  6
Continuous
370
    -3
390
F
347
21
348
0
  0
LAYER
  5
32F
102
{ACAD_XDICTIONARY
360
B74
102
}
330
2
100
AcDbSymbolTableRecord
100
AcDbLayerTableRecord
  2
_MotorCAD349_
 70
     0
 62
     7
  6
Continuous
370
    -3
390
F
347
21
348
0
  0
LAYER
  5
331
102
{ACAD_XDICTIONARY
360
B76
102
}
330
2
100
AcDbSymbolTableRecord
100
AcDbLayerTableRecord
  2
_MotorCAD350_
 70
     0
 62
     7
  6
Continuous
370
    -3
390
F
347
21
348
0
  0
LAYER
  5
333
102
{ACAD_XDICTIONARY
360
B78
102
}
330
2
100
AcDbSymbolTableRecord
100
AcDbLayerTableRecord
  2
_MotorCAD351_
 70
     0
 62
     7
  6
Continuous
370
    -3
390
F
347
21
348
0
  0
LAYER
  5
335
102
{ACAD_XDICTIONARY
360
B7A
102
}
330
2
100
AcDbSymbolTableRecord
100
AcDbLayerTableRecord
  2
_MotorCAD352_
 70
     0
 62
     7
  6
Continuous
370
    -3
390
F
347
21
348
0
  0
LAYER
  5
337
102
{ACAD_XDICTIONARY
360
B7C
102
}
330
2
100
AcDbSymbolTableRecord
100
AcDbLayerTableRecord
  2
_MotorCAD353_
 70
     0
 62
     7
  6
Continuous
370
    -3
390
F
347
21
348
0
  0
LAYER
  5
339
102
{ACAD_XDICTIONARY
360
B7E
102
}
330
2
100
AcDbSymbolTableRecord
100
AcDbLayerTableRecord
  2
_MotorCAD354_
 70
     0
 62
     7
  6
Continuous
370
    -3
390
F
347
21
348
0
  0
LAYER
  5
33B
102
{ACAD_XDICTIONARY
360
B80
102
}
330
2
100
AcDbSymbolTableRecord
100
AcDbLayerTableRecord
  2
_MotorCAD355_
 70
     0
 62
     7
  6
Continuous
370
    -3
390
F
347
21
348
0
  0
LAYER
  5
33D
102
{ACAD_XDICTIONARY
360
B82
102
}
330
2
100
AcDbSymbolTableRecord
100
AcDbLayerTableRecord
  2
_MotorCAD356_
 70
     0
 62
     7
  6
Continuous
370
    -3
390
F
347
21
348
0
  0
LAYER
  5
33F
102
{ACAD_XDICTIONARY
360
B84
102
}
330
2
100
AcDbSymbolTableRecord
100
AcDbLayerTableRecord
  2
_MotorCAD357_
 70
     0
 62
     7
  6
Continuous
370
    -3
390
F
347
21
348
0
  0
LAYER
  5
341
102
{ACAD_XDICTIONARY
360
B86
102
}
330
2
100
AcDbSymbolTableRecord
100
AcDbLayerTableRecord
  2
_MotorCAD358_
 70
     0
 62
     7
  6
Continuous
370
    -3
390
F
347
21
348
0
  0
LAYER
  5
343
102
{ACAD_XDICTIONARY
360
B88
102
}
330
2
100
AcDbSymbolTableRecord
100
AcDbLayerTableRecord
  2
_MotorCAD359_
 70
     0
 62
     7
  6
Continuous
370
    -3
390
F
347
21
348
0
  0
LAYER
  5
345
102
{ACAD_XDICTIONARY
360
B8A
102
}
330
2
100
AcDbSymbolTableRecord
100
AcDbLayerTableRecord
  2
_MotorCAD360_
 70
     0
 62
     7
  6
Continuous
370
    -3
390
F
347
21
348
0
  0
LAYER
  5
347
102
{ACAD_XDICTIONARY
360
B8C
102
}
330
2
100
AcDbSymbolTableRecord
100
AcDbLayerTableRecord
  2
_MotorCAD361_
 70
     0
 62
     7
  6
Continuous
370
    -3
390
F
347
21
348
0
  0
LAYER
  5
349
102
{ACAD_XDICTIONARY
360
B8E
102
}
330
2
100
AcDbSymbolTableRecord
100
AcDbLayerTableRecord
  2
_MotorCAD362_
 70
     0
 62
     7
  6
Continuous
370
    -3
390
F
347
21
348
0
  0
LAYER
  5
34B
102
{ACAD_XDICTIONARY
360
B90
102
}
330
2
100
AcDbSymbolTableRecord
100
AcDbLayerTableRecord
  2
_MotorCAD363_
 70
     0
 62
     7
  6
Continuous
370
    -3
390
F
347
21
348
0
  0
LAYER
  5
34D
102
{ACAD_XDICTIONARY
360
B92
102
}
330
2
100
AcDbSymbolTableRecord
100
AcDbLayerTableRecord
  2
_MotorCAD364_
 70
     0
 62
     7
  6
Continuous
370
    -3
390
F
347
21
348
0
  0
LAYER
  5
34F
102
{ACAD_XDICTIONARY
360
B94
102
}
330
2
100
AcDbSymbolTableRecord
100
AcDbLayerTableRecord
  2
_MotorCAD365_
 70
     0
 62
     7
  6
Continuous
370
    -3
390
F
347
21
348
0
  0
LAYER
  5
351
102
{ACAD_XDICTIONARY
360
B96
102
}
330
2
100
AcDbSymbolTableRecord
100
AcDbLayerTableRecord
  2
_MotorCAD366_
 70
     0
 62
     7
  6
Continuous
370
    -3
390
F
347
21
348
0
  0
LAYER
  5
353
102
{ACAD_XDICTIONARY
360
B98
102
}
330
2
100
AcDbSymbolTableRecord
100
AcDbLayerTableRecord
  2
_MotorCAD367_
 70
     0
 62
     7
  6
Continuous
370
    -3
390
F
347
21
348
0
  0
LAYER
  5
355
102
{ACAD_XDICTIONARY
360
B9A
102
}
330
2
100
AcDbSymbolTableRecord
100
AcDbLayerTableRecord
  2
_MotorCAD368_
 70
     0
 62
     7
  6
Continuous
370
    -3
390
F
347
21
348
0
  0
LAYER
  5
357
102
{ACAD_XDICTIONARY
360
B9C
102
}
330
2
100
AcDbSymbolTableRecord
100
AcDbLayerTableRecord
  2
_MotorCAD369_
 70
     0
 62
     7
  6
Continuous
370
    -3
390
F
347
21
348
0
  0
LAYER
  5
359
102
{ACAD_XDICTIONARY
360
B9E
102
}
330
2
100
AcDbSymbolTableRecord
100
AcDbLayerTableRecord
  2
_MotorCAD370_
 70
     0
 62
     7
  6
Continuous
370
    -3
390
F
347
21
348
0
  0
LAYER
  5
35B
102
{ACAD_XDICTIONARY
360
BA0
102
}
330
2
100
AcDbSymbolTableRecord
100
AcDbLayerTableRecord
  2
_MotorCAD371_
 70
     0
 62
     7
  6
Continuous
370
    -3
390
F
347
21
348
0
  0
LAYER
  5
35D
102
{ACAD_XDICTIONARY
360
BA2
102
}
330
2
100
AcDbSymbolTableRecord
100
AcDbLayerTableRecord
  2
_MotorCAD372_
 70
     0
 62
     7
  6
Continuous
370
    -3
390
F
347
21
348
0
  0
LAYER
  5
35F
102
{ACAD_XDICTIONARY
360
BA4
102
}
330
2
100
AcDbSymbolTableRecord
100
AcDbLayerTableRecord
  2
_MotorCAD373_
 70
     0
 62
     7
  6
Continuous
370
    -3
390
F
347
21
348
0
  0
LAYER
  5
361
102
{ACAD_XDICTIONARY
360
BA6
102
}
330
2
100
AcDbSymbolTableRecord
100
AcDbLayerTableRecord
  2
_MotorCAD374_
 70
     0
 62
     7
  6
Continuous
370
    -3
390
F
347
21
348
0
  0
LAYER
  5
363
102
{ACAD_XDICTIONARY
360
BA8
102
}
330
2
100
AcDbSymbolTableRecord
100
AcDbLayerTableRecord
  2
_MotorCAD375_
 70
     0
 62
     7
  6
Continuous
370
    -3
390
F
347
21
348
0
  0
LAYER
  5
365
102
{ACAD_XDICTIONARY
360
BAA
102
}
330
2
100
AcDbSymbolTableRecord
100
AcDbLayerTableRecord
  2
_MotorCAD376_
 70
     0
 62
     7
  6
Continuous
370
    -3
390
F
347
21
348
0
  0
LAYER
  5
367
102
{ACAD_XDICTIONARY
360
BAC
102
}
330
2
100
AcDbSymbolTableRecord
100
AcDbLayerTableRecord
  2
_MotorCAD377_
 70
     0
 62
     7
  6
Continuous
370
    -3
390
F
347
21
348
0
  0
LAYER
  5
369
102
{ACAD_XDICTIONARY
360
BAE
102
}
330
2
100
AcDbSymbolTableRecord
100
AcDbLayerTableRecord
  2
_MotorCAD378_
 70
     0
 62
     7
  6
Continuous
370
    -3
390
F
347
21
348
0
  0
LAYER
  5
36B
102
{ACAD_XDICTIONARY
360
BB0
102
}
330
2
100
AcDbSymbolTableRecord
100
AcDbLayerTableRecord
  2
_MotorCAD379_
 70
     0
 62
     7
  6
Continuous
370
    -3
390
F
347
21
348
0
  0
LAYER
  5
36D
102
{ACAD_XDICTIONARY
360
BB2
102
}
330
2
100
AcDbSymbolTableRecord
100
AcDbLayerTableRecord
  2
_MotorCAD380_
 70
     0
 62
     7
  6
Continuous
370
    -3
390
F
347
21
348
0
  0
LAYER
  5
36F
102
{ACAD_XDICTIONARY
360
BB4
102
}
330
2
100
AcDbSymbolTableRecord
100
AcDbLayerTableRecord
  2
_MotorCAD381_
 70
     0
 62
     7
  6
Continuous
370
    -3
390
F
347
21
348
0
  0
LAYER
  5
371
102
{ACAD_XDICTIONARY
360
BB6
102
}
330
2
100
AcDbSymbolTableRecord
100
AcDbLayerTableRecord
  2
_MotorCAD382_
 70
     0
 62
     7
  6
Continuous
370
    -3
390
F
347
21
348
0
  0
LAYER
  5
373
102
{ACAD_XDICTIONARY
360
BB8
102
}
330
2
100
AcDbSymbolTableRecord
100
AcDbLayerTableRecord
  2
_MotorCAD383_
 70
     0
 62
     7
  6
Continuous
370
    -3
390
F
347
21
348
0
  0
LAYER
  5
375
102
{ACAD_XDICTIONARY
360
BBA
102
}
330
2
100
AcDbSymbolTableRecord
100
AcDbLayerTableRecord
  2
_MotorCAD384_
 70
     0
 62
     7
  6
Continuous
370
    -3
390
F
347
21
348
0
  0
LAYER
  5
377
102
{ACAD_XDICTIONARY
360
BBC
102
}
330
2
100
AcDbSymbolTableRecord
100
AcDbLayerTableRecord
  2
_MotorCAD385_
 70
     0
 62
     7
  6
Continuous
370
    -3
390
F
347
21
348
0
  0
LAYER
  5
379
102
{ACAD_XDICTIONARY
360
BBE
102
}
330
2
100
AcDbSymbolTableRecord
100
AcDbLayerTableRecord
  2
_MotorCAD386_
 70
     0
 62
     7
  6
Continuous
370
    -3
390
F
347
21
348
0
  0
LAYER
  5
37B
102
{ACAD_XDICTIONARY
360
BC0
102
}
330
2
100
AcDbSymbolTableRecord
100
AcDbLayerTableRecord
  2
_MotorCAD387_
 70
     0
 62
     7
  6
Continuous
370
    -3
390
F
347
21
348
0
  0
LAYER
  5
37D
102
{ACAD_XDICTIONARY
360
BC2
102
}
330
2
100
AcDbSymbolTableRecord
100
AcDbLayerTableRecord
  2
_MotorCAD388_
 70
     0
 62
     7
  6
Continuous
370
    -3
390
F
347
21
348
0
  0
LAYER
  5
37F
102
{ACAD_XDICTIONARY
360
BC4
102
}
330
2
100
AcDbSymbolTableRecord
100
AcDbLayerTableRecord
  2
_MotorCAD389_
 70
     0
 62
     7
  6
Continuous
370
    -3
390
F
347
21
348
0
  0
LAYER
  5
381
102
{ACAD_XDICTIONARY
360
BC6
102
}
330
2
100
AcDbSymbolTableRecord
100
AcDbLayerTableRecord
  2
_MotorCAD390_
 70
     0
 62
     7
  6
Continuous
370
    -3
390
F
347
21
348
0
  0
LAYER
  5
383
102
{ACAD_XDICTIONARY
360
BC8
102
}
330
2
100
AcDbSymbolTableRecord
100
AcDbLayerTableRecord
  2
_MotorCAD391_
 70
     0
 62
     7
  6
Continuous
370
    -3
390
F
347
21
348
0
  0
LAYER
  5
385
102
{ACAD_XDICTIONARY
360
BCA
102
}
330
2
100
AcDbSymbolTableRecord
100
AcDbLayerTableRecord
  2
_MotorCAD392_
 70
     0
 62
     7
  6
Continuous
370
    -3
390
F
347
21
348
0
  0
LAYER
  5
387
102
{ACAD_XDICTIONARY
360
BCC
102
}
330
2
100
AcDbSymbolTableRecord
100
AcDbLayerTableRecord
  2
_MotorCAD393_
 70
     0
 62
     7
  6
Continuous
370
    -3
390
F
347
21
348
0
  0
LAYER
  5
389
102
{ACAD_XDICTIONARY
360
BCE
102
}
330
2
100
AcDbSymbolTableRecord
100
AcDbLayerTableRecord
  2
_MotorCAD394_
 70
     0
 62
     7
  6
Continuous
370
    -3
390
F
347
21
348
0
  0
LAYER
  5
38B
102
{ACAD_XDICTIONARY
360
BD0
102
}
330
2
100
AcDbSymbolTableRecord
100
AcDbLayerTableRecord
  2
_MotorCAD395_
 70
     0
 62
     7
  6
Continuous
370
    -3
390
F
347
21
348
0
  0
LAYER
  5
38D
102
{ACAD_XDICTIONARY
360
BD2
102
}
330
2
100
AcDbSymbolTableRecord
100
AcDbLayerTableRecord
  2
_MotorCAD396_
 70
     0
 62
     7
  6
Continuous
370
    -3
390
F
347
21
348
0
  0
LAYER
  5
38F
102
{ACAD_XDICTIONARY
360
BD4
102
}
330
2
100
AcDbSymbolTableRecord
100
AcDbLayerTableRecord
  2
_MotorCAD397_
 70
     0
 62
     7
  6
Continuous
370
    -3
390
F
347
21
348
0
  0
LAYER
  5
391
102
{ACAD_XDICTIONARY
360
BD6
102
}
330
2
100
AcDbSymbolTableRecord
100
AcDbLayerTableRecord
  2
_MotorCAD398_
 70
     0
 62
     7
  6
Continuous
370
    -3
390
F
347
21
348
0
  0
LAYER
  5
393
102
{ACAD_XDICTIONARY
360
BD8
102
}
330
2
100
AcDbSymbolTableRecord
100
AcDbLayerTableRecord
  2
_MotorCAD399_
 70
     0
 62
     7
  6
Continuous
370
    -3
390
F
347
21
348
0
  0
LAYER
  5
395
102
{ACAD_XDICTIONARY
360
BDA
102
}
330
2
100
AcDbSymbolTableRecord
100
AcDbLayerTableRecord
  2
_MotorCAD400_
 70
     0
 62
     7
  6
Continuous
370
    -3
390
F
347
21
348
0
  0
LAYER
  5
397
102
{ACAD_XDICTIONARY
360
BDC
102
}
330
2
100
AcDbSymbolTableRecord
100
AcDbLayerTableRecord
  2
_MotorCAD401_
 70
     0
 62
     7
  6
Continuous
370
    -3
390
F
347
21
348
0
  0
LAYER
  5
399
102
{ACAD_XDICTIONARY
360
BDE
102
}
330
2
100
AcDbSymbolTableRecord
100
AcDbLayerTableRecord
  2
_MotorCAD402_
 70
     0
 62
     7
  6
Continuous
370
    -3
390
F
347
21
348
0
  0
LAYER
  5
39B
102
{ACAD_XDICTIONARY
360
BE0
102
}
330
2
100
AcDbSymbolTableRecord
100
AcDbLayerTableRecord
  2
_MotorCAD403_
 70
     0
 62
     7
  6
Continuous
370
    -3
390
F
347
21
348
0
  0
LAYER
  5
39D
102
{ACAD_XDICTIONARY
360
BE2
102
}
330
2
100
AcDbSymbolTableRecord
100
AcDbLayerTableRecord
  2
_MotorCAD404_
 70
     0
 62
     7
  6
Continuous
370
    -3
390
F
347
21
348
0
  0
LAYER
  5
39F
102
{ACAD_XDICTIONARY
360
BE4
102
}
330
2
100
AcDbSymbolTableRecord
100
AcDbLayerTableRecord
  2
_MotorCAD405_
 70
     0
 62
     7
  6
Continuous
370
    -3
390
F
347
21
348
0
  0
LAYER
  5
3A1
102
{ACAD_XDICTIONARY
360
BE6
102
}
330
2
100
AcDbSymbolTableRecord
100
AcDbLayerTableRecord
  2
_MotorCAD406_
 70
     0
 62
     7
  6
Continuous
370
    -3
390
F
347
21
348
0
  0
LAYER
  5
3A3
102
{ACAD_XDICTIONARY
360
BE8
102
}
330
2
100
AcDbSymbolTableRecord
100
AcDbLayerTableRecord
  2
_MotorCAD407_
 70
     0
 62
     7
  6
Continuous
370
    -3
390
F
347
21
348
0
  0
LAYER
  5
3A5
102
{ACAD_XDICTIONARY
360
BEA
102
}
330
2
100
AcDbSymbolTableRecord
100
AcDbLayerTableRecord
  2
_MotorCAD408_
 70
     0
 62
     7
  6
Continuous
370
    -3
390
F
347
21
348
0
  0
LAYER
  5
3A7
102
{ACAD_XDICTIONARY
360
BEC
102
}
330
2
100
AcDbSymbolTableRecord
100
AcDbLayerTableRecord
  2
_MotorCAD409_
 70
     0
 62
     7
  6
Continuous
370
    -3
390
F
347
21
348
0
  0
LAYER
  5
3A9
102
{ACAD_XDICTIONARY
360
BEE
102
}
330
2
100
AcDbSymbolTableRecord
100
AcDbLayerTableRecord
  2
_MotorCAD410_
 70
     0
 62
     7
  6
Continuous
370
    -3
390
F
347
21
348
0
  0
LAYER
  5
3AB
102
{ACAD_XDICTIONARY
360
BF0
102
}
330
2
100
AcDbSymbolTableRecord
100
AcDbLayerTableRecord
  2
_MotorCAD411_
 70
     0
 62
     7
  6
Continuous
370
    -3
390
F
347
21
348
0
  0
LAYER
  5
3AD
102
{ACAD_XDICTIONARY
360
BF2
102
}
330
2
100
AcDbSymbolTableRecord
100
AcDbLayerTableRecord
  2
_MotorCAD412_
 70
     0
 62
     7
  6
Continuous
370
    -3
390
F
347
21
348
0
  0
LAYER
  5
3AF
102
{ACAD_XDICTIONARY
360
BF4
102
}
330
2
100
AcDbSymbolTableRecord
100
AcDbLayerTableRecord
  2
_MotorCAD413_
 70
     0
 62
     7
  6
Continuous
370
    -3
390
F
347
21
348
0
  0
LAYER
  5
3B1
102
{ACAD_XDICTIONARY
360
BF6
102
}
330
2
100
AcDbSymbolTableRecord
100
AcDbLayerTableRecord
  2
_MotorCAD414_
 70
     0
 62
     7
  6
Continuous
370
    -3
390
F
347
21
348
0
  0
LAYER
  5
3B3
102
{ACAD_XDICTIONARY
360
BF8
102
}
330
2
100
AcDbSymbolTableRecord
100
AcDbLayerTableRecord
  2
_MotorCAD415_
 70
     0
 62
     7
  6
Continuous
370
    -3
390
F
347
21
348
0
  0
LAYER
  5
3B5
102
{ACAD_XDICTIONARY
360
BFA
102
}
330
2
100
AcDbSymbolTableRecord
100
AcDbLayerTableRecord
  2
_MotorCAD416_
 70
     0
 62
     7
  6
Continuous
370
    -3
390
F
347
21
348
0
  0
LAYER
  5
3B7
102
{ACAD_XDICTIONARY
360
BFC
102
}
330
2
100
AcDbSymbolTableRecord
100
AcDbLayerTableRecord
  2
_MotorCAD417_
 70
     0
 62
     7
  6
Continuous
370
    -3
390
F
347
21
348
0
  0
LAYER
  5
3B9
102
{ACAD_XDICTIONARY
360
BFE
102
}
330
2
100
AcDbSymbolTableRecord
100
AcDbLayerTableRecord
  2
_MotorCAD418_
 70
     0
 62
     7
  6
Continuous
370
    -3
390
F
347
21
348
0
  0
LAYER
  5
3BB
102
{ACAD_XDICTIONARY
360
C00
102
}
330
2
100
AcDbSymbolTableRecord
100
AcDbLayerTableRecord
  2
_MotorCAD419_
 70
     0
 62
     7
  6
Continuous
370
    -3
390
F
347
21
348
0
  0
LAYER
  5
3BD
102
{ACAD_XDICTIONARY
360
C02
102
}
330
2
100
AcDbSymbolTableRecord
100
AcDbLayerTableRecord
  2
_MotorCAD420_
 70
     0
 62
     7
  6
Continuous
370
    -3
390
F
347
21
348
0
  0
LAYER
  5
3BF
102
{ACAD_XDICTIONARY
360
C04
102
}
330
2
100
AcDbSymbolTableRecord
100
AcDbLayerTableRecord
  2
_MotorCAD421_
 70
     0
 62
     7
  6
Continuous
370
    -3
390
F
347
21
348
0
  0
LAYER
  5
3C1
102
{ACAD_XDICTIONARY
360
C06
102
}
330
2
100
AcDbSymbolTableRecord
100
AcDbLayerTableRecord
  2
_MotorCAD422_
 70
     0
 62
     7
  6
Continuous
370
    -3
390
F
347
21
348
0
  0
LAYER
  5
3C3
102
{ACAD_XDICTIONARY
360
C08
102
}
330
2
100
AcDbSymbolTableRecord
100
AcDbLayerTableRecord
  2
_MotorCAD423_
 70
     0
 62
     7
  6
Continuous
370
    -3
390
F
347
21
348
0
  0
LAYER
  5
3C5
102
{ACAD_XDICTIONARY
360
C0A
102
}
330
2
100
AcDbSymbolTableRecord
100
AcDbLayerTableRecord
  2
_MotorCAD424_
 70
     0
 62
     7
  6
Continuous
370
    -3
390
F
347
21
348
0
  0
LAYER
  5
3C7
102
{ACAD_XDICTIONARY
360
C0C
102
}
330
2
100
AcDbSymbolTableRecord
100
AcDbLayerTableRecord
  2
_MotorCAD425_
 70
     0
 62
     7
  6
Continuous
370
    -3
390
F
347
21
348
0
  0
LAYER
  5
3C9
102
{ACAD_XDICTIONARY
360
C0E
102
}
330
2
100
AcDbSymbolTableRecord
100
AcDbLayerTableRecord
  2
_MotorCAD426_
 70
     0
 62
     7
  6
Continuous
370
    -3
390
F
347
21
348
0
  0
LAYER
  5
3CB
102
{ACAD_XDICTIONARY
360
C10
102
}
330
2
100
AcDbSymbolTableRecord
100
AcDbLayerTableRecord
  2
_MotorCAD427_
 70
     0
 62
     7
  6
Continuous
370
    -3
390
F
347
21
348
0
  0
LAYER
  5
3CD
102
{ACAD_XDICTIONARY
360
C12
102
}
330
2
100
AcDbSymbolTableRecord
100
AcDbLayerTableRecord
  2
_MotorCAD428_
 70
     0
 62
     7
  6
Continuous
370
    -3
390
F
347
21
348
0
  0
LAYER
  5
3CF
102
{ACAD_XDICTIONARY
360
C14
102
}
330
2
100
AcDbSymbolTableRecord
100
AcDbLayerTableRecord
  2
_MotorCAD429_
 70
     0
 62
     7
  6
Continuous
370
    -3
390
F
347
21
348
0
  0
LAYER
  5
3D1
102
{ACAD_XDICTIONARY
360
C16
102
}
330
2
100
AcDbSymbolTableRecord
100
AcDbLayerTableRecord
  2
_MotorCAD430_
 70
     0
 62
     7
  6
Continuous
370
    -3
390
F
347
21
348
0
  0
LAYER
  5
3D3
102
{ACAD_XDICTIONARY
360
C18
102
}
330
2
100
AcDbSymbolTableRecord
100
AcDbLayerTableRecord
  2
_MotorCAD431_
 70
     0
 62
     7
  6
Continuous
370
    -3
390
F
347
21
348
0
  0
LAYER
  5
3D5
102
{ACAD_XDICTIONARY
360
C1A
102
}
330
2
100
AcDbSymbolTableRecord
100
AcDbLayerTableRecord
  2
_MotorCAD432_
 70
     0
 62
     7
  6
Continuous
370
    -3
390
F
347
21
348
0
  0
LAYER
  5
3D7
102
{ACAD_XDICTIONARY
360
C1C
102
}
330
2
100
AcDbSymbolTableRecord
100
AcDbLayerTableRecord
  2
_MotorCAD433_
 70
     0
 62
     7
  6
Continuous
370
    -3
390
F
347
21
348
0
  0
LAYER
  5
3D9
102
{ACAD_XDICTIONARY
360
C1E
102
}
330
2
100
AcDbSymbolTableRecord
100
AcDbLayerTableRecord
  2
_MotorCAD434_
 70
     0
 62
     7
  6
Continuous
370
    -3
390
F
347
21
348
0
  0
LAYER
  5
3DB
102
{ACAD_XDICTIONARY
360
C20
102
}
330
2
100
AcDbSymbolTableRecord
100
AcDbLayerTableRecord
  2
_MotorCAD435_
 70
     0
 62
     7
  6
Continuous
370
    -3
390
F
347
21
348
0
  0
LAYER
  5
3DD
102
{ACAD_XDICTIONARY
360
C22
102
}
330
2
100
AcDbSymbolTableRecord
100
AcDbLayerTableRecord
  2
_MotorCAD436_
 70
     0
 62
     7
  6
Continuous
370
    -3
390
F
347
21
348
0
  0
LAYER
  5
3DF
102
{ACAD_XDICTIONARY
360
C24
102
}
330
2
100
AcDbSymbolTableRecord
100
AcDbLayerTableRecord
  2
_MotorCAD437_
 70
     0
 62
     7
  6
Continuous
370
    -3
390
F
347
21
348
0
  0
LAYER
  5
3E1
102
{ACAD_XDICTIONARY
360
C26
102
}
330
2
100
AcDbSymbolTableRecord
100
AcDbLayerTableRecord
  2
_MotorCAD438_
 70
     0
 62
     7
  6
Continuous
370
    -3
390
F
347
21
348
0
  0
LAYER
  5
3E3
102
{ACAD_XDICTIONARY
360
C28
102
}
330
2
100
AcDbSymbolTableRecord
100
AcDbLayerTableRecord
  2
_MotorCAD439_
 70
     0
 62
     7
  6
Continuous
370
    -3
390
F
347
21
348
0
  0
LAYER
  5
3E5
102
{ACAD_XDICTIONARY
360
C2A
102
}
330
2
100
AcDbSymbolTableRecord
100
AcDbLayerTableRecord
  2
_MotorCAD440_
 70
     0
 62
     7
  6
Continuous
370
    -3
390
F
347
21
348
0
  0
LAYER
  5
3E7
102
{ACAD_XDICTIONARY
360
C2C
102
}
330
2
100
AcDbSymbolTableRecord
100
AcDbLayerTableRecord
  2
_MotorCAD441_
 70
     0
 62
     7
  6
Continuous
370
    -3
390
F
347
21
348
0
  0
LAYER
  5
3E9
102
{ACAD_XDICTIONARY
360
C2E
102
}
330
2
100
AcDbSymbolTableRecord
100
AcDbLayerTableRecord
  2
_MotorCAD442_
 70
     0
 62
     7
  6
Continuous
370
    -3
390
F
347
21
348
0
  0
LAYER
  5
3EB
102
{ACAD_XDICTIONARY
360
C30
102
}
330
2
100
AcDbSymbolTableRecord
100
AcDbLayerTableRecord
  2
_MotorCAD443_
 70
     0
 62
     7
  6
Continuous
370
    -3
390
F
347
21
348
0
  0
LAYER
  5
3ED
102
{ACAD_XDICTIONARY
360
C32
102
}
330
2
100
AcDbSymbolTableRecord
100
AcDbLayerTableRecord
  2
_MotorCAD444_
 70
     0
 62
     7
  6
Continuous
370
    -3
390
F
347
21
348
0
  0
LAYER
  5
3EF
102
{ACAD_XDICTIONARY
360
C34
102
}
330
2
100
AcDbSymbolTableRecord
100
AcDbLayerTableRecord
  2
_MotorCAD445_
 70
     0
 62
     7
  6
Continuous
370
    -3
390
F
347
21
348
0
  0
LAYER
  5
3F1
102
{ACAD_XDICTIONARY
360
C36
102
}
330
2
100
AcDbSymbolTableRecord
100
AcDbLayerTableRecord
  2
_MotorCAD446_
 70
     0
 62
     7
  6
Continuous
370
    -3
390
F
347
21
348
0
  0
LAYER
  5
3F3
102
{ACAD_XDICTIONARY
360
C38
102
}
330
2
100
AcDbSymbolTableRecord
100
AcDbLayerTableRecord
  2
_MotorCAD447_
 70
     0
 62
     7
  6
Continuous
370
    -3
390
F
347
21
348
0
  0
LAYER
  5
3F5
102
{ACAD_XDICTIONARY
360
C3A
102
}
330
2
100
AcDbSymbolTableRecord
100
AcDbLayerTableRecord
  2
_MotorCAD448_
 70
     0
 62
     7
  6
Continuous
370
    -3
390
F
347
21
348
0
  0
LAYER
  5
3F7
102
{ACAD_XDICTIONARY
360
C3C
102
}
330
2
100
AcDbSymbolTableRecord
100
AcDbLayerTableRecord
  2
_MotorCAD449_
 70
     0
 62
     7
  6
Continuous
370
    -3
390
F
347
21
348
0
  0
LAYER
  5
3F9
102
{ACAD_XDICTIONARY
360
C3E
102
}
330
2
100
AcDbSymbolTableRecord
100
AcDbLayerTableRecord
  2
_MotorCAD450_
 70
     0
 62
     7
  6
Continuous
370
    -3
390
F
347
21
348
0
  0
LAYER
  5
3FB
102
{ACAD_XDICTIONARY
360
C40
102
}
330
2
100
AcDbSymbolTableRecord
100
AcDbLayerTableRecord
  2
_MotorCAD451_
 70
     0
 62
     7
  6
Continuous
370
    -3
390
F
347
21
348
0
  0
LAYER
  5
3FD
102
{ACAD_XDICTIONARY
360
C42
102
}
330
2
100
AcDbSymbolTableRecord
100
AcDbLayerTableRecord
  2
_MotorCAD452_
 70
     0
 62
     7
  6
Continuous
370
    -3
390
F
347
21
348
0
  0
LAYER
  5
3FF
102
{ACAD_XDICTIONARY
360
C44
102
}
330
2
100
AcDbSymbolTableRecord
100
AcDbLayerTableRecord
  2
_MotorCAD453_
 70
     0
 62
     7
  6
Continuous
370
    -3
390
F
347
21
348
0
  0
LAYER
  5
401
102
{ACAD_XDICTIONARY
360
C46
102
}
330
2
100
AcDbSymbolTableRecord
100
AcDbLayerTableRecord
  2
_MotorCAD454_
 70
     0
 62
     7
  6
Continuous
370
    -3
390
F
347
21
348
0
  0
LAYER
  5
403
102
{ACAD_XDICTIONARY
360
C48
102
}
330
2
100
AcDbSymbolTableRecord
100
AcDbLayerTableRecord
  2
_MotorCAD455_
 70
     0
 62
     7
  6
Continuous
370
    -3
390
F
347
21
348
0
  0
LAYER
  5
405
102
{ACAD_XDICTIONARY
360
C4A
102
}
330
2
100
AcDbSymbolTableRecord
100
AcDbLayerTableRecord
  2
_MotorCAD456_
 70
     0
 62
     7
  6
Continuous
370
    -3
390
F
347
21
348
0
  0
LAYER
  5
407
102
{ACAD_XDICTIONARY
360
C4C
102
}
330
2
100
AcDbSymbolTableRecord
100
AcDbLayerTableRecord
  2
_MotorCAD457_
 70
     0
 62
     7
  6
Continuous
370
    -3
390
F
347
21
348
0
  0
LAYER
  5
409
102
{ACAD_XDICTIONARY
360
C4E
102
}
330
2
100
AcDbSymbolTableRecord
100
AcDbLayerTableRecord
  2
_MotorCAD458_
 70
     0
 62
     7
  6
Continuous
370
    -3
390
F
347
21
348
0
  0
LAYER
  5
40B
102
{ACAD_XDICTIONARY
360
C50
102
}
330
2
100
AcDbSymbolTableRecord
100
AcDbLayerTableRecord
  2
_MotorCAD459_
 70
     0
 62
     7
  6
Continuous
370
    -3
390
F
347
21
348
0
  0
LAYER
  5
40D
102
{ACAD_XDICTIONARY
360
C52
102
}
330
2
100
AcDbSymbolTableRecord
100
AcDbLayerTableRecord
  2
_MotorCAD460_
 70
     0
 62
     7
  6
Continuous
370
    -3
390
F
347
21
348
0
  0
LAYER
  5
40F
102
{ACAD_XDICTIONARY
360
C54
102
}
330
2
100
AcDbSymbolTableRecord
100
AcDbLayerTableRecord
  2
_MotorCAD461_
 70
     0
 62
     7
  6
Continuous
370
    -3
390
F
347
21
348
0
  0
LAYER
  5
411
102
{ACAD_XDICTIONARY
360
C56
102
}
330
2
100
AcDbSymbolTableRecord
100
AcDbLayerTableRecord
  2
_MotorCAD462_
 70
     0
 62
     7
  6
Continuous
370
    -3
390
F
347
21
348
0
  0
LAYER
  5
413
102
{ACAD_XDICTIONARY
360
C58
102
}
330
2
100
AcDbSymbolTableRecord
100
AcDbLayerTableRecord
  2
_MotorCAD463_
 70
     0
 62
     7
  6
Continuous
370
    -3
390
F
347
21
348
0
  0
LAYER
  5
415
102
{ACAD_XDICTIONARY
360
C5A
102
}
330
2
100
AcDbSymbolTableRecord
100
AcDbLayerTableRecord
  2
_MotorCAD464_
 70
     0
 62
     7
  6
Continuous
370
    -3
390
F
347
21
348
0
  0
LAYER
  5
417
102
{ACAD_XDICTIONARY
360
C5C
102
}
330
2
100
AcDbSymbolTableRecord
100
AcDbLayerTableRecord
  2
_MotorCAD465_
 70
     0
 62
     7
  6
Continuous
370
    -3
390
F
347
21
348
0
  0
LAYER
  5
419
102
{ACAD_XDICTIONARY
360
C5E
102
}
330
2
100
AcDbSymbolTableRecord
100
AcDbLayerTableRecord
  2
_MotorCAD466_
 70
     0
 62
     7
  6
Continuous
370
    -3
390
F
347
21
348
0
  0
LAYER
  5
41B
102
{ACAD_XDICTIONARY
360
C60
102
}
330
2
100
AcDbSymbolTableRecord
100
AcDbLayerTableRecord
  2
_MotorCAD467_
 70
     0
 62
     7
  6
Continuous
370
    -3
390
F
347
21
348
0
  0
LAYER
  5
41D
102
{ACAD_XDICTIONARY
360
C62
102
}
330
2
100
AcDbSymbolTableRecord
100
AcDbLayerTableRecord
  2
_MotorCAD468_
 70
     0
 62
     7
  6
Continuous
370
    -3
390
F
347
21
348
0
  0
LAYER
  5
41F
102
{ACAD_XDICTIONARY
360
C64
102
}
330
2
100
AcDbSymbolTableRecord
100
AcDbLayerTableRecord
  2
_MotorCAD469_
 70
     0
 62
     7
  6
Continuous
370
    -3
390
F
347
21
348
0
  0
LAYER
  5
421
102
{ACAD_XDICTIONARY
360
C66
102
}
330
2
100
AcDbSymbolTableRecord
100
AcDbLayerTableRecord
  2
_MotorCAD470_
 70
     0
 62
     7
  6
Continuous
370
    -3
390
F
347
21
348
0
  0
LAYER
  5
423
102
{ACAD_XDICTIONARY
360
C68
102
}
330
2
100
AcDbSymbolTableRecord
100
AcDbLayerTableRecord
  2
_MotorCAD471_
 70
     0
 62
     7
  6
Continuous
370
    -3
390
F
347
21
348
0
  0
LAYER
  5
425
102
{ACAD_XDICTIONARY
360
C6A
102
}
330
2
100
AcDbSymbolTableRecord
100
AcDbLayerTableRecord
  2
_MotorCAD472_
 70
     0
 62
     7
  6
Continuous
370
    -3
390
F
347
21
348
0
  0
LAYER
  5
427
102
{ACAD_XDICTIONARY
360
C6C
102
}
330
2
100
AcDbSymbolTableRecord
100
AcDbLayerTableRecord
  2
_MotorCAD473_
 70
     0
 62
     7
  6
Continuous
370
    -3
390
F
347
21
348
0
  0
LAYER
  5
429
102
{ACAD_XDICTIONARY
360
C6E
102
}
330
2
100
AcDbSymbolTableRecord
100
AcDbLayerTableRecord
  2
_MotorCAD474_
 70
     0
 62
     7
  6
Continuous
370
    -3
390
F
347
21
348
0
  0
LAYER
  5
42B
102
{ACAD_XDICTIONARY
360
C70
102
}
330
2
100
AcDbSymbolTableRecord
100
AcDbLayerTableRecord
  2
_MotorCAD475_
 70
     0
 62
     7
  6
Continuous
370
    -3
390
F
347
21
348
0
  0
LAYER
  5
42D
102
{ACAD_XDICTIONARY
360
C72
102
}
330
2
100
AcDbSymbolTableRecord
100
AcDbLayerTableRecord
  2
_MotorCAD476_
 70
     0
 62
     7
  6
Continuous
370
    -3
390
F
347
21
348
0
  0
LAYER
  5
42F
102
{ACAD_XDICTIONARY
360
C74
102
}
330
2
100
AcDbSymbolTableRecord
100
AcDbLayerTableRecord
  2
_MotorCAD477_
 70
     0
 62
     7
  6
Continuous
370
    -3
390
F
347
21
348
0
  0
LAYER
  5
431
102
{ACAD_XDICTIONARY
360
C76
102
}
330
2
100
AcDbSymbolTableRecord
100
AcDbLayerTableRecord
  2
_MotorCAD478_
 70
     0
 62
     7
  6
Continuous
370
    -3
390
F
347
21
348
0
  0
LAYER
  5
433
102
{ACAD_XDICTIONARY
360
C78
102
}
330
2
100
AcDbSymbolTableRecord
100
AcDbLayerTableRecord
  2
_MotorCAD479_
 70
     0
 62
     7
  6
Continuous
370
    -3
390
F
347
21
348
0
  0
LAYER
  5
435
102
{ACAD_XDICTIONARY
360
C7A
102
}
330
2
100
AcDbSymbolTableRecord
100
AcDbLayerTableRecord
  2
_MotorCAD480_
 70
     0
 62
     7
  6
Continuous
370
    -3
390
F
347
21
348
0
  0
LAYER
  5
437
102
{ACAD_XDICTIONARY
360
C7C
102
}
330
2
100
AcDbSymbolTableRecord
100
AcDbLayerTableRecord
  2
_MotorCAD481_
 70
     0
 62
     7
  6
Continuous
370
    -3
390
F
347
21
348
0
  0
LAYER
  5
439
102
{ACAD_XDICTIONARY
360
C7E
102
}
330
2
100
AcDbSymbolTableRecord
100
AcDbLayerTableRecord
  2
_MotorCAD482_
 70
     0
 62
     7
  6
Continuous
370
    -3
390
F
347
21
348
0
  0
LAYER
  5
43B
102
{ACAD_XDICTIONARY
360
C80
102
}
330
2
100
AcDbSymbolTableRecord
100
AcDbLayerTableRecord
  2
_MotorCAD483_
 70
     0
 62
     7
  6
Continuous
370
    -3
390
F
347
21
348
0
  0
LAYER
  5
43D
102
{ACAD_XDICTIONARY
360
C82
102
}
330
2
100
AcDbSymbolTableRecord
100
AcDbLayerTableRecord
  2
_MotorCAD484_
 70
     0
 62
     7
  6
Continuous
370
    -3
390
F
347
21
348
0
  0
LAYER
  5
43F
102
{ACAD_XDICTIONARY
360
C84
102
}
330
2
100
AcDbSymbolTableRecord
100
AcDbLayerTableRecord
  2
_MotorCAD485_
 70
     0
 62
     7
  6
Continuous
370
    -3
390
F
347
21
348
0
  0
LAYER
  5
441
102
{ACAD_XDICTIONARY
360
C86
102
}
330
2
100
AcDbSymbolTableRecord
100
AcDbLayerTableRecord
  2
_MotorCAD486_
 70
     0
 62
     7
  6
Continuous
370
    -3
390
F
347
21
348
0
  0
LAYER
  5
443
102
{ACAD_XDICTIONARY
360
C88
102
}
330
2
100
AcDbSymbolTableRecord
100
AcDbLayerTableRecord
  2
_MotorCAD487_
 70
     0
 62
     7
  6
Continuous
370
    -3
390
F
347
21
348
0
  0
LAYER
  5
445
102
{ACAD_XDICTIONARY
360
C8A
102
}
330
2
100
AcDbSymbolTableRecord
100
AcDbLayerTableRecord
  2
_MotorCAD488_
 70
     0
 62
     7
  6
Continuous
370
    -3
390
F
347
21
348
0
  0
LAYER
  5
447
102
{ACAD_XDICTIONARY
360
C8C
102
}
330
2
100
AcDbSymbolTableRecord
100
AcDbLayerTableRecord
  2
_MotorCAD489_
 70
     0
 62
     7
  6
Continuous
370
    -3
390
F
347
21
348
0
  0
LAYER
  5
449
102
{ACAD_XDICTIONARY
360
C8E
102
}
330
2
100
AcDbSymbolTableRecord
100
AcDbLayerTableRecord
  2
_MotorCAD490_
 70
     0
 62
     7
  6
Continuous
370
    -3
390
F
347
21
348
0
  0
LAYER
  5
44B
102
{ACAD_XDICTIONARY
360
C90
102
}
330
2
100
AcDbSymbolTableRecord
100
AcDbLayerTableRecord
  2
_MotorCAD491_
 70
     0
 62
     7
  6
Continuous
370
    -3
390
F
347
21
348
0
  0
LAYER
  5
44D
102
{ACAD_XDICTIONARY
360
C92
102
}
330
2
100
AcDbSymbolTableRecord
100
AcDbLayerTableRecord
  2
_MotorCAD492_
 70
     0
 62
     7
  6
Continuous
370
    -3
390
F
347
21
348
0
  0
LAYER
  5
44F
102
{ACAD_XDICTIONARY
360
C94
102
}
330
2
100
AcDbSymbolTableRecord
100
AcDbLayerTableRecord
  2
_MotorCAD493_
 70
     0
 62
     7
  6
Continuous
370
    -3
390
F
347
21
348
0
  0
LAYER
  5
451
102
{ACAD_XDICTIONARY
360
C96
102
}
330
2
100
AcDbSymbolTableRecord
100
AcDbLayerTableRecord
  2
_MotorCAD494_
 70
     0
 62
     7
  6
Continuous
370
    -3
390
F
347
21
348
0
  0
LAYER
  5
453
102
{ACAD_XDICTIONARY
360
C98
102
}
330
2
100
AcDbSymbolTableRecord
100
AcDbLayerTableRecord
  2
_MotorCAD495_
 70
     0
 62
     7
  6
Continuous
370
    -3
390
F
347
21
348
0
  0
LAYER
  5
455
102
{ACAD_XDICTIONARY
360
C9A
102
}
330
2
100
AcDbSymbolTableRecord
100
AcDbLayerTableRecord
  2
_MotorCAD496_
 70
     0
 62
     7
  6
Continuous
370
    -3
390
F
347
21
348
0
  0
LAYER
  5
457
102
{ACAD_XDICTIONARY
360
C9C
102
}
330
2
100
AcDbSymbolTableRecord
100
AcDbLayerTableRecord
  2
_MotorCAD497_
 70
     0
 62
     7
  6
Continuous
370
    -3
390
F
347
21
348
0
  0
LAYER
  5
459
102
{ACAD_XDICTIONARY
360
C9E
102
}
330
2
100
AcDbSymbolTableRecord
100
AcDbLayerTableRecord
  2
_MotorCAD498_
 70
     0
 62
     7
  6
Continuous
370
    -3
390
F
347
21
348
0
  0
LAYER
  5
45B
102
{ACAD_XDICTIONARY
360
CA0
102
}
330
2
100
AcDbSymbolTableRecord
100
AcDbLayerTableRecord
  2
_MotorCAD499_
 70
     0
 62
     7
  6
Continuous
370
    -3
390
F
347
21
348
0
  0
LAYER
  5
45D
102
{ACAD_XDICTIONARY
360
CA2
102
}
330
2
100
AcDbSymbolTableRecord
100
AcDbLayerTableRecord
  2
_MotorCAD500_
 70
     0
 62
     7
  6
Continuous
370
    -3
390
F
347
21
348
0
  0
LAYER
  5
45F
102
{ACAD_XDICTIONARY
360
CA4
102
}
330
2
100
AcDbSymbolTableRecord
100
AcDbLayerTableRecord
  2
_MotorCAD501_
 70
     0
 62
     7
  6
Continuous
370
    -3
390
F
347
21
348
0
  0
LAYER
  5
461
102
{ACAD_XDICTIONARY
360
CA6
102
}
330
2
100
AcDbSymbolTableRecord
100
AcDbLayerTableRecord
  2
_MotorCAD502_
 70
     0
 62
     7
  6
Continuous
370
    -3
390
F
347
21
348
0
  0
LAYER
  5
463
102
{ACAD_XDICTIONARY
360
CA8
102
}
330
2
100
AcDbSymbolTableRecord
100
AcDbLayerTableRecord
  2
_MotorCAD503_
 70
     0
 62
     7
  6
Continuous
370
    -3
390
F
347
21
348
0
  0
LAYER
  5
465
102
{ACAD_XDICTIONARY
360
CAA
102
}
330
2
100
AcDbSymbolTableRecord
100
AcDbLayerTableRecord
  2
_MotorCAD504_
 70
     0
 62
     7
  6
Continuous
370
    -3
390
F
347
21
348
0
  0
LAYER
  5
467
102
{ACAD_XDICTIONARY
360
CAC
102
}
330
2
100
AcDbSymbolTableRecord
100
AcDbLayerTableRecord
  2
_MotorCAD505_
 70
     0
 62
     7
  6
Continuous
370
    -3
390
F
347
21
348
0
  0
LAYER
  5
469
102
{ACAD_XDICTIONARY
360
CAE
102
}
330
2
100
AcDbSymbolTableRecord
100
AcDbLayerTableRecord
  2
_MotorCAD506_
 70
     0
 62
     7
  6
Continuous
370
    -3
390
F
347
21
348
0
  0
LAYER
  5
46B
102
{ACAD_XDICTIONARY
360
CB0
102
}
330
2
100
AcDbSymbolTableRecord
100
AcDbLayerTableRecord
  2
_MotorCAD507_
 70
     0
 62
     7
  6
Continuous
370
    -3
390
F
347
21
348
0
  0
LAYER
  5
46D
102
{ACAD_XDICTIONARY
360
CB2
102
}
330
2
100
AcDbSymbolTableRecord
100
AcDbLayerTableRecord
  2
_MotorCAD508_
 70
     0
 62
     7
  6
Continuous
370
    -3
390
F
347
21
348
0
  0
LAYER
  5
46F
102
{ACAD_XDICTIONARY
360
CB4
102
}
330
2
100
AcDbSymbolTableRecord
100
AcDbLayerTableRecord
  2
_MotorCAD509_
 70
     0
 62
     7
  6
Continuous
370
    -3
390
F
347
21
348
0
  0
LAYER
  5
471
102
{ACAD_XDICTIONARY
360
CB6
102
}
330
2
100
AcDbSymbolTableRecord
100
AcDbLayerTableRecord
  2
_MotorCAD510_
 70
     0
 62
     7
  6
Continuous
370
    -3
390
F
347
21
348
0
  0
LAYER
  5
473
102
{ACAD_XDICTIONARY
360
CB8
102
}
330
2
100
AcDbSymbolTableRecord
100
AcDbLayerTableRecord
  2
_MotorCAD511_
 70
     0
 62
     7
  6
Continuous
370
    -3
390
F
347
21
348
0
  0
LAYER
  5
475
102
{ACAD_XDICTIONARY
360
CBA
102
}
330
2
100
AcDbSymbolTableRecord
100
AcDbLayerTableRecord
  2
_MotorCAD512_
 70
     0
 62
     7
  6
Continuous
370
    -3
390
F
347
21
348
0
  0
LAYER
  5
477
102
{ACAD_XDICTIONARY
360
CBC
102
}
330
2
100
AcDbSymbolTableRecord
100
AcDbLayerTableRecord
  2
_MotorCAD513_
 70
     0
 62
     7
  6
Continuous
370
    -3
390
F
347
21
348
0
  0
LAYER
  5
479
102
{ACAD_XDICTIONARY
360
CBE
102
}
330
2
100
AcDbSymbolTableRecord
100
AcDbLayerTableRecord
  2
_MotorCAD514_
 70
     0
 62
     7
  6
Continuous
370
    -3
390
F
347
21
348
0
  0
LAYER
  5
47B
102
{ACAD_XDICTIONARY
360
CC0
102
}
330
2
100
AcDbSymbolTableRecord
100
AcDbLayerTableRecord
  2
_MotorCAD515_
 70
     0
 62
     7
  6
Continuous
370
    -3
390
F
347
21
348
0
  0
LAYER
  5
47D
102
{ACAD_XDICTIONARY
360
CC2
102
}
330
2
100
AcDbSymbolTableRecord
100
AcDbLayerTableRecord
  2
_MotorCAD516_
 70
     0
 62
     7
  6
Continuous
370
    -3
390
F
347
21
348
0
  0
LAYER
  5
47F
102
{ACAD_XDICTIONARY
360
CC4
102
}
330
2
100
AcDbSymbolTableRecord
100
AcDbLayerTableRecord
  2
_MotorCAD517_
 70
     0
 62
     7
  6
Continuous
370
    -3
390
F
347
21
348
0
  0
LAYER
  5
481
102
{ACAD_XDICTIONARY
360
CC6
102
}
330
2
100
AcDbSymbolTableRecord
100
AcDbLayerTableRecord
  2
_MotorCAD518_
 70
     0
 62
     7
  6
Continuous
370
    -3
390
F
347
21
348
0
  0
LAYER
  5
483
102
{ACAD_XDICTIONARY
360
CC8
102
}
330
2
100
AcDbSymbolTableRecord
100
AcDbLayerTableRecord
  2
_MotorCAD519_
 70
     0
 62
     7
  6
Continuous
370
    -3
390
F
347
21
348
0
  0
LAYER
  5
485
102
{ACAD_XDICTIONARY
360
CCA
102
}
330
2
100
AcDbSymbolTableRecord
100
AcDbLayerTableRecord
  2
_MotorCAD520_
 70
     0
 62
     7
  6
Continuous
370
    -3
390
F
347
21
348
0
  0
LAYER
  5
487
102
{ACAD_XDICTIONARY
360
CCC
102
}
330
2
100
AcDbSymbolTableRecord
100
AcDbLayerTableRecord
  2
_MotorCAD521_
 70
     0
 62
     7
  6
Continuous
370
    -3
390
F
347
21
348
0
  0
LAYER
  5
489
102
{ACAD_XDICTIONARY
360
CCE
102
}
330
2
100
AcDbSymbolTableRecord
100
AcDbLayerTableRecord
  2
_MotorCAD522_
 70
     0
 62
     7
  6
Continuous
370
    -3
390
F
347
21
348
0
  0
LAYER
  5
48B
102
{ACAD_XDICTIONARY
360
CD0
102
}
330
2
100
AcDbSymbolTableRecord
100
AcDbLayerTableRecord
  2
_MotorCAD523_
 70
     0
 62
     7
  6
Continuous
370
    -3
390
F
347
21
348
0
  0
LAYER
  5
48D
102
{ACAD_XDICTIONARY
360
CD2
102
}
330
2
100
AcDbSymbolTableRecord
100
AcDbLayerTableRecord
  2
_MotorCAD524_
 70
     0
 62
     7
  6
Continuous
370
    -3
390
F
347
21
348
0
  0
LAYER
  5
48F
102
{ACAD_XDICTIONARY
360
CD4
102
}
330
2
100
AcDbSymbolTableRecord
100
AcDbLayerTableRecord
  2
_MotorCAD525_
 70
     0
 62
     7
  6
Continuous
370
    -3
390
F
347
21
348
0
  0
LAYER
  5
491
102
{ACAD_XDICTIONARY
360
CD6
102
}
330
2
100
AcDbSymbolTableRecord
100
AcDbLayerTableRecord
  2
_MotorCAD526_
 70
     0
 62
     7
  6
Continuous
370
    -3
390
F
347
21
348
0
  0
LAYER
  5
493
102
{ACAD_XDICTIONARY
360
CD8
102
}
330
2
100
AcDbSymbolTableRecord
100
AcDbLayerTableRecord
  2
_MotorCAD527_
 70
     0
 62
     7
  6
Continuous
370
    -3
390
F
347
21
348
0
  0
LAYER
  5
495
102
{ACAD_XDICTIONARY
360
CDA
102
}
330
2
100
AcDbSymbolTableRecord
100
AcDbLayerTableRecord
  2
_MotorCAD528_
 70
     0
 62
     7
  6
Continuous
370
    -3
390
F
347
21
348
0
  0
LAYER
  5
497
102
{ACAD_XDICTIONARY
360
CDC
102
}
330
2
100
AcDbSymbolTableRecord
100
AcDbLayerTableRecord
  2
_MotorCAD529_
 70
     0
 62
     7
  6
Continuous
370
    -3
390
F
347
21
348
0
  0
LAYER
  5
499
102
{ACAD_XDICTIONARY
360
CDE
102
}
330
2
100
AcDbSymbolTableRecord
100
AcDbLayerTableRecord
  2
_MotorCAD530_
 70
     0
 62
     7
  6
Continuous
370
    -3
390
F
347
21
348
0
  0
LAYER
  5
49B
102
{ACAD_XDICTIONARY
360
CE0
102
}
330
2
100
AcDbSymbolTableRecord
100
AcDbLayerTableRecord
  2
_MotorCAD531_
 70
     0
 62
     7
  6
Continuous
370
    -3
390
F
347
21
348
0
  0
LAYER
  5
49D
102
{ACAD_XDICTIONARY
360
CE2
102
}
330
2
100
AcDbSymbolTableRecord
100
AcDbLayerTableRecord
  2
_MotorCAD532_
 70
     0
 62
     7
  6
Continuous
370
    -3
390
F
347
21
348
0
  0
LAYER
  5
49F
102
{ACAD_XDICTIONARY
360
CE4
102
}
330
2
100
AcDbSymbolTableRecord
100
AcDbLayerTableRecord
  2
_MotorCAD533_
 70
     0
 62
     7
  6
Continuous
370
    -3
390
F
347
21
348
0
  0
LAYER
  5
4A1
102
{ACAD_XDICTIONARY
360
CE6
102
}
330
2
100
AcDbSymbolTableRecord
100
AcDbLayerTableRecord
  2
_MotorCAD534_
 70
     0
 62
     7
  6
Continuous
370
    -3
390
F
347
21
348
0
  0
LAYER
  5
4A3
102
{ACAD_XDICTIONARY
360
CE8
102
}
330
2
100
AcDbSymbolTableRecord
100
AcDbLayerTableRecord
  2
_MotorCAD535_
 70
     0
 62
     7
  6
Continuous
370
    -3
390
F
347
21
348
0
  0
LAYER
  5
4A5
102
{ACAD_XDICTIONARY
360
CEA
102
}
330
2
100
AcDbSymbolTableRecord
100
AcDbLayerTableRecord
  2
_MotorCAD536_
 70
     0
 62
     7
  6
Continuous
370
    -3
390
F
347
21
348
0
  0
LAYER
  5
4A7
102
{ACAD_XDICTIONARY
360
CEC
102
}
330
2
100
AcDbSymbolTableRecord
100
AcDbLayerTableRecord
  2
_MotorCAD537_
 70
     0
 62
     7
  6
Continuous
370
    -3
390
F
347
21
348
0
  0
LAYER
  5
4A9
102
{ACAD_XDICTIONARY
360
CEE
102
}
330
2
100
AcDbSymbolTableRecord
100
AcDbLayerTableRecord
  2
_MotorCAD538_
 70
     0
 62
     7
  6
Continuous
370
    -3
390
F
347
21
348
0
  0
LAYER
  5
4AB
102
{ACAD_XDICTIONARY
360
CF0
102
}
330
2
100
AcDbSymbolTableRecord
100
AcDbLayerTableRecord
  2
_MotorCAD539_
 70
     0
 62
     7
  6
Continuous
370
    -3
390
F
347
21
348
0
  0
LAYER
  5
4AD
102
{ACAD_XDICTIONARY
360
CF2
102
}
330
2
100
AcDbSymbolTableRecord
100
AcDbLayerTableRecord
  2
_MotorCAD540_
 70
     0
 62
     7
  6
Continuous
370
    -3
390
F
347
21
348
0
  0
LAYER
  5
4AF
102
{ACAD_XDICTIONARY
360
CF4
102
}
330
2
100
AcDbSymbolTableRecord
100
AcDbLayerTableRecord
  2
_MotorCAD541_
 70
     0
 62
     7
  6
Continuous
370
    -3
390
F
347
21
348
0
  0
LAYER
  5
4B1
102
{ACAD_XDICTIONARY
360
CF6
102
}
330
2
100
AcDbSymbolTableRecord
100
AcDbLayerTableRecord
  2
_MotorCAD542_
 70
     0
 62
     7
  6
Continuous
370
    -3
390
F
347
21
348
0
  0
LAYER
  5
4B3
102
{ACAD_XDICTIONARY
360
CF8
102
}
330
2
100
AcDbSymbolTableRecord
100
AcDbLayerTableRecord
  2
_MotorCAD543_
 70
     0
 62
     7
  6
Continuous
370
    -3
390
F
347
21
348
0
  0
LAYER
  5
4B5
102
{ACAD_XDICTIONARY
360
CFA
102
}
330
2
100
AcDbSymbolTableRecord
100
AcDbLayerTableRecord
  2
_MotorCAD544_
 70
     0
 62
     7
  6
Continuous
370
    -3
390
F
347
21
348
0
  0
LAYER
  5
4B7
102
{ACAD_XDICTIONARY
360
CFC
102
}
330
2
100
AcDbSymbolTableRecord
100
AcDbLayerTableRecord
  2
_MotorCAD545_
 70
     0
 62
     7
  6
Continuous
370
    -3
390
F
347
21
348
0
  0
LAYER
  5
4B9
102
{ACAD_XDICTIONARY
360
CFE
102
}
330
2
100
AcDbSymbolTableRecord
100
AcDbLayerTableRecord
  2
_MotorCAD546_
 70
     0
 62
     7
  6
Continuous
370
    -3
390
F
347
21
348
0
  0
LAYER
  5
4BB
102
{ACAD_XDICTIONARY
360
D00
102
}
330
2
100
AcDbSymbolTableRecord
100
AcDbLayerTableRecord
  2
_MotorCAD547_
 70
     0
 62
     7
  6
Continuous
370
    -3
390
F
347
21
348
0
  0
LAYER
  5
4BD
102
{ACAD_XDICTIONARY
360
D02
102
}
330
2
100
AcDbSymbolTableRecord
100
AcDbLayerTableRecord
  2
_MotorCAD548_
 70
     0
 62
     7
  6
Continuous
370
    -3
390
F
347
21
348
0
  0
LAYER
  5
4BF
102
{ACAD_XDICTIONARY
360
D04
102
}
330
2
100
AcDbSymbolTableRecord
100
AcDbLayerTableRecord
  2
_MotorCAD549_
 70
     0
 62
     7
  6
Continuous
370
    -3
390
F
347
21
348
0
  0
LAYER
  5
4C1
102
{ACAD_XDICTIONARY
360
D06
102
}
330
2
100
AcDbSymbolTableRecord
100
AcDbLayerTableRecord
  2
_MotorCAD550_
 70
     0
 62
     7
  6
Continuous
370
    -3
390
F
347
21
348
0
  0
LAYER
  5
4C3
102
{ACAD_XDICTIONARY
360
D08
102
}
330
2
100
AcDbSymbolTableRecord
100
AcDbLayerTableRecord
  2
_MotorCAD551_
 70
     0
 62
     7
  6
Continuous
370
    -3
390
F
347
21
348
0
  0
LAYER
  5
4C5
102
{ACAD_XDICTIONARY
360
D0A
102
}
330
2
100
AcDbSymbolTableRecord
100
AcDbLayerTableRecord
  2
_MotorCAD552_
 70
     0
 62
     7
  6
Continuous
370
    -3
390
F
347
21
348
0
  0
LAYER
  5
4C7
102
{ACAD_XDICTIONARY
360
D0C
102
}
330
2
100
AcDbSymbolTableRecord
100
AcDbLayerTableRecord
  2
_MotorCAD553_
 70
     0
 62
     7
  6
Continuous
370
    -3
390
F
347
21
348
0
  0
LAYER
  5
4C9
102
{ACAD_XDICTIONARY
360
D0E
102
}
330
2
100
AcDbSymbolTableRecord
100
AcDbLayerTableRecord
  2
_MotorCAD554_
 70
     0
 62
     7
  6
Continuous
370
    -3
390
F
347
21
348
0
  0
LAYER
  5
4CB
102
{ACAD_XDICTIONARY
360
D10
102
}
330
2
100
AcDbSymbolTableRecord
100
AcDbLayerTableRecord
  2
_MotorCAD555_
 70
     0
 62
     7
  6
Continuous
370
    -3
390
F
347
21
348
0
  0
LAYER
  5
4CD
102
{ACAD_XDICTIONARY
360
D12
102
}
330
2
100
AcDbSymbolTableRecord
100
AcDbLayerTableRecord
  2
_MotorCAD556_
 70
     0
 62
     7
  6
Continuous
370
    -3
390
F
347
21
348
0
  0
LAYER
  5
4CF
102
{ACAD_XDICTIONARY
360
D14
102
}
330
2
100
AcDbSymbolTableRecord
100
AcDbLayerTableRecord
  2
_MotorCAD557_
 70
     0
 62
     7
  6
Continuous
370
    -3
390
F
347
21
348
0
  0
LAYER
  5
4D1
102
{ACAD_XDICTIONARY
360
D16
102
}
330
2
100
AcDbSymbolTableRecord
100
AcDbLayerTableRecord
  2
_MotorCAD558_
 70
     0
 62
     7
  6
Continuous
370
    -3
390
F
347
21
348
0
  0
LAYER
  5
4D3
102
{ACAD_XDICTIONARY
360
D18
102
}
330
2
100
AcDbSymbolTableRecord
100
AcDbLayerTableRecord
  2
_MotorCAD559_
 70
     0
 62
     7
  6
Continuous
370
    -3
390
F
347
21
348
0
  0
LAYER
  5
4D5
102
{ACAD_XDICTIONARY
360
D1A
102
}
330
2
100
AcDbSymbolTableRecord
100
AcDbLayerTableRecord
  2
_MotorCAD560_
 70
     0
 62
     7
  6
Continuous
370
    -3
390
F
347
21
348
0
  0
LAYER
  5
4D7
102
{ACAD_XDICTIONARY
360
D1C
102
}
330
2
100
AcDbSymbolTableRecord
100
AcDbLayerTableRecord
  2
_MotorCAD561_
 70
     0
 62
     7
  6
Continuous
370
    -3
390
F
347
21
348
0
  0
LAYER
  5
4D9
102
{ACAD_XDICTIONARY
360
D1E
102
}
330
2
100
AcDbSymbolTableRecord
100
AcDbLayerTableRecord
  2
_MotorCAD562_
 70
     0
 62
     7
  6
Continuous
370
    -3
390
F
347
21
348
0
  0
LAYER
  5
4DB
102
{ACAD_XDICTIONARY
360
D20
102
}
330
2
100
AcDbSymbolTableRecord
100
AcDbLayerTableRecord
  2
_MotorCAD563_
 70
     0
 62
     7
  6
Continuous
370
    -3
390
F
347
21
348
0
  0
LAYER
  5
4DD
102
{ACAD_XDICTIONARY
360
D22
102
}
330
2
100
AcDbSymbolTableRecord
100
AcDbLayerTableRecord
  2
_MotorCAD564_
 70
     0
 62
     7
  6
Continuous
370
    -3
390
F
347
21
348
0
  0
LAYER
  5
4DF
102
{ACAD_XDICTIONARY
360
D24
102
}
330
2
100
AcDbSymbolTableRecord
100
AcDbLayerTableRecord
  2
_MotorCAD565_
 70
     0
 62
     7
  6
Continuous
370
    -3
390
F
347
21
348
0
  0
LAYER
  5
4E1
102
{ACAD_XDICTIONARY
360
D26
102
}
330
2
100
AcDbSymbolTableRecord
100
AcDbLayerTableRecord
  2
_MotorCAD566_
 70
     0
 62
     7
  6
Continuous
370
    -3
390
F
347
21
348
0
  0
LAYER
  5
4E3
102
{ACAD_XDICTIONARY
360
D28
102
}
330
2
100
AcDbSymbolTableRecord
100
AcDbLayerTableRecord
  2
_MotorCAD567_
 70
     0
 62
     7
  6
Continuous
370
    -3
390
F
347
21
348
0
  0
LAYER
  5
4E5
102
{ACAD_XDICTIONARY
360
D2A
102
}
330
2
100
AcDbSymbolTableRecord
100
AcDbLayerTableRecord
  2
_MotorCAD568_
 70
     0
 62
     7
  6
Continuous
370
    -3
390
F
347
21
348
0
  0
LAYER
  5
4E7
102
{ACAD_XDICTIONARY
360
D2C
102
}
330
2
100
AcDbSymbolTableRecord
100
AcDbLayerTableRecord
  2
_MotorCAD569_
 70
     0
 62
     7
  6
Continuous
370
    -3
390
F
347
21
348
0
  0
LAYER
  5
4E9
102
{ACAD_XDICTIONARY
360
D2E
102
}
330
2
100
AcDbSymbolTableRecord
100
AcDbLayerTableRecord
  2
_MotorCAD570_
 70
     0
 62
     7
  6
Continuous
370
    -3
390
F
347
21
348
0
  0
LAYER
  5
4EB
102
{ACAD_XDICTIONARY
360
D30
102
}
330
2
100
AcDbSymbolTableRecord
100
AcDbLayerTableRecord
  2
_MotorCAD571_
 70
     0
 62
     7
  6
Continuous
370
    -3
390
F
347
21
348
0
  0
LAYER
  5
4ED
102
{ACAD_XDICTIONARY
360
D32
102
}
330
2
100
AcDbSymbolTableRecord
100
AcDbLayerTableRecord
  2
_MotorCAD572_
 70
     0
 62
     7
  6
Continuous
370
    -3
390
F
347
21
348
0
  0
LAYER
  5
4EF
102
{ACAD_XDICTIONARY
360
D34
102
}
330
2
100
AcDbSymbolTableRecord
100
AcDbLayerTableRecord
  2
_MotorCAD573_
 70
     0
 62
     7
  6
Continuous
370
    -3
390
F
347
21
348
0
  0
LAYER
  5
4F1
102
{ACAD_XDICTIONARY
360
D36
102
}
330
2
100
AcDbSymbolTableRecord
100
AcDbLayerTableRecord
  2
_MotorCAD574_
 70
     0
 62
     7
  6
Continuous
370
    -3
390
F
347
21
348
0
  0
LAYER
  5
4F3
102
{ACAD_XDICTIONARY
360
D38
102
}
330
2
100
AcDbSymbolTableRecord
100
AcDbLayerTableRecord
  2
_MotorCAD575_
 70
     0
 62
     7
  6
Continuous
370
    -3
390
F
347
21
348
0
  0
LAYER
  5
4F5
102
{ACAD_XDICTIONARY
360
D3A
102
}
330
2
100
AcDbSymbolTableRecord
100
AcDbLayerTableRecord
  2
_MotorCAD576_
 70
     0
 62
     7
  6
Continuous
370
    -3
390
F
347
21
348
0
  0
LAYER
  5
4F7
102
{ACAD_XDICTIONARY
360
D3C
102
}
330
2
100
AcDbSymbolTableRecord
100
AcDbLayerTableRecord
  2
_MotorCAD577_
 70
     0
 62
     7
  6
Continuous
370
    -3
390
F
347
21
348
0
  0
LAYER
  5
4F9
102
{ACAD_XDICTIONARY
360
D3E
102
}
330
2
100
AcDbSymbolTableRecord
100
AcDbLayerTableRecord
  2
_MotorCAD578_
 70
     0
 62
     7
  6
Continuous
370
    -3
390
F
347
21
348
0
  0
LAYER
  5
4FB
102
{ACAD_XDICTIONARY
360
D40
102
}
330
2
100
AcDbSymbolTableRecord
100
AcDbLayerTableRecord
  2
_MotorCAD579_
 70
     0
 62
     7
  6
Continuous
370
    -3
390
F
347
21
348
0
  0
LAYER
  5
4FD
102
{ACAD_XDICTIONARY
360
D42
102
}
330
2
100
AcDbSymbolTableRecord
100
AcDbLayerTableRecord
  2
_MotorCAD580_
 70
     0
 62
     7
  6
Continuous
370
    -3
390
F
347
21
348
0
  0
LAYER
  5
4FF
102
{ACAD_XDICTIONARY
360
D44
102
}
330
2
100
AcDbSymbolTableRecord
100
AcDbLayerTableRecord
  2
_MotorCAD581_
 70
     0
 62
     7
  6
Continuous
370
    -3
390
F
347
21
348
0
  0
LAYER
  5
501
102
{ACAD_XDICTIONARY
360
D46
102
}
330
2
100
AcDbSymbolTableRecord
100
AcDbLayerTableRecord
  2
_MotorCAD582_
 70
     0
 62
     7
  6
Continuous
370
    -3
390
F
347
21
348
0
  0
LAYER
  5
503
102
{ACAD_XDICTIONARY
360
D48
102
}
330
2
100
AcDbSymbolTableRecord
100
AcDbLayerTableRecord
  2
_MotorCAD583_
 70
     0
 62
     7
  6
Continuous
370
    -3
390
F
347
21
348
0
  0
LAYER
  5
505
102
{ACAD_XDICTIONARY
360
D4A
102
}
330
2
100
AcDbSymbolTableRecord
100
AcDbLayerTableRecord
  2
_MotorCAD584_
 70
     0
 62
     7
  6
Continuous
370
    -3
390
F
347
21
348
0
  0
LAYER
  5
507
102
{ACAD_XDICTIONARY
360
D4C
102
}
330
2
100
AcDbSymbolTableRecord
100
AcDbLayerTableRecord
  2
_MotorCAD585_
 70
     0
 62
     7
  6
Continuous
370
    -3
390
F
347
21
348
0
  0
LAYER
  5
509
102
{ACAD_XDICTIONARY
360
D4E
102
}
330
2
100
AcDbSymbolTableRecord
100
AcDbLayerTableRecord
  2
_MotorCAD586_
 70
     0
 62
     7
  6
Continuous
370
    -3
390
F
347
21
348
0
  0
LAYER
  5
50B
102
{ACAD_XDICTIONARY
360
D50
102
}
330
2
100
AcDbSymbolTableRecord
100
AcDbLayerTableRecord
  2
_MotorCAD587_
 70
     0
 62
     7
  6
Continuous
370
    -3
390
F
347
21
348
0
  0
LAYER
  5
50D
102
{ACAD_XDICTIONARY
360
D52
102
}
330
2
100
AcDbSymbolTableRecord
100
AcDbLayerTableRecord
  2
_MotorCAD588_
 70
     0
 62
     7
  6
Continuous
370
    -3
390
F
347
21
348
0
  0
LAYER
  5
50F
102
{ACAD_XDICTIONARY
360
D54
102
}
330
2
100
AcDbSymbolTableRecord
100
AcDbLayerTableRecord
  2
_MotorCAD589_
 70
     0
 62
     7
  6
Continuous
370
    -3
390
F
347
21
348
0
  0
LAYER
  5
511
102
{ACAD_XDICTIONARY
360
D56
102
}
330
2
100
AcDbSymbolTableRecord
100
AcDbLayerTableRecord
  2
_MotorCAD590_
 70
     0
 62
     7
  6
Continuous
370
    -3
390
F
347
21
348
0
  0
LAYER
  5
513
102
{ACAD_XDICTIONARY
360
D58
102
}
330
2
100
AcDbSymbolTableRecord
100
AcDbLayerTableRecord
  2
_MotorCAD591_
 70
     0
 62
     7
  6
Continuous
370
    -3
390
F
347
21
348
0
  0
LAYER
  5
515
102
{ACAD_XDICTIONARY
360
D5A
102
}
330
2
100
AcDbSymbolTableRecord
100
AcDbLayerTableRecord
  2
_MotorCAD592_
 70
     0
 62
     7
  6
Continuous
370
    -3
390
F
347
21
348
0
  0
LAYER
  5
517
102
{ACAD_XDICTIONARY
360
D5C
102
}
330
2
100
AcDbSymbolTableRecord
100
AcDbLayerTableRecord
  2
_MotorCAD593_
 70
     0
 62
     7
  6
Continuous
370
    -3
390
F
347
21
348
0
  0
LAYER
  5
519
102
{ACAD_XDICTIONARY
360
D5E
102
}
330
2
100
AcDbSymbolTableRecord
100
AcDbLayerTableRecord
  2
_MotorCAD594_
 70
     0
 62
     7
  6
Continuous
370
    -3
390
F
347
21
348
0
  0
LAYER
  5
51B
102
{ACAD_XDICTIONARY
360
D60
102
}
330
2
100
AcDbSymbolTableRecord
100
AcDbLayerTableRecord
  2
_MotorCAD595_
 70
     0
 62
     7
  6
Continuous
370
    -3
390
F
347
21
348
0
  0
LAYER
  5
51D
102
{ACAD_XDICTIONARY
360
D62
102
}
330
2
100
AcDbSymbolTableRecord
100
AcDbLayerTableRecord
  2
_MotorCAD596_
 70
     0
 62
     7
  6
Continuous
370
    -3
390
F
347
21
348
0
  0
LAYER
  5
51F
102
{ACAD_XDICTIONARY
360
D64
102
}
330
2
100
AcDbSymbolTableRecord
100
AcDbLayerTableRecord
  2
_MotorCAD597_
 70
     0
 62
     7
  6
Continuous
370
    -3
390
F
347
21
348
0
  0
LAYER
  5
521
102
{ACAD_XDICTIONARY
360
D66
102
}
330
2
100
AcDbSymbolTableRecord
100
AcDbLayerTableRecord
  2
_MotorCAD598_
 70
     0
 62
     7
  6
Continuous
370
    -3
390
F
347
21
348
0
  0
LAYER
  5
523
102
{ACAD_XDICTIONARY
360
D68
102
}
330
2
100
AcDbSymbolTableRecord
100
AcDbLayerTableRecord
  2
_MotorCAD599_
 70
     0
 62
     7
  6
Continuous
370
    -3
390
F
347
21
348
0
  0
LAYER
  5
525
102
{ACAD_XDICTIONARY
360
D6A
102
}
330
2
100
AcDbSymbolTableRecord
100
AcDbLayerTableRecord
  2
_MotorCAD600_
 70
     0
 62
     7
  6
Continuous
370
    -3
390
F
347
21
348
0
  0
LAYER
  5
527
102
{ACAD_XDICTIONARY
360
D6C
102
}
330
2
100
AcDbSymbolTableRecord
100
AcDbLayerTableRecord
  2
_MotorCAD601_
 70
     0
 62
     7
  6
Continuous
370
    -3
390
F
347
21
348
0
  0
LAYER
  5
529
102
{ACAD_XDICTIONARY
360
D6E
102
}
330
2
100
AcDbSymbolTableRecord
100
AcDbLayerTableRecord
  2
_MotorCAD602_
 70
     0
 62
     7
  6
Continuous
370
    -3
390
F
347
21
348
0
  0
LAYER
  5
52B
102
{ACAD_XDICTIONARY
360
D70
102
}
330
2
100
AcDbSymbolTableRecord
100
AcDbLayerTableRecord
  2
_MotorCAD603_
 70
     0
 62
     7
  6
Continuous
370
    -3
390
F
347
21
348
0
  0
LAYER
  5
52D
102
{ACAD_XDICTIONARY
360
D72
102
}
330
2
100
AcDbSymbolTableRecord
100
AcDbLayerTableRecord
  2
_MotorCAD604_
 70
     0
 62
     7
  6
Continuous
370
    -3
390
F
347
21
348
0
  0
LAYER
  5
52F
102
{ACAD_XDICTIONARY
360
D74
102
}
330
2
100
AcDbSymbolTableRecord
100
AcDbLayerTableRecord
  2
_MotorCAD605_
 70
     0
 62
     7
  6
Continuous
370
    -3
390
F
347
21
348
0
  0
LAYER
  5
531
102
{ACAD_XDICTIONARY
360
D76
102
}
330
2
100
AcDbSymbolTableRecord
100
AcDbLayerTableRecord
  2
_MotorCAD606_
 70
     0
 62
     7
  6
Continuous
370
    -3
390
F
347
21
348
0
  0
LAYER
  5
533
102
{ACAD_XDICTIONARY
360
D78
102
}
330
2
100
AcDbSymbolTableRecord
100
AcDbLayerTableRecord
  2
_MotorCAD607_
 70
     0
 62
     7
  6
Continuous
370
    -3
390
F
347
21
348
0
  0
LAYER
  5
535
102
{ACAD_XDICTIONARY
360
D7A
102
}
330
2
100
AcDbSymbolTableRecord
100
AcDbLayerTableRecord
  2
_MotorCAD608_
 70
     0
 62
     7
  6
Continuous
370
    -3
390
F
347
21
348
0
  0
LAYER
  5
537
102
{ACAD_XDICTIONARY
360
D7C
102
}
330
2
100
AcDbSymbolTableRecord
100
AcDbLayerTableRecord
  2
_MotorCAD609_
 70
     0
 62
     7
  6
Continuous
370
    -3
390
F
347
21
348
0
  0
LAYER
  5
539
102
{ACAD_XDICTIONARY
360
D7E
102
}
330
2
100
AcDbSymbolTableRecord
100
AcDbLayerTableRecord
  2
_MotorCAD610_
 70
     0
 62
     7
  6
Continuous
370
    -3
390
F
347
21
348
0
  0
LAYER
  5
53B
102
{ACAD_XDICTIONARY
360
D80
102
}
330
2
100
AcDbSymbolTableRecord
100
AcDbLayerTableRecord
  2
_MotorCAD611_
 70
     0
 62
     7
  6
Continuous
370
    -3
390
F
347
21
348
0
  0
LAYER
  5
53D
102
{ACAD_XDICTIONARY
360
D82
102
}
330
2
100
AcDbSymbolTableRecord
100
AcDbLayerTableRecord
  2
_MotorCAD612_
 70
     0
 62
     7
  6
Continuous
370
    -3
390
F
347
21
348
0
  0
LAYER
  5
53F
102
{ACAD_XDICTIONARY
360
D84
102
}
330
2
100
AcDbSymbolTableRecord
100
AcDbLayerTableRecord
  2
_MotorCAD613_
 70
     0
 62
     7
  6
Continuous
370
    -3
390
F
347
21
348
0
  0
LAYER
  5
541
102
{ACAD_XDICTIONARY
360
D86
102
}
330
2
100
AcDbSymbolTableRecord
100
AcDbLayerTableRecord
  2
_MotorCAD614_
 70
     0
 62
     7
  6
Continuous
370
    -3
390
F
347
21
348
0
  0
LAYER
  5
543
102
{ACAD_XDICTIONARY
360
D88
102
}
330
2
100
AcDbSymbolTableRecord
100
AcDbLayerTableRecord
  2
_MotorCAD615_
 70
     0
 62
     7
  6
Continuous
370
    -3
390
F
347
21
348
0
  0
LAYER
  5
545
102
{ACAD_XDICTIONARY
360
D8A
102
}
330
2
100
AcDbSymbolTableRecord
100
AcDbLayerTableRecord
  2
_MotorCAD616_
 70
     0
 62
     7
  6
Continuous
370
    -3
390
F
347
21
348
0
  0
LAYER
  5
547
102
{ACAD_XDICTIONARY
360
D8C
102
}
330
2
100
AcDbSymbolTableRecord
100
AcDbLayerTableRecord
  2
_MotorCAD617_
 70
     0
 62
     7
  6
Continuous
370
    -3
390
F
347
21
348
0
  0
LAYER
  5
549
102
{ACAD_XDICTIONARY
360
D8E
102
}
330
2
100
AcDbSymbolTableRecord
100
AcDbLayerTableRecord
  2
_MotorCAD618_
 70
     0
 62
     7
  6
Continuous
370
    -3
390
F
347
21
348
0
  0
LAYER
  5
54B
102
{ACAD_XDICTIONARY
360
D90
102
}
330
2
100
AcDbSymbolTableRecord
100
AcDbLayerTableRecord
  2
_MotorCAD619_
 70
     0
 62
     7
  6
Continuous
370
    -3
390
F
347
21
348
0
  0
LAYER
  5
54D
102
{ACAD_XDICTIONARY
360
D92
102
}
330
2
100
AcDbSymbolTableRecord
100
AcDbLayerTableRecord
  2
_MotorCAD620_
 70
     0
 62
     7
  6
Continuous
370
    -3
390
F
347
21
348
0
  0
LAYER
  5
54F
102
{ACAD_XDICTIONARY
360
D94
102
}
330
2
100
AcDbSymbolTableRecord
100
AcDbLayerTableRecord
  2
_MotorCAD621_
 70
     0
 62
     7
  6
Continuous
370
    -3
390
F
347
21
348
0
  0
LAYER
  5
551
102
{ACAD_XDICTIONARY
360
D96
102
}
330
2
100
AcDbSymbolTableRecord
100
AcDbLayerTableRecord
  2
_MotorCAD622_
 70
     0
 62
     7
  6
Continuous
370
    -3
390
F
347
21
348
0
  0
LAYER
  5
553
102
{ACAD_XDICTIONARY
360
D98
102
}
330
2
100
AcDbSymbolTableRecord
100
AcDbLayerTableRecord
  2
_MotorCAD623_
 70
     0
 62
     7
  6
Continuous
370
    -3
390
F
347
21
348
0
  0
LAYER
  5
555
102
{ACAD_XDICTIONARY
360
D9A
102
}
330
2
100
AcDbSymbolTableRecord
100
AcDbLayerTableRecord
  2
_MotorCAD624_
 70
     0
 62
     7
  6
Continuous
370
    -3
390
F
347
21
348
0
  0
LAYER
  5
557
102
{ACAD_XDICTIONARY
360
D9C
102
}
330
2
100
AcDbSymbolTableRecord
100
AcDbLayerTableRecord
  2
_MotorCAD625_
 70
     0
 62
     7
  6
Continuous
370
    -3
390
F
347
21
348
0
  0
LAYER
  5
559
102
{ACAD_XDICTIONARY
360
D9E
102
}
330
2
100
AcDbSymbolTableRecord
100
AcDbLayerTableRecord
  2
_MotorCAD626_
 70
     0
 62
     7
  6
Continuous
370
    -3
390
F
347
21
348
0
  0
LAYER
  5
55B
102
{ACAD_XDICTIONARY
360
DA0
102
}
330
2
100
AcDbSymbolTableRecord
100
AcDbLayerTableRecord
  2
_MotorCAD627_
 70
     0
 62
     7
  6
Continuous
370
    -3
390
F
347
21
348
0
  0
LAYER
  5
55D
102
{ACAD_XDICTIONARY
360
DA2
102
}
330
2
100
AcDbSymbolTableRecord
100
AcDbLayerTableRecord
  2
_MotorCAD628_
 70
     0
 62
     7
  6
Continuous
370
    -3
390
F
347
21
348
0
  0
LAYER
  5
55F
102
{ACAD_XDICTIONARY
360
DA4
102
}
330
2
100
AcDbSymbolTableRecord
100
AcDbLayerTableRecord
  2
_MotorCAD629_
 70
     0
 62
     7
  6
Continuous
370
    -3
390
F
347
21
348
0
  0
LAYER
  5
561
102
{ACAD_XDICTIONARY
360
DA6
102
}
330
2
100
AcDbSymbolTableRecord
100
AcDbLayerTableRecord
  2
_MotorCAD630_
 70
     0
 62
     7
  6
Continuous
370
    -3
390
F
347
21
348
0
  0
LAYER
  5
563
102
{ACAD_XDICTIONARY
360
DA8
102
}
330
2
100
AcDbSymbolTableRecord
100
AcDbLayerTableRecord
  2
_MotorCAD631_
 70
     0
 62
     7
  6
Continuous
370
    -3
390
F
347
21
348
0
  0
LAYER
  5
565
102
{ACAD_XDICTIONARY
360
DAA
102
}
330
2
100
AcDbSymbolTableRecord
100
AcDbLayerTableRecord
  2
_MotorCAD632_
 70
     0
 62
     7
  6
Continuous
370
    -3
390
F
347
21
348
0
  0
LAYER
  5
567
102
{ACAD_XDICTIONARY
360
DAC
102
}
330
2
100
AcDbSymbolTableRecord
100
AcDbLayerTableRecord
  2
_MotorCAD633_
 70
     0
 62
     7
  6
Continuous
370
    -3
390
F
347
21
348
0
  0
LAYER
  5
569
102
{ACAD_XDICTIONARY
360
DAE
102
}
330
2
100
AcDbSymbolTableRecord
100
AcDbLayerTableRecord
  2
_MotorCAD634_
 70
     0
 62
     7
  6
Continuous
370
    -3
390
F
347
21
348
0
  0
LAYER
  5
56B
102
{ACAD_XDICTIONARY
360
DB0
102
}
330
2
100
AcDbSymbolTableRecord
100
AcDbLayerTableRecord
  2
_MotorCAD635_
 70
     0
 62
     7
  6
Continuous
370
    -3
390
F
347
21
348
0
  0
LAYER
  5
56D
102
{ACAD_XDICTIONARY
360
DB2
102
}
330
2
100
AcDbSymbolTableRecord
100
AcDbLayerTableRecord
  2
_MotorCAD636_
 70
     0
 62
     7
  6
Continuous
370
    -3
390
F
347
21
348
0
  0
LAYER
  5
56F
102
{ACAD_XDICTIONARY
360
DB4
102
}
330
2
100
AcDbSymbolTableRecord
100
AcDbLayerTableRecord
  2
_MotorCAD637_
 70
     0
 62
     7
  6
Continuous
370
    -3
390
F
347
21
348
0
  0
LAYER
  5
571
102
{ACAD_XDICTIONARY
360
DB6
102
}
330
2
100
AcDbSymbolTableRecord
100
AcDbLayerTableRecord
  2
_MotorCAD638_
 70
     0
 62
     7
  6
Continuous
370
    -3
390
F
347
21
348
0
  0
LAYER
  5
573
102
{ACAD_XDICTIONARY
360
DB8
102
}
330
2
100
AcDbSymbolTableRecord
100
AcDbLayerTableRecord
  2
_MotorCAD639_
 70
     0
 62
     7
  6
Continuous
370
    -3
390
F
347
21
348
0
  0
LAYER
  5
575
102
{ACAD_XDICTIONARY
360
DBA
102
}
330
2
100
AcDbSymbolTableRecord
100
AcDbLayerTableRecord
  2
_MotorCAD640_
 70
     0
 62
     7
  6
Continuous
370
    -3
390
F
347
21
348
0
  0
LAYER
  5
577
102
{ACAD_XDICTIONARY
360
DBC
102
}
330
2
100
AcDbSymbolTableRecord
100
AcDbLayerTableRecord
  2
_MotorCAD641_
 70
     0
 62
     7
  6
Continuous
370
    -3
390
F
347
21
348
0
  0
LAYER
  5
579
102
{ACAD_XDICTIONARY
360
DBE
102
}
330
2
100
AcDbSymbolTableRecord
100
AcDbLayerTableRecord
  2
_MotorCAD642_
 70
     0
 62
     7
  6
Continuous
370
    -3
390
F
347
21
348
0
  0
LAYER
  5
57B
102
{ACAD_XDICTIONARY
360
DC0
102
}
330
2
100
AcDbSymbolTableRecord
100
AcDbLayerTableRecord
  2
_MotorCAD643_
 70
     0
 62
     7
  6
Continuous
370
    -3
390
F
347
21
348
0
  0
LAYER
  5
57D
102
{ACAD_XDICTIONARY
360
DC2
102
}
330
2
100
AcDbSymbolTableRecord
100
AcDbLayerTableRecord
  2
_MotorCAD644_
 70
     0
 62
     7
  6
Continuous
370
    -3
390
F
347
21
348
0
  0
LAYER
  5
57F
102
{ACAD_XDICTIONARY
360
DC4
102
}
330
2
100
AcDbSymbolTableRecord
100
AcDbLayerTableRecord
  2
_MotorCAD645_
 70
     0
 62
     7
  6
Continuous
370
    -3
390
F
347
21
348
0
  0
LAYER
  5
581
102
{ACAD_XDICTIONARY
360
DC6
102
}
330
2
100
AcDbSymbolTableRecord
100
AcDbLayerTableRecord
  2
_MotorCAD646_
 70
     0
 62
     7
  6
Continuous
370
    -3
390
F
347
21
348
0
  0
LAYER
  5
583
102
{ACAD_XDICTIONARY
360
DC8
102
}
330
2
100
AcDbSymbolTableRecord
100
AcDbLayerTableRecord
  2
_MotorCAD647_
 70
     0
 62
     7
  6
Continuous
370
    -3
390
F
347
21
348
0
  0
LAYER
  5
585
102
{ACAD_XDICTIONARY
360
DCA
102
}
330
2
100
AcDbSymbolTableRecord
100
AcDbLayerTableRecord
  2
_MotorCAD648_
 70
     0
 62
     7
  6
Continuous
370
    -3
390
F
347
21
348
0
  0
LAYER
  5
587
102
{ACAD_XDICTIONARY
360
DCC
102
}
330
2
100
AcDbSymbolTableRecord
100
AcDbLayerTableRecord
  2
_MotorCAD649_
 70
     0
 62
     7
  6
Continuous
370
    -3
390
F
347
21
348
0
  0
LAYER
  5
589
102
{ACAD_XDICTIONARY
360
DCE
102
}
330
2
100
AcDbSymbolTableRecord
100
AcDbLayerTableRecord
  2
_MotorCAD650_
 70
     0
 62
     7
  6
Continuous
370
    -3
390
F
347
21
348
0
  0
LAYER
  5
58B
102
{ACAD_XDICTIONARY
360
DD0
102
}
330
2
100
AcDbSymbolTableRecord
100
AcDbLayerTableRecord
  2
_MotorCAD651_
 70
     0
 62
     7
  6
Continuous
370
    -3
390
F
347
21
348
0
  0
LAYER
  5
58D
102
{ACAD_XDICTIONARY
360
DD2
102
}
330
2
100
AcDbSymbolTableRecord
100
AcDbLayerTableRecord
  2
_MotorCAD652_
 70
     0
 62
     7
  6
Continuous
370
    -3
390
F
347
21
348
0
  0
LAYER
  5
58F
102
{ACAD_XDICTIONARY
360
DD4
102
}
330
2
100
AcDbSymbolTableRecord
100
AcDbLayerTableRecord
  2
_MotorCAD653_
 70
     0
 62
     7
  6
Continuous
370
    -3
390
F
347
21
348
0
  0
LAYER
  5
591
102
{ACAD_XDICTIONARY
360
DD6
102
}
330
2
100
AcDbSymbolTableRecord
100
AcDbLayerTableRecord
  2
_MotorCAD654_
 70
     0
 62
     7
  6
Continuous
370
    -3
390
F
347
21
348
0
  0
LAYER
  5
593
102
{ACAD_XDICTIONARY
360
DD8
102
}
330
2
100
AcDbSymbolTableRecord
100
AcDbLayerTableRecord
  2
_MotorCAD655_
 70
     0
 62
     7
  6
Continuous
370
    -3
390
F
347
21
348
0
  0
LAYER
  5
595
102
{ACAD_XDICTIONARY
360
DDA
102
}
330
2
100
AcDbSymbolTableRecord
100
AcDbLayerTableRecord
  2
_MotorCAD656_
 70
     0
 62
     7
  6
Continuous
370
    -3
390
F
347
21
348
0
  0
LAYER
  5
597
102
{ACAD_XDICTIONARY
360
DDC
102
}
330
2
100
AcDbSymbolTableRecord
100
AcDbLayerTableRecord
  2
_MotorCAD657_
 70
     0
 62
     7
  6
Continuous
370
    -3
390
F
347
21
348
0
  0
LAYER
  5
599
102
{ACAD_XDICTIONARY
360
DDE
102
}
330
2
100
AcDbSymbolTableRecord
100
AcDbLayerTableRecord
  2
_MotorCAD658_
 70
     0
 62
     7
  6
Continuous
370
    -3
390
F
347
21
348
0
  0
LAYER
  5
59B
102
{ACAD_XDICTIONARY
360
DE0
102
}
330
2
100
AcDbSymbolTableRecord
100
AcDbLayerTableRecord
  2
_MotorCAD659_
 70
     0
 62
     7
  6
Continuous
370
    -3
390
F
347
21
348
0
  0
LAYER
  5
59D
102
{ACAD_XDICTIONARY
360
DE2
102
}
330
2
100
AcDbSymbolTableRecord
100
AcDbLayerTableRecord
  2
_MotorCAD660_
 70
     0
 62
     7
  6
Continuous
370
    -3
390
F
347
21
348
0
  0
LAYER
  5
59F
102
{ACAD_XDICTIONARY
360
DE4
102
}
330
2
100
AcDbSymbolTableRecord
100
AcDbLayerTableRecord
  2
_MotorCAD661_
 70
     0
 62
     7
  6
Continuous
370
    -3
390
F
347
21
348
0
  0
LAYER
  5
5A1
102
{ACAD_XDICTIONARY
360
DE6
102
}
330
2
100
AcDbSymbolTableRecord
100
AcDbLayerTableRecord
  2
_MotorCAD662_
 70
     0
 62
     7
  6
Continuous
370
    -3
390
F
347
21
348
0
  0
LAYER
  5
5A3
102
{ACAD_XDICTIONARY
360
DE8
102
}
330
2
100
AcDbSymbolTableRecord
100
AcDbLayerTableRecord
  2
_MotorCAD663_
 70
     0
 62
     7
  6
Continuous
370
    -3
390
F
347
21
348
0
  0
LAYER
  5
5A5
102
{ACAD_XDICTIONARY
360
DEA
102
}
330
2
100
AcDbSymbolTableRecord
100
AcDbLayerTableRecord
  2
_MotorCAD664_
 70
     0
 62
     7
  6
Continuous
370
    -3
390
F
347
21
348
0
  0
LAYER
  5
5A7
102
{ACAD_XDICTIONARY
360
DEC
102
}
330
2
100
AcDbSymbolTableRecord
100
AcDbLayerTableRecord
  2
_MotorCAD665_
 70
     0
 62
     7
  6
Continuous
370
    -3
390
F
347
21
348
0
  0
LAYER
  5
5A9
102
{ACAD_XDICTIONARY
360
DEE
102
}
330
2
100
AcDbSymbolTableRecord
100
AcDbLayerTableRecord
  2
_MotorCAD666_
 70
     0
 62
     7
  6
Continuous
370
    -3
390
F
347
21
348
0
  0
LAYER
  5
5AB
102
{ACAD_XDICTIONARY
360
DF0
102
}
330
2
100
AcDbSymbolTableRecord
100
AcDbLayerTableRecord
  2
_MotorCAD667_
 70
     0
 62
     7
  6
Continuous
370
    -3
390
F
347
21
348
0
  0
LAYER
  5
5AD
102
{ACAD_XDICTIONARY
360
DF2
102
}
330
2
100
AcDbSymbolTableRecord
100
AcDbLayerTableRecord
  2
_MotorCAD668_
 70
     0
 62
     7
  6
Continuous
370
    -3
390
F
347
21
348
0
  0
LAYER
  5
5AF
102
{ACAD_XDICTIONARY
360
DF4
102
}
330
2
100
AcDbSymbolTableRecord
100
AcDbLayerTableRecord
  2
_MotorCAD669_
 70
     0
 62
     7
  6
Continuous
370
    -3
390
F
347
21
348
0
  0
LAYER
  5
5B1
102
{ACAD_XDICTIONARY
360
DF6
102
}
330
2
100
AcDbSymbolTableRecord
100
AcDbLayerTableRecord
  2
_MotorCAD670_
 70
     0
 62
     7
  6
Continuous
370
    -3
390
F
347
21
348
0
  0
LAYER
  5
5B3
102
{ACAD_XDICTIONARY
360
DF8
102
}
330
2
100
AcDbSymbolTableRecord
100
AcDbLayerTableRecord
  2
_MotorCAD671_
 70
     0
 62
     7
  6
Continuous
370
    -3
390
F
347
21
348
0
  0
LAYER
  5
5B5
102
{ACAD_XDICTIONARY
360
DFA
102
}
330
2
100
AcDbSymbolTableRecord
100
AcDbLayerTableRecord
  2
_MotorCAD672_
 70
     0
 62
     7
  6
Continuous
370
    -3
390
F
347
21
348
0
  0
LAYER
  5
5B7
102
{ACAD_XDICTIONARY
360
DFC
102
}
330
2
100
AcDbSymbolTableRecord
100
AcDbLayerTableRecord
  2
_MotorCAD673_
 70
     0
 62
     7
  6
Continuous
370
    -3
390
F
347
21
348
0
  0
LAYER
  5
5B9
102
{ACAD_XDICTIONARY
360
DFE
102
}
330
2
100
AcDbSymbolTableRecord
100
AcDbLayerTableRecord
  2
_MotorCAD674_
 70
     0
 62
     7
  6
Continuous
370
    -3
390
F
347
21
348
0
  0
LAYER
  5
5BB
102
{ACAD_XDICTIONARY
360
E00
102
}
330
2
100
AcDbSymbolTableRecord
100
AcDbLayerTableRecord
  2
_MotorCAD675_
 70
     0
 62
     7
  6
Continuous
370
    -3
390
F
347
21
348
0
  0
LAYER
  5
5BD
102
{ACAD_XDICTIONARY
360
E02
102
}
330
2
100
AcDbSymbolTableRecord
100
AcDbLayerTableRecord
  2
_MotorCAD676_
 70
     0
 62
     7
  6
Continuous
370
    -3
390
F
347
21
348
0
  0
LAYER
  5
5BF
102
{ACAD_XDICTIONARY
360
E04
102
}
330
2
100
AcDbSymbolTableRecord
100
AcDbLayerTableRecord
  2
_MotorCAD677_
 70
     0
 62
     7
  6
Continuous
370
    -3
390
F
347
21
348
0
  0
LAYER
  5
5C1
102
{ACAD_XDICTIONARY
360
E06
102
}
330
2
100
AcDbSymbolTableRecord
100
AcDbLayerTableRecord
  2
_MotorCAD678_
 70
     0
 62
     7
  6
Continuous
370
    -3
390
F
347
21
348
0
  0
LAYER
  5
5C3
102
{ACAD_XDICTIONARY
360
E08
102
}
330
2
100
AcDbSymbolTableRecord
100
AcDbLayerTableRecord
  2
_MotorCAD679_
 70
     0
 62
     7
  6
Continuous
370
    -3
390
F
347
21
348
0
  0
LAYER
  5
5C5
102
{ACAD_XDICTIONARY
360
E0A
102
}
330
2
100
AcDbSymbolTableRecord
100
AcDbLayerTableRecord
  2
_MotorCAD680_
 70
     0
 62
     7
  6
Continuous
370
    -3
390
F
347
21
348
0
  0
LAYER
  5
5C7
102
{ACAD_XDICTIONARY
360
E0C
102
}
330
2
100
AcDbSymbolTableRecord
100
AcDbLayerTableRecord
  2
_MotorCAD681_
 70
     0
 62
     7
  6
Continuous
370
    -3
390
F
347
21
348
0
  0
LAYER
  5
5C9
102
{ACAD_XDICTIONARY
360
E0E
102
}
330
2
100
AcDbSymbolTableRecord
100
AcDbLayerTableRecord
  2
_MotorCAD682_
 70
     0
 62
     7
  6
Continuous
370
    -3
390
F
347
21
348
0
  0
LAYER
  5
5CB
102
{ACAD_XDICTIONARY
360
E10
102
}
330
2
100
AcDbSymbolTableRecord
100
AcDbLayerTableRecord
  2
_MotorCAD683_
 70
     0
 62
     7
  6
Continuous
370
    -3
390
F
347
21
348
0
  0
LAYER
  5
5CD
102
{ACAD_XDICTIONARY
360
E12
102
}
330
2
100
AcDbSymbolTableRecord
100
AcDbLayerTableRecord
  2
_MotorCAD684_
 70
     0
 62
     7
  6
Continuous
370
    -3
390
F
347
21
348
0
  0
LAYER
  5
5CF
102
{ACAD_XDICTIONARY
360
E14
102
}
330
2
100
AcDbSymbolTableRecord
100
AcDbLayerTableRecord
  2
_MotorCAD685_
 70
     0
 62
     7
  6
Continuous
370
    -3
390
F
347
21
348
0
  0
LAYER
  5
5D1
102
{ACAD_XDICTIONARY
360
E16
102
}
330
2
100
AcDbSymbolTableRecord
100
AcDbLayerTableRecord
  2
_MotorCAD686_
 70
     0
 62
     7
  6
Continuous
370
    -3
390
F
347
21
348
0
  0
LAYER
  5
5D3
102
{ACAD_XDICTIONARY
360
E18
102
}
330
2
100
AcDbSymbolTableRecord
100
AcDbLayerTableRecord
  2
_MotorCAD687_
 70
     0
 62
     7
  6
Continuous
370
    -3
390
F
347
21
348
0
  0
LAYER
  5
5D5
102
{ACAD_XDICTIONARY
360
E1A
102
}
330
2
100
AcDbSymbolTableRecord
100
AcDbLayerTableRecord
  2
_MotorCAD688_
 70
     0
 62
     7
  6
Continuous
370
    -3
390
F
347
21
348
0
  0
LAYER
  5
5D7
102
{ACAD_XDICTIONARY
360
E1C
102
}
330
2
100
AcDbSymbolTableRecord
100
AcDbLayerTableRecord
  2
_MotorCAD689_
 70
     0
 62
     7
  6
Continuous
370
    -3
390
F
347
21
348
0
  0
LAYER
  5
5D9
102
{ACAD_XDICTIONARY
360
E1E
102
}
330
2
100
AcDbSymbolTableRecord
100
AcDbLayerTableRecord
  2
_MotorCAD690_
 70
     0
 62
     7
  6
Continuous
370
    -3
390
F
347
21
348
0
  0
LAYER
  5
5DB
102
{ACAD_XDICTIONARY
360
E20
102
}
330
2
100
AcDbSymbolTableRecord
100
AcDbLayerTableRecord
  2
_MotorCAD691_
 70
     0
 62
     7
  6
Continuous
370
    -3
390
F
347
21
348
0
  0
LAYER
  5
5DD
102
{ACAD_XDICTIONARY
360
E22
102
}
330
2
100
AcDbSymbolTableRecord
100
AcDbLayerTableRecord
  2
_MotorCAD692_
 70
     0
 62
     7
  6
Continuous
370
    -3
390
F
347
21
348
0
  0
LAYER
  5
5DF
102
{ACAD_XDICTIONARY
360
E24
102
}
330
2
100
AcDbSymbolTableRecord
100
AcDbLayerTableRecord
  2
_MotorCAD693_
 70
     0
 62
     7
  6
Continuous
370
    -3
390
F
347
21
348
0
  0
LAYER
  5
5E1
102
{ACAD_XDICTIONARY
360
E26
102
}
330
2
100
AcDbSymbolTableRecord
100
AcDbLayerTableRecord
  2
_MotorCAD694_
 70
     0
 62
     7
  6
Continuous
370
    -3
390
F
347
21
348
0
  0
LAYER
  5
5E3
102
{ACAD_XDICTIONARY
360
E28
102
}
330
2
100
AcDbSymbolTableRecord
100
AcDbLayerTableRecord
  2
_MotorCAD695_
 70
     0
 62
     7
  6
Continuous
370
    -3
390
F
347
21
348
0
  0
LAYER
  5
5E5
102
{ACAD_XDICTIONARY
360
E2A
102
}
330
2
100
AcDbSymbolTableRecord
100
AcDbLayerTableRecord
  2
_MotorCAD696_
 70
     0
 62
     7
  6
Continuous
370
    -3
390
F
347
21
348
0
  0
LAYER
  5
5E7
102
{ACAD_XDICTIONARY
360
E2C
102
}
330
2
100
AcDbSymbolTableRecord
100
AcDbLayerTableRecord
  2
_MotorCAD697_
 70
     0
 62
     7
  6
Continuous
370
    -3
390
F
347
21
348
0
  0
LAYER
  5
5E9
102
{ACAD_XDICTIONARY
360
E2E
102
}
330
2
100
AcDbSymbolTableRecord
100
AcDbLayerTableRecord
  2
_MotorCAD698_
 70
     0
 62
     7
  6
Continuous
370
    -3
390
F
347
21
348
0
  0
LAYER
  5
5EB
102
{ACAD_XDICTIONARY
360
E30
102
}
330
2
100
AcDbSymbolTableRecord
100
AcDbLayerTableRecord
  2
_MotorCAD699_
 70
     0
 62
     7
  6
Continuous
370
    -3
390
F
347
21
348
0
  0
LAYER
  5
5ED
102
{ACAD_XDICTIONARY
360
E32
102
}
330
2
100
AcDbSymbolTableRecord
100
AcDbLayerTableRecord
  2
_MotorCAD700_
 70
     0
 62
     7
  6
Continuous
370
    -3
390
F
347
21
348
0
  0
LAYER
  5
5EF
102
{ACAD_XDICTIONARY
360
E34
102
}
330
2
100
AcDbSymbolTableRecord
100
AcDbLayerTableRecord
  2
_MotorCAD701_
 70
     0
 62
     7
  6
Continuous
370
    -3
390
F
347
21
348
0
  0
LAYER
  5
5F1
102
{ACAD_XDICTIONARY
360
E36
102
}
330
2
100
AcDbSymbolTableRecord
100
AcDbLayerTableRecord
  2
_MotorCAD702_
 70
     0
 62
     7
  6
Continuous
370
    -3
390
F
347
21
348
0
  0
LAYER
  5
5F3
102
{ACAD_XDICTIONARY
360
E38
102
}
330
2
100
AcDbSymbolTableRecord
100
AcDbLayerTableRecord
  2
_MotorCAD703_
 70
     0
 62
     7
  6
Continuous
370
    -3
390
F
347
21
348
0
  0
LAYER
  5
5F5
102
{ACAD_XDICTIONARY
360
E3A
102
}
330
2
100
AcDbSymbolTableRecord
100
AcDbLayerTableRecord
  2
_MotorCAD704_
 70
     0
 62
     7
  6
Continuous
370
    -3
390
F
347
21
348
0
  0
LAYER
  5
5F7
102
{ACAD_XDICTIONARY
360
E3C
102
}
330
2
100
AcDbSymbolTableRecord
100
AcDbLayerTableRecord
  2
_MotorCAD705_
 70
     0
 62
     7
  6
Continuous
370
    -3
390
F
347
21
348
0
  0
LAYER
  5
5F9
102
{ACAD_XDICTIONARY
360
E3E
102
}
330
2
100
AcDbSymbolTableRecord
100
AcDbLayerTableRecord
  2
_MotorCAD706_
 70
     0
 62
     7
  6
Continuous
370
    -3
390
F
347
21
348
0
  0
LAYER
  5
5FB
102
{ACAD_XDICTIONARY
360
E40
102
}
330
2
100
AcDbSymbolTableRecord
100
AcDbLayerTableRecord
  2
_MotorCAD707_
 70
     0
 62
     7
  6
Continuous
370
    -3
390
F
347
21
348
0
  0
LAYER
  5
5FD
102
{ACAD_XDICTIONARY
360
E42
102
}
330
2
100
AcDbSymbolTableRecord
100
AcDbLayerTableRecord
  2
_MotorCAD708_
 70
     0
 62
     7
  6
Continuous
370
    -3
390
F
347
21
348
0
  0
LAYER
  5
5FF
102
{ACAD_XDICTIONARY
360
E44
102
}
330
2
100
AcDbSymbolTableRecord
100
AcDbLayerTableRecord
  2
_MotorCAD709_
 70
     0
 62
     7
  6
Continuous
370
    -3
390
F
347
21
348
0
  0
LAYER
  5
601
102
{ACAD_XDICTIONARY
360
E46
102
}
330
2
100
AcDbSymbolTableRecord
100
AcDbLayerTableRecord
  2
_MotorCAD710_
 70
     0
 62
     7
  6
Continuous
370
    -3
390
F
347
21
348
0
  0
LAYER
  5
603
102
{ACAD_XDICTIONARY
360
E48
102
}
330
2
100
AcDbSymbolTableRecord
100
AcDbLayerTableRecord
  2
_MotorCAD711_
 70
     0
 62
     7
  6
Continuous
370
    -3
390
F
347
21
348
0
  0
LAYER
  5
605
102
{ACAD_XDICTIONARY
360
E4A
102
}
330
2
100
AcDbSymbolTableRecord
100
AcDbLayerTableRecord
  2
_MotorCAD712_
 70
     0
 62
     7
  6
Continuous
370
    -3
390
F
347
21
348
0
  0
LAYER
  5
607
102
{ACAD_XDICTIONARY
360
E4C
102
}
330
2
100
AcDbSymbolTableRecord
100
AcDbLayerTableRecord
  2
_MotorCAD713_
 70
     0
 62
     7
  6
Continuous
370
    -3
390
F
347
21
348
0
  0
LAYER
  5
609
102
{ACAD_XDICTIONARY
360
E4E
102
}
330
2
100
AcDbSymbolTableRecord
100
AcDbLayerTableRecord
  2
_MotorCAD714_
 70
     0
 62
     7
  6
Continuous
370
    -3
390
F
347
21
348
0
  0
LAYER
  5
60B
102
{ACAD_XDICTIONARY
360
E50
102
}
330
2
100
AcDbSymbolTableRecord
100
AcDbLayerTableRecord
  2
_MotorCAD715_
 70
     0
 62
     7
  6
Continuous
370
    -3
390
F
347
21
348
0
  0
LAYER
  5
60D
102
{ACAD_XDICTIONARY
360
E52
102
}
330
2
100
AcDbSymbolTableRecord
100
AcDbLayerTableRecord
  2
_MotorCAD716_
 70
     0
 62
     7
  6
Continuous
370
    -3
390
F
347
21
348
0
  0
LAYER
  5
60F
102
{ACAD_XDICTIONARY
360
E54
102
}
330
2
100
AcDbSymbolTableRecord
100
AcDbLayerTableRecord
  2
_MotorCAD717_
 70
     0
 62
     7
  6
Continuous
370
    -3
390
F
347
21
348
0
  0
LAYER
  5
611
102
{ACAD_XDICTIONARY
360
E56
102
}
330
2
100
AcDbSymbolTableRecord
100
AcDbLayerTableRecord
  2
_MotorCAD718_
 70
     0
 62
     7
  6
Continuous
370
    -3
390
F
347
21
348
0
  0
LAYER
  5
613
102
{ACAD_XDICTIONARY
360
E58
102
}
330
2
100
AcDbSymbolTableRecord
100
AcDbLayerTableRecord
  2
_MotorCAD719_
 70
     0
 62
     7
  6
Continuous
370
    -3
390
F
347
21
348
0
  0
LAYER
  5
615
102
{ACAD_XDICTIONARY
360
E5A
102
}
330
2
100
AcDbSymbolTableRecord
100
AcDbLayerTableRecord
  2
_MotorCAD720_
 70
     0
 62
     7
  6
Continuous
370
    -3
390
F
347
21
348
0
  0
LAYER
  5
617
102
{ACAD_XDICTIONARY
360
E5C
102
}
330
2
100
AcDbSymbolTableRecord
100
AcDbLayerTableRecord
  2
_MotorCAD721_
 70
     0
 62
     7
  6
Continuous
370
    -3
390
F
347
21
348
0
  0
LAYER
  5
619
102
{ACAD_XDICTIONARY
360
E5E
102
}
330
2
100
AcDbSymbolTableRecord
100
AcDbLayerTableRecord
  2
_MotorCAD722_
 70
     0
 62
     7
  6
Continuous
370
    -3
390
F
347
21
348
0
  0
LAYER
  5
61B
102
{ACAD_XDICTIONARY
360
E60
102
}
330
2
100
AcDbSymbolTableRecord
100
AcDbLayerTableRecord
  2
_MotorCAD723_
 70
     0
 62
     7
  6
Continuous
370
    -3
390
F
347
21
348
0
  0
LAYER
  5
61D
102
{ACAD_XDICTIONARY
360
E62
102
}
330
2
100
AcDbSymbolTableRecord
100
AcDbLayerTableRecord
  2
_MotorCAD724_
 70
     0
 62
     7
  6
Continuous
370
    -3
390
F
347
21
348
0
  0
LAYER
  5
61F
102
{ACAD_XDICTIONARY
360
E64
102
}
330
2
100
AcDbSymbolTableRecord
100
AcDbLayerTableRecord
  2
_MotorCAD725_
 70
     0
 62
     7
  6
Continuous
370
    -3
390
F
347
21
348
0
  0
LAYER
  5
621
102
{ACAD_XDICTIONARY
360
E66
102
}
330
2
100
AcDbSymbolTableRecord
100
AcDbLayerTableRecord
  2
_MotorCAD726_
 70
     0
 62
     7
  6
Continuous
370
    -3
390
F
347
21
348
0
  0
LAYER
  5
623
102
{ACAD_XDICTIONARY
360
E68
102
}
330
2
100
AcDbSymbolTableRecord
100
AcDbLayerTableRecord
  2
_MotorCAD727_
 70
     0
 62
     7
  6
Continuous
370
    -3
390
F
347
21
348
0
  0
LAYER
  5
625
102
{ACAD_XDICTIONARY
360
E6A
102
}
330
2
100
AcDbSymbolTableRecord
100
AcDbLayerTableRecord
  2
_MotorCAD728_
 70
     0
 62
     7
  6
Continuous
370
    -3
390
F
347
21
348
0
  0
LAYER
  5
627
102
{ACAD_XDICTIONARY
360
E6C
102
}
330
2
100
AcDbSymbolTableRecord
100
AcDbLayerTableRecord
  2
_MotorCAD729_
 70
     0
 62
     7
  6
Continuous
370
    -3
390
F
347
21
348
0
  0
LAYER
  5
629
102
{ACAD_XDICTIONARY
360
E6E
102
}
330
2
100
AcDbSymbolTableRecord
100
AcDbLayerTableRecord
  2
_MotorCAD730_
 70
     0
 62
     7
  6
Continuous
370
    -3
390
F
347
21
348
0
  0
LAYER
  5
62B
102
{ACAD_XDICTIONARY
360
E70
102
}
330
2
100
AcDbSymbolTableRecord
100
AcDbLayerTableRecord
  2
_MotorCAD731_
 70
     0
 62
     7
  6
Continuous
370
    -3
390
F
347
21
348
0
  0
LAYER
  5
62D
102
{ACAD_XDICTIONARY
360
E72
102
}
330
2
100
AcDbSymbolTableRecord
100
AcDbLayerTableRecord
  2
_MotorCAD732_
 70
     0
 62
     7
  6
Continuous
370
    -3
390
F
347
21
348
0
  0
LAYER
  5
62F
102
{ACAD_XDICTIONARY
360
E74
102
}
330
2
100
AcDbSymbolTableRecord
100
AcDbLayerTableRecord
  2
_MotorCAD733_
 70
     0
 62
     7
  6
Continuous
370
    -3
390
F
347
21
348
0
  0
LAYER
  5
631
102
{ACAD_XDICTIONARY
360
E76
102
}
330
2
100
AcDbSymbolTableRecord
100
AcDbLayerTableRecord
  2
_MotorCAD734_
 70
     0
 62
     7
  6
Continuous
370
    -3
390
F
347
21
348
0
  0
LAYER
  5
633
102
{ACAD_XDICTIONARY
360
E78
102
}
330
2
100
AcDbSymbolTableRecord
100
AcDbLayerTableRecord
  2
_MotorCAD735_
 70
     0
 62
     7
  6
Continuous
370
    -3
390
F
347
21
348
0
  0
LAYER
  5
635
102
{ACAD_XDICTIONARY
360
E7A
102
}
330
2
100
AcDbSymbolTableRecord
100
AcDbLayerTableRecord
  2
_MotorCAD736_
 70
     0
 62
     7
  6
Continuous
370
    -3
390
F
347
21
348
0
  0
LAYER
  5
637
102
{ACAD_XDICTIONARY
360
E7C
102
}
330
2
100
AcDbSymbolTableRecord
100
AcDbLayerTableRecord
  2
_MotorCAD737_
 70
     0
 62
     7
  6
Continuous
370
    -3
390
F
347
21
348
0
  0
LAYER
  5
639
102
{ACAD_XDICTIONARY
360
E7E
102
}
330
2
100
AcDbSymbolTableRecord
100
AcDbLayerTableRecord
  2
_MotorCAD738_
 70
     0
 62
     7
  6
Continuous
370
    -3
390
F
347
21
348
0
  0
LAYER
  5
63B
102
{ACAD_XDICTIONARY
360
E80
102
}
330
2
100
AcDbSymbolTableRecord
100
AcDbLayerTableRecord
  2
_MotorCAD739_
 70
     0
 62
     7
  6
Continuous
370
    -3
390
F
347
21
348
0
  0
LAYER
  5
63D
102
{ACAD_XDICTIONARY
360
E82
102
}
330
2
100
AcDbSymbolTableRecord
100
AcDbLayerTableRecord
  2
_MotorCAD740_
 70
     0
 62
     7
  6
Continuous
370
    -3
390
F
347
21
348
0
  0
LAYER
  5
63F
102
{ACAD_XDICTIONARY
360
E84
102
}
330
2
100
AcDbSymbolTableRecord
100
AcDbLayerTableRecord
  2
_MotorCAD741_
 70
     0
 62
     7
  6
Continuous
370
    -3
390
F
347
21
348
0
  0
LAYER
  5
641
102
{ACAD_XDICTIONARY
360
E86
102
}
330
2
100
AcDbSymbolTableRecord
100
AcDbLayerTableRecord
  2
_MotorCAD742_
 70
     0
 62
     7
  6
Continuous
370
    -3
390
F
347
21
348
0
  0
LAYER
  5
643
102
{ACAD_XDICTIONARY
360
E88
102
}
330
2
100
AcDbSymbolTableRecord
100
AcDbLayerTableRecord
  2
_MotorCAD743_
 70
     0
 62
     7
  6
Continuous
370
    -3
390
F
347
21
348
0
  0
LAYER
  5
645
102
{ACAD_XDICTIONARY
360
E8A
102
}
330
2
100
AcDbSymbolTableRecord
100
AcDbLayerTableRecord
  2
_MotorCAD744_
 70
     0
 62
     7
  6
Continuous
370
    -3
390
F
347
21
348
0
  0
LAYER
  5
647
102
{ACAD_XDICTIONARY
360
E8C
102
}
330
2
100
AcDbSymbolTableRecord
100
AcDbLayerTableRecord
  2
_MotorCAD745_
 70
     0
 62
     7
  6
Continuous
370
    -3
390
F
347
21
348
0
  0
LAYER
  5
649
102
{ACAD_XDICTIONARY
360
E8E
102
}
330
2
100
AcDbSymbolTableRecord
100
AcDbLayerTableRecord
  2
_MotorCAD746_
 70
     0
 62
     7
  6
Continuous
370
    -3
390
F
347
21
348
0
  0
LAYER
  5
64B
102
{ACAD_XDICTIONARY
360
E90
102
}
330
2
100
AcDbSymbolTableRecord
100
AcDbLayerTableRecord
  2
_MotorCAD747_
 70
     0
 62
     7
  6
Continuous
370
    -3
390
F
347
21
348
0
  0
LAYER
  5
64D
102
{ACAD_XDICTIONARY
360
E92
102
}
330
2
100
AcDbSymbolTableRecord
100
AcDbLayerTableRecord
  2
_MotorCAD748_
 70
     0
 62
     7
  6
Continuous
370
    -3
390
F
347
21
348
0
  0
LAYER
  5
64F
102
{ACAD_XDICTIONARY
360
E94
102
}
330
2
100
AcDbSymbolTableRecord
100
AcDbLayerTableRecord
  2
_MotorCAD749_
 70
     0
 62
     7
  6
Continuous
370
    -3
390
F
347
21
348
0
  0
LAYER
  5
651
102
{ACAD_XDICTIONARY
360
E96
102
}
330
2
100
AcDbSymbolTableRecord
100
AcDbLayerTableRecord
  2
_MotorCAD750_
 70
     0
 62
     7
  6
Continuous
370
    -3
390
F
347
21
348
0
  0
LAYER
  5
653
102
{ACAD_XDICTIONARY
360
E98
102
}
330
2
100
AcDbSymbolTableRecord
100
AcDbLayerTableRecord
  2
_MotorCAD751_
 70
     0
 62
     7
  6
Continuous
370
    -3
390
F
347
21
348
0
  0
LAYER
  5
655
102
{ACAD_XDICTIONARY
360
E9A
102
}
330
2
100
AcDbSymbolTableRecord
100
AcDbLayerTableRecord
  2
_MotorCAD752_
 70
     0
 62
     7
  6
Continuous
370
    -3
390
F
347
21
348
0
  0
LAYER
  5
657
102
{ACAD_XDICTIONARY
360
E9C
102
}
330
2
100
AcDbSymbolTableRecord
100
AcDbLayerTableRecord
  2
_MotorCAD753_
 70
     0
 62
     7
  6
Continuous
370
    -3
390
F
347
21
348
0
  0
LAYER
  5
659
102
{ACAD_XDICTIONARY
360
E9E
102
}
330
2
100
AcDbSymbolTableRecord
100
AcDbLayerTableRecord
  2
_MotorCAD754_
 70
     0
 62
     7
  6
Continuous
370
    -3
390
F
347
21
348
0
  0
LAYER
  5
65B
102
{ACAD_XDICTIONARY
360
EA0
102
}
330
2
100
AcDbSymbolTableRecord
100
AcDbLayerTableRecord
  2
_MotorCAD755_
 70
     0
 62
     7
  6
Continuous
370
    -3
390
F
347
21
348
0
  0
LAYER
  5
65D
102
{ACAD_XDICTIONARY
360
EA2
102
}
330
2
100
AcDbSymbolTableRecord
100
AcDbLayerTableRecord
  2
_MotorCAD756_
 70
     0
 62
     7
  6
Continuous
370
    -3
390
F
347
21
348
0
  0
LAYER
  5
65F
102
{ACAD_XDICTIONARY
360
EA4
102
}
330
2
100
AcDbSymbolTableRecord
100
AcDbLayerTableRecord
  2
_MotorCAD757_
 70
     0
 62
     7
  6
Continuous
370
    -3
390
F
347
21
348
0
  0
LAYER
  5
661
102
{ACAD_XDICTIONARY
360
EA6
102
}
330
2
100
AcDbSymbolTableRecord
100
AcDbLayerTableRecord
  2
_MotorCAD758_
 70
     0
 62
     7
  6
Continuous
370
    -3
390
F
347
21
348
0
  0
LAYER
  5
663
102
{ACAD_XDICTIONARY
360
EA8
102
}
330
2
100
AcDbSymbolTableRecord
100
AcDbLayerTableRecord
  2
_MotorCAD759_
 70
     0
 62
     7
  6
Continuous
370
    -3
390
F
347
21
348
0
  0
LAYER
  5
665
102
{ACAD_XDICTIONARY
360
EAA
102
}
330
2
100
AcDbSymbolTableRecord
100
AcDbLayerTableRecord
  2
_MotorCAD760_
 70
     0
 62
     7
  6
Continuous
370
    -3
390
F
347
21
348
0
  0
LAYER
  5
667
102
{ACAD_XDICTIONARY
360
EAC
102
}
330
2
100
AcDbSymbolTableRecord
100
AcDbLayerTableRecord
  2
_MotorCAD761_
 70
     0
 62
     7
  6
Continuous
370
    -3
390
F
347
21
348
0
  0
LAYER
  5
669
102
{ACAD_XDICTIONARY
360
EAE
102
}
330
2
100
AcDbSymbolTableRecord
100
AcDbLayerTableRecord
  2
_MotorCAD762_
 70
     0
 62
     7
  6
Continuous
370
    -3
390
F
347
21
348
0
  0
LAYER
  5
66B
102
{ACAD_XDICTIONARY
360
EB0
102
}
330
2
100
AcDbSymbolTableRecord
100
AcDbLayerTableRecord
  2
_MotorCAD763_
 70
     0
 62
     7
  6
Continuous
370
    -3
390
F
347
21
348
0
  0
LAYER
  5
66D
102
{ACAD_XDICTIONARY
360
EB2
102
}
330
2
100
AcDbSymbolTableRecord
100
AcDbLayerTableRecord
  2
_MotorCAD764_
 70
     0
 62
     7
  6
Continuous
370
    -3
390
F
347
21
348
0
  0
LAYER
  5
66F
102
{ACAD_XDICTIONARY
360
EB4
102
}
330
2
100
AcDbSymbolTableRecord
100
AcDbLayerTableRecord
  2
_MotorCAD765_
 70
     0
 62
     7
  6
Continuous
370
    -3
390
F
347
21
348
0
  0
LAYER
  5
671
102
{ACAD_XDICTIONARY
360
EB6
102
}
330
2
100
AcDbSymbolTableRecord
100
AcDbLayerTableRecord
  2
_MotorCAD766_
 70
     0
 62
     7
  6
Continuous
370
    -3
390
F
347
21
348
0
  0
LAYER
  5
673
102
{ACAD_XDICTIONARY
360
EB8
102
}
330
2
100
AcDbSymbolTableRecord
100
AcDbLayerTableRecord
  2
_MotorCAD767_
 70
     0
 62
     7
  6
Continuous
370
    -3
390
F
347
21
348
0
  0
LAYER
  5
675
102
{ACAD_XDICTIONARY
360
EBA
102
}
330
2
100
AcDbSymbolTableRecord
100
AcDbLayerTableRecord
  2
_MotorCAD768_
 70
     0
 62
     7
  6
Continuous
370
    -3
390
F
347
21
348
0
  0
LAYER
  5
677
102
{ACAD_XDICTIONARY
360
EBC
102
}
330
2
100
AcDbSymbolTableRecord
100
AcDbLayerTableRecord
  2
_MotorCAD769_
 70
     0
 62
     7
  6
Continuous
370
    -3
390
F
347
21
348
0
  0
LAYER
  5
679
102
{ACAD_XDICTIONARY
360
EBE
102
}
330
2
100
AcDbSymbolTableRecord
100
AcDbLayerTableRecord
  2
_MotorCAD770_
 70
     0
 62
     7
  6
Continuous
370
    -3
390
F
347
21
348
0
  0
LAYER
  5
67B
102
{ACAD_XDICTIONARY
360
EC0
102
}
330
2
100
AcDbSymbolTableRecord
100
AcDbLayerTableRecord
  2
_MotorCAD771_
 70
     0
 62
     7
  6
Continuous
370
    -3
390
F
347
21
348
0
  0
LAYER
  5
67D
102
{ACAD_XDICTIONARY
360
EC2
102
}
330
2
100
AcDbSymbolTableRecord
100
AcDbLayerTableRecord
  2
_MotorCAD772_
 70
     0
 62
     7
  6
Continuous
370
    -3
390
F
347
21
348
0
  0
LAYER
  5
67F
102
{ACAD_XDICTIONARY
360
EC4
102
}
330
2
100
AcDbSymbolTableRecord
100
AcDbLayerTableRecord
  2
_MotorCAD773_
 70
     0
 62
     7
  6
Continuous
370
    -3
390
F
347
21
348
0
  0
LAYER
  5
681
102
{ACAD_XDICTIONARY
360
EC6
102
}
330
2
100
AcDbSymbolTableRecord
100
AcDbLayerTableRecord
  2
_MotorCAD774_
 70
     0
 62
     7
  6
Continuous
370
    -3
390
F
347
21
348
0
  0
LAYER
  5
683
102
{ACAD_XDICTIONARY
360
EC8
102
}
330
2
100
AcDbSymbolTableRecord
100
AcDbLayerTableRecord
  2
_MotorCAD775_
 70
     0
 62
     7
  6
Continuous
370
    -3
390
F
347
21
348
0
  0
LAYER
  5
685
102
{ACAD_XDICTIONARY
360
ECA
102
}
330
2
100
AcDbSymbolTableRecord
100
AcDbLayerTableRecord
  2
_MotorCAD776_
 70
     0
 62
     7
  6
Continuous
370
    -3
390
F
347
21
348
0
  0
LAYER
  5
687
102
{ACAD_XDICTIONARY
360
ECC
102
}
330
2
100
AcDbSymbolTableRecord
100
AcDbLayerTableRecord
  2
_MotorCAD777_
 70
     0
 62
     7
  6
Continuous
370
    -3
390
F
347
21
348
0
  0
LAYER
  5
689
102
{ACAD_XDICTIONARY
360
ECE
102
}
330
2
100
AcDbSymbolTableRecord
100
AcDbLayerTableRecord
  2
_MotorCAD778_
 70
     0
 62
     7
  6
Continuous
370
    -3
390
F
347
21
348
0
  0
LAYER
  5
68B
102
{ACAD_XDICTIONARY
360
ED0
102
}
330
2
100
AcDbSymbolTableRecord
100
AcDbLayerTableRecord
  2
_MotorCAD779_
 70
     0
 62
     7
  6
Continuous
370
    -3
390
F
347
21
348
0
  0
LAYER
  5
68D
102
{ACAD_XDICTIONARY
360
ED2
102
}
330
2
100
AcDbSymbolTableRecord
100
AcDbLayerTableRecord
  2
_MotorCAD780_
 70
     0
 62
     7
  6
Continuous
370
    -3
390
F
347
21
348
0
  0
LAYER
  5
68F
102
{ACAD_XDICTIONARY
360
ED4
102
}
330
2
100
AcDbSymbolTableRecord
100
AcDbLayerTableRecord
  2
_MotorCAD781_
 70
     0
 62
     7
  6
Continuous
370
    -3
390
F
347
21
348
0
  0
LAYER
  5
691
102
{ACAD_XDICTIONARY
360
ED6
102
}
330
2
100
AcDbSymbolTableRecord
100
AcDbLayerTableRecord
  2
_MotorCAD782_
 70
     0
 62
     7
  6
Continuous
370
    -3
390
F
347
21
348
0
  0
LAYER
  5
693
102
{ACAD_XDICTIONARY
360
ED8
102
}
330
2
100
AcDbSymbolTableRecord
100
AcDbLayerTableRecord
  2
_MotorCAD783_
 70
     0
 62
     7
  6
Continuous
370
    -3
390
F
347
21
348
0
  0
LAYER
  5
695
102
{ACAD_XDICTIONARY
360
EDA
102
}
330
2
100
AcDbSymbolTableRecord
100
AcDbLayerTableRecord
  2
_MotorCAD784_
 70
     0
 62
     7
  6
Continuous
370
    -3
390
F
347
21
348
0
  0
LAYER
  5
697
102
{ACAD_XDICTIONARY
360
EDC
102
}
330
2
100
AcDbSymbolTableRecord
100
AcDbLayerTableRecord
  2
_MotorCAD785_
 70
     0
 62
     7
  6
Continuous
370
    -3
390
F
347
21
348
0
  0
LAYER
  5
699
102
{ACAD_XDICTIONARY
360
EDE
102
}
330
2
100
AcDbSymbolTableRecord
100
AcDbLayerTableRecord
  2
_MotorCAD786_
 70
     0
 62
     7
  6
Continuous
370
    -3
390
F
347
21
348
0
  0
LAYER
  5
69B
102
{ACAD_XDICTIONARY
360
EE0
102
}
330
2
100
AcDbSymbolTableRecord
100
AcDbLayerTableRecord
  2
_MotorCAD787_
 70
     0
 62
     7
  6
Continuous
370
    -3
390
F
347
21
348
0
  0
LAYER
  5
69D
102
{ACAD_XDICTIONARY
360
EE2
102
}
330
2
100
AcDbSymbolTableRecord
100
AcDbLayerTableRecord
  2
_MotorCAD788_
 70
     0
 62
     7
  6
Continuous
370
    -3
390
F
347
21
348
0
  0
LAYER
  5
69F
102
{ACAD_XDICTIONARY
360
EE4
102
}
330
2
100
AcDbSymbolTableRecord
100
AcDbLayerTableRecord
  2
_MotorCAD789_
 70
     0
 62
     7
  6
Continuous
370
    -3
390
F
347
21
348
0
  0
LAYER
  5
6A1
102
{ACAD_XDICTIONARY
360
EE6
102
}
330
2
100
AcDbSymbolTableRecord
100
AcDbLayerTableRecord
  2
_MotorCAD790_
 70
     0
 62
     7
  6
Continuous
370
    -3
390
F
347
21
348
0
  0
LAYER
  5
6A3
102
{ACAD_XDICTIONARY
360
EE8
102
}
330
2
100
AcDbSymbolTableRecord
100
AcDbLayerTableRecord
  2
_MotorCAD791_
 70
     0
 62
     7
  6
Continuous
370
    -3
390
F
347
21
348
0
  0
LAYER
  5
6A5
102
{ACAD_XDICTIONARY
360
EEA
102
}
330
2
100
AcDbSymbolTableRecord
100
AcDbLayerTableRecord
  2
_MotorCAD792_
 70
     0
 62
     7
  6
Continuous
370
    -3
390
F
347
21
348
0
  0
LAYER
  5
6A7
102
{ACAD_XDICTIONARY
360
EEC
102
}
330
2
100
AcDbSymbolTableRecord
100
AcDbLayerTableRecord
  2
_MotorCAD793_
 70
     0
 62
     7
  6
Continuous
370
    -3
390
F
347
21
348
0
  0
LAYER
  5
6A9
102
{ACAD_XDICTIONARY
360
EEE
102
}
330
2
100
AcDbSymbolTableRecord
100
AcDbLayerTableRecord
  2
_MotorCAD794_
 70
     0
 62
     7
  6
Continuous
370
    -3
390
F
347
21
348
0
  0
LAYER
  5
6AB
102
{ACAD_XDICTIONARY
360
EF0
102
}
330
2
100
AcDbSymbolTableRecord
100
AcDbLayerTableRecord
  2
_MotorCAD795_
 70
     0
 62
     7
  6
Continuous
370
    -3
390
F
347
21
348
0
  0
LAYER
  5
6AD
102
{ACAD_XDICTIONARY
360
EF2
102
}
330
2
100
AcDbSymbolTableRecord
100
AcDbLayerTableRecord
  2
_MotorCAD796_
 70
     0
 62
     7
  6
Continuous
370
    -3
390
F
347
21
348
0
  0
LAYER
  5
6AF
102
{ACAD_XDICTIONARY
360
EF4
102
}
330
2
100
AcDbSymbolTableRecord
100
AcDbLayerTableRecord
  2
_MotorCAD797_
 70
     0
 62
     7
  6
Continuous
370
    -3
390
F
347
21
348
0
  0
LAYER
  5
6B1
102
{ACAD_XDICTIONARY
360
EF6
102
}
330
2
100
AcDbSymbolTableRecord
100
AcDbLayerTableRecord
  2
_MotorCAD798_
 70
     0
 62
     7
  6
Continuous
370
    -3
390
F
347
21
348
0
  0
LAYER
  5
6B3
102
{ACAD_XDICTIONARY
360
EF8
102
}
330
2
100
AcDbSymbolTableRecord
100
AcDbLayerTableRecord
  2
_MotorCAD799_
 70
     0
 62
     7
  6
Continuous
370
    -3
390
F
347
21
348
0
  0
LAYER
  5
6B5
102
{ACAD_XDICTIONARY
360
EFA
102
}
330
2
100
AcDbSymbolTableRecord
100
AcDbLayerTableRecord
  2
_MotorCAD800_
 70
     0
 62
     7
  6
Continuous
370
    -3
390
F
347
21
348
0
  0
LAYER
  5
6B7
102
{ACAD_XDICTIONARY
360
EFC
102
}
330
2
100
AcDbSymbolTableRecord
100
AcDbLayerTableRecord
  2
_MotorCAD801_
 70
     0
 62
     7
  6
Continuous
370
    -3
390
F
347
21
348
0
  0
LAYER
  5
6B9
102
{ACAD_XDICTIONARY
360
EFE
102
}
330
2
100
AcDbSymbolTableRecord
100
AcDbLayerTableRecord
  2
_MotorCAD802_
 70
     0
 62
     7
  6
Continuous
370
    -3
390
F
347
21
348
0
  0
LAYER
  5
6BB
102
{ACAD_XDICTIONARY
360
F00
102
}
330
2
100
AcDbSymbolTableRecord
100
AcDbLayerTableRecord
  2
_MotorCAD803_
 70
     0
 62
     7
  6
Continuous
370
    -3
390
F
347
21
348
0
  0
LAYER
  5
6BD
102
{ACAD_XDICTIONARY
360
F02
102
}
330
2
100
AcDbSymbolTableRecord
100
AcDbLayerTableRecord
  2
_MotorCAD804_
 70
     0
 62
     7
  6
Continuous
370
    -3
390
F
347
21
348
0
  0
LAYER
  5
6BF
102
{ACAD_XDICTIONARY
360
F04
102
}
330
2
100
AcDbSymbolTableRecord
100
AcDbLayerTableRecord
  2
_MotorCAD805_
 70
     0
 62
     7
  6
Continuous
370
    -3
390
F
347
21
348
0
  0
LAYER
  5
6C1
102
{ACAD_XDICTIONARY
360
F06
102
}
330
2
100
AcDbSymbolTableRecord
100
AcDbLayerTableRecord
  2
_MotorCAD806_
 70
     0
 62
     7
  6
Continuous
370
    -3
390
F
347
21
348
0
  0
LAYER
  5
6C3
102
{ACAD_XDICTIONARY
360
F08
102
}
330
2
100
AcDbSymbolTableRecord
100
AcDbLayerTableRecord
  2
_MotorCAD807_
 70
     0
 62
     7
  6
Continuous
370
    -3
390
F
347
21
348
0
  0
LAYER
  5
6C5
102
{ACAD_XDICTIONARY
360
F0A
102
}
330
2
100
AcDbSymbolTableRecord
100
AcDbLayerTableRecord
  2
_MotorCAD808_
 70
     0
 62
     7
  6
Continuous
370
    -3
390
F
347
21
348
0
  0
LAYER
  5
6C7
102
{ACAD_XDICTIONARY
360
F0C
102
}
330
2
100
AcDbSymbolTableRecord
100
AcDbLayerTableRecord
  2
_MotorCAD809_
 70
     0
 62
     7
  6
Continuous
370
    -3
390
F
347
21
348
0
  0
LAYER
  5
6C9
102
{ACAD_XDICTIONARY
360
F0E
102
}
330
2
100
AcDbSymbolTableRecord
100
AcDbLayerTableRecord
  2
_MotorCAD810_
 70
     0
 62
     7
  6
Continuous
370
    -3
390
F
347
21
348
0
  0
LAYER
  5
6CB
102
{ACAD_XDICTIONARY
360
F10
102
}
330
2
100
AcDbSymbolTableRecord
100
AcDbLayerTableRecord
  2
_MotorCAD811_
 70
     0
 62
     7
  6
Continuous
370
    -3
390
F
347
21
348
0
  0
LAYER
  5
6CD
102
{ACAD_XDICTIONARY
360
F12
102
}
330
2
100
AcDbSymbolTableRecord
100
AcDbLayerTableRecord
  2
_MotorCAD812_
 70
     0
 62
     7
  6
Continuous
370
    -3
390
F
347
21
348
0
  0
LAYER
  5
6CF
102
{ACAD_XDICTIONARY
360
F14
102
}
330
2
100
AcDbSymbolTableRecord
100
AcDbLayerTableRecord
  2
_MotorCAD813_
 70
     0
 62
     7
  6
Continuous
370
    -3
390
F
347
21
348
0
  0
LAYER
  5
6D1
102
{ACAD_XDICTIONARY
360
F16
102
}
330
2
100
AcDbSymbolTableRecord
100
AcDbLayerTableRecord
  2
_MotorCAD814_
 70
     0
 62
     7
  6
Continuous
370
    -3
390
F
347
21
348
0
  0
LAYER
  5
6D3
102
{ACAD_XDICTIONARY
360
F18
102
}
330
2
100
AcDbSymbolTableRecord
100
AcDbLayerTableRecord
  2
_MotorCAD815_
 70
     0
 62
     7
  6
Continuous
370
    -3
390
F
347
21
348
0
  0
LAYER
  5
6D5
102
{ACAD_XDICTIONARY
360
F1A
102
}
330
2
100
AcDbSymbolTableRecord
100
AcDbLayerTableRecord
  2
_MotorCAD816_
 70
     0
 62
     7
  6
Continuous
370
    -3
390
F
347
21
348
0
  0
LAYER
  5
6D7
102
{ACAD_XDICTIONARY
360
F1C
102
}
330
2
100
AcDbSymbolTableRecord
100
AcDbLayerTableRecord
  2
_MotorCAD817_
 70
     0
 62
     7
  6
Continuous
370
    -3
390
F
347
21
348
0
  0
LAYER
  5
6D9
102
{ACAD_XDICTIONARY
360
F1E
102
}
330
2
100
AcDbSymbolTableRecord
100
AcDbLayerTableRecord
  2
_MotorCAD818_
 70
     0
 62
     7
  6
Continuous
370
    -3
390
F
347
21
348
0
  0
LAYER
  5
6DB
102
{ACAD_XDICTIONARY
360
F20
102
}
330
2
100
AcDbSymbolTableRecord
100
AcDbLayerTableRecord
  2
_MotorCAD819_
 70
     0
 62
     7
  6
Continuous
370
    -3
390
F
347
21
348
0
  0
LAYER
  5
6DD
102
{ACAD_XDICTIONARY
360
F22
102
}
330
2
100
AcDbSymbolTableRecord
100
AcDbLayerTableRecord
  2
_MotorCAD820_
 70
     0
 62
     7
  6
Continuous
370
    -3
390
F
347
21
348
0
  0
LAYER
  5
6DF
102
{ACAD_XDICTIONARY
360
F24
102
}
330
2
100
AcDbSymbolTableRecord
100
AcDbLayerTableRecord
  2
_MotorCAD821_
 70
     0
 62
     7
  6
Continuous
370
    -3
390
F
347
21
348
0
  0
LAYER
  5
6E1
102
{ACAD_XDICTIONARY
360
F26
102
}
330
2
100
AcDbSymbolTableRecord
100
AcDbLayerTableRecord
  2
_MotorCAD822_
 70
     0
 62
     7
  6
Continuous
370
    -3
390
F
347
21
348
0
  0
LAYER
  5
6E3
102
{ACAD_XDICTIONARY
360
F28
102
}
330
2
100
AcDbSymbolTableRecord
100
AcDbLayerTableRecord
  2
_MotorCAD823_
 70
     0
 62
     7
  6
Continuous
370
    -3
390
F
347
21
348
0
  0
LAYER
  5
6E5
102
{ACAD_XDICTIONARY
360
F2A
102
}
330
2
100
AcDbSymbolTableRecord
100
AcDbLayerTableRecord
  2
_MotorCAD824_
 70
     0
 62
     7
  6
Continuous
370
    -3
390
F
347
21
348
0
  0
LAYER
  5
6E7
102
{ACAD_XDICTIONARY
360
F2C
102
}
330
2
100
AcDbSymbolTableRecord
100
AcDbLayerTableRecord
  2
_MotorCAD825_
 70
     0
 62
     7
  6
Continuous
370
    -3
390
F
347
21
348
0
  0
LAYER
  5
6E9
102
{ACAD_XDICTIONARY
360
F2E
102
}
330
2
100
AcDbSymbolTableRecord
100
AcDbLayerTableRecord
  2
_MotorCAD826_
 70
     0
 62
     7
  6
Continuous
370
    -3
390
F
347
21
348
0
  0
LAYER
  5
6EB
102
{ACAD_XDICTIONARY
360
F30
102
}
330
2
100
AcDbSymbolTableRecord
100
AcDbLayerTableRecord
  2
_MotorCAD827_
 70
     0
 62
     7
  6
Continuous
370
    -3
390
F
347
21
348
0
  0
LAYER
  5
6ED
102
{ACAD_XDICTIONARY
360
F32
102
}
330
2
100
AcDbSymbolTableRecord
100
AcDbLayerTableRecord
  2
_MotorCAD828_
 70
     0
 62
     7
  6
Continuous
370
    -3
390
F
347
21
348
0
  0
LAYER
  5
6EF
102
{ACAD_XDICTIONARY
360
F34
102
}
330
2
100
AcDbSymbolTableRecord
100
AcDbLayerTableRecord
  2
_MotorCAD829_
 70
     0
 62
     7
  6
Continuous
370
    -3
390
F
347
21
348
0
  0
LAYER
  5
6F1
102
{ACAD_XDICTIONARY
360
F36
102
}
330
2
100
AcDbSymbolTableRecord
100
AcDbLayerTableRecord
  2
_MotorCAD830_
 70
     0
 62
     7
  6
Continuous
370
    -3
390
F
347
21
348
0
  0
LAYER
  5
6F3
102
{ACAD_XDICTIONARY
360
F38
102
}
330
2
100
AcDbSymbolTableRecord
100
AcDbLayerTableRecord
  2
_MotorCAD831_
 70
     0
 62
     7
  6
Continuous
370
    -3
390
F
347
21
348
0
  0
LAYER
  5
6F5
102
{ACAD_XDICTIONARY
360
F3A
102
}
330
2
100
AcDbSymbolTableRecord
100
AcDbLayerTableRecord
  2
_MotorCAD832_
 70
     0
 62
     7
  6
Continuous
370
    -3
390
F
347
21
348
0
  0
LAYER
  5
6F7
102
{ACAD_XDICTIONARY
360
F3C
102
}
330
2
100
AcDbSymbolTableRecord
100
AcDbLayerTableRecord
  2
_MotorCAD833_
 70
     0
 62
     7
  6
Continuous
370
    -3
390
F
347
21
348
0
  0
LAYER
  5
6F9
102
{ACAD_XDICTIONARY
360
F3E
102
}
330
2
100
AcDbSymbolTableRecord
100
AcDbLayerTableRecord
  2
_MotorCAD834_
 70
     0
 62
     7
  6
Continuous
370
    -3
390
F
347
21
348
0
  0
LAYER
  5
6FB
102
{ACAD_XDICTIONARY
360
F40
102
}
330
2
100
AcDbSymbolTableRecord
100
AcDbLayerTableRecord
  2
_MotorCAD835_
 70
     0
 62
     7
  6
Continuous
370
    -3
390
F
347
21
348
0
  0
LAYER
  5
6FD
102
{ACAD_XDICTIONARY
360
F42
102
}
330
2
100
AcDbSymbolTableRecord
100
AcDbLayerTableRecord
  2
_MotorCAD836_
 70
     0
 62
     7
  6
Continuous
370
    -3
390
F
347
21
348
0
  0
LAYER
  5
6FF
102
{ACAD_XDICTIONARY
360
F44
102
}
330
2
100
AcDbSymbolTableRecord
100
AcDbLayerTableRecord
  2
_MotorCAD837_
 70
     0
 62
     7
  6
Continuous
370
    -3
390
F
347
21
348
0
  0
LAYER
  5
701
102
{ACAD_XDICTIONARY
360
F46
102
}
330
2
100
AcDbSymbolTableRecord
100
AcDbLayerTableRecord
  2
_MotorCAD838_
 70
     0
 62
     7
  6
Continuous
370
    -3
390
F
347
21
348
0
  0
LAYER
  5
703
102
{ACAD_XDICTIONARY
360
F48
102
}
330
2
100
AcDbSymbolTableRecord
100
AcDbLayerTableRecord
  2
_MotorCAD839_
 70
     0
 62
     7
  6
Continuous
370
    -3
390
F
347
21
348
0
  0
LAYER
  5
705
102
{ACAD_XDICTIONARY
360
F4A
102
}
330
2
100
AcDbSymbolTableRecord
100
AcDbLayerTableRecord
  2
_MotorCAD840_
 70
     0
 62
     7
  6
Continuous
370
    -3
390
F
347
21
348
0
  0
LAYER
  5
707
102
{ACAD_XDICTIONARY
360
F4C
102
}
330
2
100
AcDbSymbolTableRecord
100
AcDbLayerTableRecord
  2
_MotorCAD841_
 70
     0
 62
     7
  6
Continuous
370
    -3
390
F
347
21
348
0
  0
LAYER
  5
709
102
{ACAD_XDICTIONARY
360
F4E
102
}
330
2
100
AcDbSymbolTableRecord
100
AcDbLayerTableRecord
  2
_MotorCAD842_
 70
     0
 62
     7
  6
Continuous
370
    -3
390
F
347
21
348
0
  0
LAYER
  5
70B
102
{ACAD_XDICTIONARY
360
F50
102
}
330
2
100
AcDbSymbolTableRecord
100
AcDbLayerTableRecord
  2
_MotorCAD843_
 70
     0
 62
     7
  6
Continuous
370
    -3
390
F
347
21
348
0
  0
LAYER
  5
70D
102
{ACAD_XDICTIONARY
360
F52
102
}
330
2
100
AcDbSymbolTableRecord
100
AcDbLayerTableRecord
  2
_MotorCAD844_
 70
     0
 62
     7
  6
Continuous
370
    -3
390
F
347
21
348
0
  0
LAYER
  5
70F
102
{ACAD_XDICTIONARY
360
F54
102
}
330
2
100
AcDbSymbolTableRecord
100
AcDbLayerTableRecord
  2
_MotorCAD845_
 70
     0
 62
     7
  6
Continuous
370
    -3
390
F
347
21
348
0
  0
LAYER
  5
711
102
{ACAD_XDICTIONARY
360
F56
102
}
330
2
100
AcDbSymbolTableRecord
100
AcDbLayerTableRecord
  2
_MotorCAD846_
 70
     0
 62
     7
  6
Continuous
370
    -3
390
F
347
21
348
0
  0
LAYER
  5
713
102
{ACAD_XDICTIONARY
360
F58
102
}
330
2
100
AcDbSymbolTableRecord
100
AcDbLayerTableRecord
  2
_MotorCAD847_
 70
     0
 62
     7
  6
Continuous
370
    -3
390
F
347
21
348
0
  0
LAYER
  5
715
102
{ACAD_XDICTIONARY
360
F5A
102
}
330
2
100
AcDbSymbolTableRecord
100
AcDbLayerTableRecord
  2
_MotorCAD848_
 70
     0
 62
     7
  6
Continuous
370
    -3
390
F
347
21
348
0
  0
LAYER
  5
717
102
{ACAD_XDICTIONARY
360
F5C
102
}
330
2
100
AcDbSymbolTableRecord
100
AcDbLayerTableRecord
  2
_MotorCAD849_
 70
     0
 62
     7
  6
Continuous
370
    -3
390
F
347
21
348
0
  0
LAYER
  5
719
102
{ACAD_XDICTIONARY
360
F5E
102
}
330
2
100
AcDbSymbolTableRecord
100
AcDbLayerTableRecord
  2
_MotorCAD850_
 70
     0
 62
     7
  6
Continuous
370
    -3
390
F
347
21
348
0
  0
LAYER
  5
71B
102
{ACAD_XDICTIONARY
360
F60
102
}
330
2
100
AcDbSymbolTableRecord
100
AcDbLayerTableRecord
  2
_MotorCAD851_
 70
     0
 62
     7
  6
Continuous
370
    -3
390
F
347
21
348
0
  0
LAYER
  5
71D
102
{ACAD_XDICTIONARY
360
F62
102
}
330
2
100
AcDbSymbolTableRecord
100
AcDbLayerTableRecord
  2
_MotorCAD852_
 70
     0
 62
     7
  6
Continuous
370
    -3
390
F
347
21
348
0
  0
LAYER
  5
71F
102
{ACAD_XDICTIONARY
360
F64
102
}
330
2
100
AcDbSymbolTableRecord
100
AcDbLayerTableRecord
  2
_MotorCAD853_
 70
     0
 62
     7
  6
Continuous
370
    -3
390
F
347
21
348
0
  0
LAYER
  5
721
102
{ACAD_XDICTIONARY
360
F66
102
}
330
2
100
AcDbSymbolTableRecord
100
AcDbLayerTableRecord
  2
_MotorCAD854_
 70
     0
 62
     7
  6
Continuous
370
    -3
390
F
347
21
348
0
  0
LAYER
  5
723
102
{ACAD_XDICTIONARY
360
F68
102
}
330
2
100
AcDbSymbolTableRecord
100
AcDbLayerTableRecord
  2
_MotorCAD855_
 70
     0
 62
     7
  6
Continuous
370
    -3
390
F
347
21
348
0
  0
LAYER
  5
725
102
{ACAD_XDICTIONARY
360
F6A
102
}
330
2
100
AcDbSymbolTableRecord
100
AcDbLayerTableRecord
  2
_MotorCAD856_
 70
     0
 62
     7
  6
Continuous
370
    -3
390
F
347
21
348
0
  0
LAYER
  5
727
102
{ACAD_XDICTIONARY
360
F6C
102
}
330
2
100
AcDbSymbolTableRecord
100
AcDbLayerTableRecord
  2
_MotorCAD857_
 70
     0
 62
     7
  6
Continuous
370
    -3
390
F
347
21
348
0
  0
LAYER
  5
729
102
{ACAD_XDICTIONARY
360
F6E
102
}
330
2
100
AcDbSymbolTableRecord
100
AcDbLayerTableRecord
  2
_MotorCAD858_
 70
     0
 62
     7
  6
Continuous
370
    -3
390
F
347
21
348
0
  0
LAYER
  5
72B
102
{ACAD_XDICTIONARY
360
F70
102
}
330
2
100
AcDbSymbolTableRecord
100
AcDbLayerTableRecord
  2
_MotorCAD859_
 70
     0
 62
     7
  6
Continuous
370
    -3
390
F
347
21
348
0
  0
LAYER
  5
72D
102
{ACAD_XDICTIONARY
360
F72
102
}
330
2
100
AcDbSymbolTableRecord
100
AcDbLayerTableRecord
  2
_MotorCAD860_
 70
     0
 62
     7
  6
Continuous
370
    -3
390
F
347
21
348
0
  0
LAYER
  5
72F
102
{ACAD_XDICTIONARY
360
F74
102
}
330
2
100
AcDbSymbolTableRecord
100
AcDbLayerTableRecord
  2
_MotorCAD861_
 70
     0
 62
     7
  6
Continuous
370
    -3
390
F
347
21
348
0
  0
LAYER
  5
731
102
{ACAD_XDICTIONARY
360
F76
102
}
330
2
100
AcDbSymbolTableRecord
100
AcDbLayerTableRecord
  2
_MotorCAD862_
 70
     0
 62
     7
  6
Continuous
370
    -3
390
F
347
21
348
0
  0
LAYER
  5
733
102
{ACAD_XDICTIONARY
360
F78
102
}
330
2
100
AcDbSymbolTableRecord
100
AcDbLayerTableRecord
  2
_MotorCAD863_
 70
     0
 62
     7
  6
Continuous
370
    -3
390
F
347
21
348
0
  0
LAYER
  5
735
102
{ACAD_XDICTIONARY
360
F7A
102
}
330
2
100
AcDbSymbolTableRecord
100
AcDbLayerTableRecord
  2
_MotorCAD864_
 70
     0
 62
     7
  6
Continuous
370
    -3
390
F
347
21
348
0
  0
LAYER
  5
737
102
{ACAD_XDICTIONARY
360
F7C
102
}
330
2
100
AcDbSymbolTableRecord
100
AcDbLayerTableRecord
  2
_MotorCAD865_
 70
     0
 62
     7
  6
Continuous
370
    -3
390
F
347
21
348
0
  0
LAYER
  5
739
102
{ACAD_XDICTIONARY
360
F7E
102
}
330
2
100
AcDbSymbolTableRecord
100
AcDbLayerTableRecord
  2
_MotorCAD866_
 70
     0
 62
     7
  6
Continuous
370
    -3
390
F
347
21
348
0
  0
LAYER
  5
73B
102
{ACAD_XDICTIONARY
360
F80
102
}
330
2
100
AcDbSymbolTableRecord
100
AcDbLayerTableRecord
  2
_MotorCAD867_
 70
     0
 62
     7
  6
Continuous
370
    -3
390
F
347
21
348
0
  0
LAYER
  5
73D
102
{ACAD_XDICTIONARY
360
F82
102
}
330
2
100
AcDbSymbolTableRecord
100
AcDbLayerTableRecord
  2
_MotorCAD868_
 70
     0
 62
     7
  6
Continuous
370
    -3
390
F
347
21
348
0
  0
LAYER
  5
73F
102
{ACAD_XDICTIONARY
360
F84
102
}
330
2
100
AcDbSymbolTableRecord
100
AcDbLayerTableRecord
  2
_MotorCAD869_
 70
     0
 62
     7
  6
Continuous
370
    -3
390
F
347
21
348
0
  0
LAYER
  5
741
102
{ACAD_XDICTIONARY
360
F86
102
}
330
2
100
AcDbSymbolTableRecord
100
AcDbLayerTableRecord
  2
_MotorCAD870_
 70
     0
 62
     7
  6
Continuous
370
    -3
390
F
347
21
348
0
  0
LAYER
  5
743
102
{ACAD_XDICTIONARY
360
F88
102
}
330
2
100
AcDbSymbolTableRecord
100
AcDbLayerTableRecord
  2
_MotorCAD871_
 70
     0
 62
     7
  6
Continuous
370
    -3
390
F
347
21
348
0
  0
LAYER
  5
745
102
{ACAD_XDICTIONARY
360
F8A
102
}
330
2
100
AcDbSymbolTableRecord
100
AcDbLayerTableRecord
  2
_MotorCAD872_
 70
     0
 62
     7
  6
Continuous
370
    -3
390
F
347
21
348
0
  0
LAYER
  5
747
102
{ACAD_XDICTIONARY
360
F8C
102
}
330
2
100
AcDbSymbolTableRecord
100
AcDbLayerTableRecord
  2
_MotorCAD873_
 70
     0
 62
     7
  6
Continuous
370
    -3
390
F
347
21
348
0
  0
LAYER
  5
749
102
{ACAD_XDICTIONARY
360
F8E
102
}
330
2
100
AcDbSymbolTableRecord
100
AcDbLayerTableRecord
  2
_MotorCAD874_
 70
     0
 62
     7
  6
Continuous
370
    -3
390
F
347
21
348
0
  0
LAYER
  5
74B
102
{ACAD_XDICTIONARY
360
F90
102
}
330
2
100
AcDbSymbolTableRecord
100
AcDbLayerTableRecord
  2
_MotorCAD875_
 70
     0
 62
     7
  6
Continuous
370
    -3
390
F
347
21
348
0
  0
LAYER
  5
74D
102
{ACAD_XDICTIONARY
360
F92
102
}
330
2
100
AcDbSymbolTableRecord
100
AcDbLayerTableRecord
  2
_MotorCAD876_
 70
     0
 62
     7
  6
Continuous
370
    -3
390
F
347
21
348
0
  0
LAYER
  5
74F
102
{ACAD_XDICTIONARY
360
F94
102
}
330
2
100
AcDbSymbolTableRecord
100
AcDbLayerTableRecord
  2
_MotorCAD877_
 70
     0
 62
     7
  6
Continuous
370
    -3
390
F
347
21
348
0
  0
LAYER
  5
751
102
{ACAD_XDICTIONARY
360
F96
102
}
330
2
100
AcDbSymbolTableRecord
100
AcDbLayerTableRecord
  2
_MotorCAD878_
 70
     0
 62
     7
  6
Continuous
370
    -3
390
F
347
21
348
0
  0
LAYER
  5
753
102
{ACAD_XDICTIONARY
360
F98
102
}
330
2
100
AcDbSymbolTableRecord
100
AcDbLayerTableRecord
  2
_MotorCAD879_
 70
     0
 62
     7
  6
Continuous
370
    -3
390
F
347
21
348
0
  0
LAYER
  5
755
102
{ACAD_XDICTIONARY
360
F9A
102
}
330
2
100
AcDbSymbolTableRecord
100
AcDbLayerTableRecord
  2
_MotorCAD880_
 70
     0
 62
     7
  6
Continuous
370
    -3
390
F
347
21
348
0
  0
LAYER
  5
757
102
{ACAD_XDICTIONARY
360
F9C
102
}
330
2
100
AcDbSymbolTableRecord
100
AcDbLayerTableRecord
  2
_MotorCAD881_
 70
     0
 62
     7
  6
Continuous
370
    -3
390
F
347
21
348
0
  0
LAYER
  5
759
102
{ACAD_XDICTIONARY
360
F9E
102
}
330
2
100
AcDbSymbolTableRecord
100
AcDbLayerTableRecord
  2
_MotorCAD882_
 70
     0
 62
     7
  6
Continuous
370
    -3
390
F
347
21
348
0
  0
LAYER
  5
75B
102
{ACAD_XDICTIONARY
360
FA0
102
}
330
2
100
AcDbSymbolTableRecord
100
AcDbLayerTableRecord
  2
_MotorCAD883_
 70
     0
 62
     7
  6
Continuous
370
    -3
390
F
347
21
348
0
  0
LAYER
  5
75D
102
{ACAD_XDICTIONARY
360
FA2
102
}
330
2
100
AcDbSymbolTableRecord
100
AcDbLayerTableRecord
  2
_MotorCAD884_
 70
     0
 62
     7
  6
Continuous
370
    -3
390
F
347
21
348
0
  0
LAYER
  5
75F
102
{ACAD_XDICTIONARY
360
FA4
102
}
330
2
100
AcDbSymbolTableRecord
100
AcDbLayerTableRecord
  2
_MotorCAD885_
 70
     0
 62
     7
  6
Continuous
370
    -3
390
F
347
21
348
0
  0
LAYER
  5
761
102
{ACAD_XDICTIONARY
360
FA6
102
}
330
2
100
AcDbSymbolTableRecord
100
AcDbLayerTableRecord
  2
_MotorCAD886_
 70
     0
 62
     7
  6
Continuous
370
    -3
390
F
347
21
348
0
  0
LAYER
  5
763
102
{ACAD_XDICTIONARY
360
FA8
102
}
330
2
100
AcDbSymbolTableRecord
100
AcDbLayerTableRecord
  2
_MotorCAD887_
 70
     0
 62
     7
  6
Continuous
370
    -3
390
F
347
21
348
0
  0
LAYER
  5
765
102
{ACAD_XDICTIONARY
360
FAA
102
}
330
2
100
AcDbSymbolTableRecord
100
AcDbLayerTableRecord
  2
_MotorCAD888_
 70
     0
 62
     7
  6
Continuous
370
    -3
390
F
347
21
348
0
  0
LAYER
  5
767
102
{ACAD_XDICTIONARY
360
FAC
102
}
330
2
100
AcDbSymbolTableRecord
100
AcDbLayerTableRecord
  2
_MotorCAD889_
 70
     0
 62
     7
  6
Continuous
370
    -3
390
F
347
21
348
0
  0
LAYER
  5
769
102
{ACAD_XDICTIONARY
360
FAE
102
}
330
2
100
AcDbSymbolTableRecord
100
AcDbLayerTableRecord
  2
_MotorCAD890_
 70
     0
 62
     7
  6
Continuous
370
    -3
390
F
347
21
348
0
  0
LAYER
  5
76B
102
{ACAD_XDICTIONARY
360
FB0
102
}
330
2
100
AcDbSymbolTableRecord
100
AcDbLayerTableRecord
  2
_MotorCAD891_
 70
     0
 62
     7
  6
Continuous
370
    -3
390
F
347
21
348
0
  0
LAYER
  5
76D
102
{ACAD_XDICTIONARY
360
FB2
102
}
330
2
100
AcDbSymbolTableRecord
100
AcDbLayerTableRecord
  2
_MotorCAD892_
 70
     0
 62
     7
  6
Continuous
370
    -3
390
F
347
21
348
0
  0
LAYER
  5
76F
102
{ACAD_XDICTIONARY
360
FB4
102
}
330
2
100
AcDbSymbolTableRecord
100
AcDbLayerTableRecord
  2
_MotorCAD893_
 70
     0
 62
     7
  6
Continuous
370
    -3
390
F
347
21
348
0
  0
LAYER
  5
771
102
{ACAD_XDICTIONARY
360
FB6
102
}
330
2
100
AcDbSymbolTableRecord
100
AcDbLayerTableRecord
  2
_MotorCAD894_
 70
     0
 62
     7
  6
Continuous
370
    -3
390
F
347
21
348
0
  0
LAYER
  5
773
102
{ACAD_XDICTIONARY
360
FB8
102
}
330
2
100
AcDbSymbolTableRecord
100
AcDbLayerTableRecord
  2
_MotorCAD895_
 70
     0
 62
     7
  6
Continuous
370
    -3
390
F
347
21
348
0
  0
LAYER
  5
775
102
{ACAD_XDICTIONARY
360
FBA
102
}
330
2
100
AcDbSymbolTableRecord
100
AcDbLayerTableRecord
  2
_MotorCAD896_
 70
     0
 62
     7
  6
Continuous
370
    -3
390
F
347
21
348
0
  0
LAYER
  5
777
102
{ACAD_XDICTIONARY
360
FBC
102
}
330
2
100
AcDbSymbolTableRecord
100
AcDbLayerTableRecord
  2
_MotorCAD897_
 70
     0
 62
     7
  6
Continuous
370
    -3
390
F
347
21
348
0
  0
LAYER
  5
779
102
{ACAD_XDICTIONARY
360
FBE
102
}
330
2
100
AcDbSymbolTableRecord
100
AcDbLayerTableRecord
  2
_MotorCAD898_
 70
     0
 62
     7
  6
Continuous
370
    -3
390
F
347
21
348
0
  0
LAYER
  5
77B
102
{ACAD_XDICTIONARY
360
FC0
102
}
330
2
100
AcDbSymbolTableRecord
100
AcDbLayerTableRecord
  2
_MotorCAD899_
 70
     0
 62
     7
  6
Continuous
370
    -3
390
F
347
21
348
0
  0
LAYER
  5
77D
102
{ACAD_XDICTIONARY
360
FC2
102
}
330
2
100
AcDbSymbolTableRecord
100
AcDbLayerTableRecord
  2
_MotorCAD900_
 70
     0
 62
     7
  6
Continuous
370
    -3
390
F
347
21
348
0
  0
LAYER
  5
77F
102
{ACAD_XDICTIONARY
360
FC4
102
}
330
2
100
AcDbSymbolTableRecord
100
AcDbLayerTableRecord
  2
_MotorCAD901_
 70
     0
 62
     7
  6
Continuous
370
    -3
390
F
347
21
348
0
  0
LAYER
  5
781
102
{ACAD_XDICTIONARY
360
FC6
102
}
330
2
100
AcDbSymbolTableRecord
100
AcDbLayerTableRecord
  2
_MotorCAD902_
 70
     0
 62
     7
  6
Continuous
370
    -3
390
F
347
21
348
0
  0
LAYER
  5
783
102
{ACAD_XDICTIONARY
360
FC8
102
}
330
2
100
AcDbSymbolTableRecord
100
AcDbLayerTableRecord
  2
_MotorCAD903_
 70
     0
 62
     7
  6
Continuous
370
    -3
390
F
347
21
348
0
  0
LAYER
  5
785
102
{ACAD_XDICTIONARY
360
FCA
102
}
330
2
100
AcDbSymbolTableRecord
100
AcDbLayerTableRecord
  2
_MotorCAD904_
 70
     0
 62
     7
  6
Continuous
370
    -3
390
F
347
21
348
0
  0
LAYER
  5
787
102
{ACAD_XDICTIONARY
360
FCC
102
}
330
2
100
AcDbSymbolTableRecord
100
AcDbLayerTableRecord
  2
_MotorCAD905_
 70
     0
 62
     7
  6
Continuous
370
    -3
390
F
347
21
348
0
  0
LAYER
  5
789
102
{ACAD_XDICTIONARY
360
FCE
102
}
330
2
100
AcDbSymbolTableRecord
100
AcDbLayerTableRecord
  2
_MotorCAD906_
 70
     0
 62
     7
  6
Continuous
370
    -3
390
F
347
21
348
0
  0
LAYER
  5
78B
102
{ACAD_XDICTIONARY
360
FD0
102
}
330
2
100
AcDbSymbolTableRecord
100
AcDbLayerTableRecord
  2
_MotorCAD907_
 70
     0
 62
     7
  6
Continuous
370
    -3
390
F
347
21
348
0
  0
LAYER
  5
78D
102
{ACAD_XDICTIONARY
360
FD2
102
}
330
2
100
AcDbSymbolTableRecord
100
AcDbLayerTableRecord
  2
_MotorCAD908_
 70
     0
 62
     7
  6
Continuous
370
    -3
390
F
347
21
348
0
  0
LAYER
  5
78F
102
{ACAD_XDICTIONARY
360
FD4
102
}
330
2
100
AcDbSymbolTableRecord
100
AcDbLayerTableRecord
  2
_MotorCAD909_
 70
     0
 62
     7
  6
Continuous
370
    -3
390
F
347
21
348
0
  0
LAYER
  5
791
102
{ACAD_XDICTIONARY
360
FD6
102
}
330
2
100
AcDbSymbolTableRecord
100
AcDbLayerTableRecord
  2
_MotorCAD910_
 70
     0
 62
     7
  6
Continuous
370
    -3
390
F
347
21
348
0
  0
LAYER
  5
793
102
{ACAD_XDICTIONARY
360
FD8
102
}
330
2
100
AcDbSymbolTableRecord
100
AcDbLayerTableRecord
  2
_MotorCAD911_
 70
     0
 62
     7
  6
Continuous
370
    -3
390
F
347
21
348
0
  0
LAYER
  5
795
102
{ACAD_XDICTIONARY
360
FDA
102
}
330
2
100
AcDbSymbolTableRecord
100
AcDbLayerTableRecord
  2
_MotorCAD912_
 70
     0
 62
     7
  6
Continuous
370
    -3
390
F
347
21
348
0
  0
LAYER
  5
797
102
{ACAD_XDICTIONARY
360
FDC
102
}
330
2
100
AcDbSymbolTableRecord
100
AcDbLayerTableRecord
  2
_MotorCAD913_
 70
     0
 62
     7
  6
Continuous
370
    -3
390
F
347
21
348
0
  0
LAYER
  5
799
102
{ACAD_XDICTIONARY
360
FDE
102
}
330
2
100
AcDbSymbolTableRecord
100
AcDbLayerTableRecord
  2
_MotorCAD914_
 70
     0
 62
     7
  6
Continuous
370
    -3
390
F
347
21
348
0
  0
LAYER
  5
79B
102
{ACAD_XDICTIONARY
360
FE0
102
}
330
2
100
AcDbSymbolTableRecord
100
AcDbLayerTableRecord
  2
_MotorCAD915_
 70
     0
 62
     7
  6
Continuous
370
    -3
390
F
347
21
348
0
  0
LAYER
  5
79D
102
{ACAD_XDICTIONARY
360
FE2
102
}
330
2
100
AcDbSymbolTableRecord
100
AcDbLayerTableRecord
  2
_MotorCAD916_
 70
     0
 62
     7
  6
Continuous
370
    -3
390
F
347
21
348
0
  0
LAYER
  5
79F
102
{ACAD_XDICTIONARY
360
FE4
102
}
330
2
100
AcDbSymbolTableRecord
100
AcDbLayerTableRecord
  2
_MotorCAD917_
 70
     0
 62
     7
  6
Continuous
370
    -3
390
F
347
21
348
0
  0
LAYER
  5
7A1
102
{ACAD_XDICTIONARY
360
FE6
102
}
330
2
100
AcDbSymbolTableRecord
100
AcDbLayerTableRecord
  2
_MotorCAD918_
 70
     0
 62
     7
  6
Continuous
370
    -3
390
F
347
21
348
0
  0
LAYER
  5
7A3
102
{ACAD_XDICTIONARY
360
FE8
102
}
330
2
100
AcDbSymbolTableRecord
100
AcDbLayerTableRecord
  2
_MotorCAD919_
 70
     0
 62
     7
  6
Continuous
370
    -3
390
F
347
21
348
0
  0
LAYER
  5
7A5
102
{ACAD_XDICTIONARY
360
FEA
102
}
330
2
100
AcDbSymbolTableRecord
100
AcDbLayerTableRecord
  2
_MotorCAD920_
 70
     0
 62
     7
  6
Continuous
370
    -3
390
F
347
21
348
0
  0
LAYER
  5
7A7
102
{ACAD_XDICTIONARY
360
FEC
102
}
330
2
100
AcDbSymbolTableRecord
100
AcDbLayerTableRecord
  2
_MotorCAD921_
 70
     0
 62
     7
  6
Continuous
370
    -3
390
F
347
21
348
0
  0
LAYER
  5
7A9
102
{ACAD_XDICTIONARY
360
FEE
102
}
330
2
100
AcDbSymbolTableRecord
100
AcDbLayerTableRecord
  2
_MotorCAD922_
 70
     0
 62
     7
  6
Continuous
370
    -3
390
F
347
21
348
0
  0
LAYER
  5
7AB
102
{ACAD_XDICTIONARY
360
FF0
102
}
330
2
100
AcDbSymbolTableRecord
100
AcDbLayerTableRecord
  2
_MotorCAD923_
 70
     0
 62
     7
  6
Continuous
370
    -3
390
F
347
21
348
0
  0
LAYER
  5
7AD
102
{ACAD_XDICTIONARY
360
FF2
102
}
330
2
100
AcDbSymbolTableRecord
100
AcDbLayerTableRecord
  2
_MotorCAD924_
 70
     0
 62
     7
  6
Continuous
370
    -3
390
F
347
21
348
0
  0
LAYER
  5
7AF
102
{ACAD_XDICTIONARY
360
FF4
102
}
330
2
100
AcDbSymbolTableRecord
100
AcDbLayerTableRecord
  2
_MotorCAD925_
 70
     0
 62
     7
  6
Continuous
370
    -3
390
F
347
21
348
0
  0
LAYER
  5
7B1
102
{ACAD_XDICTIONARY
360
FF6
102
}
330
2
100
AcDbSymbolTableRecord
100
AcDbLayerTableRecord
  2
_MotorCAD926_
 70
     0
 62
     7
  6
Continuous
370
    -3
390
F
347
21
348
0
  0
LAYER
  5
7B3
102
{ACAD_XDICTIONARY
360
FF8
102
}
330
2
100
AcDbSymbolTableRecord
100
AcDbLayerTableRecord
  2
_MotorCAD927_
 70
     0
 62
     7
  6
Continuous
370
    -3
390
F
347
21
348
0
  0
LAYER
  5
7B5
102
{ACAD_XDICTIONARY
360
FFA
102
}
330
2
100
AcDbSymbolTableRecord
100
AcDbLayerTableRecord
  2
_MotorCAD928_
 70
     0
 62
     7
  6
Continuous
370
    -3
390
F
347
21
348
0
  0
LAYER
  5
7B7
102
{ACAD_XDICTIONARY
360
FFC
102
}
330
2
100
AcDbSymbolTableRecord
100
AcDbLayerTableRecord
  2
_MotorCAD929_
 70
     0
 62
     7
  6
Continuous
370
    -3
390
F
347
21
348
0
  0
LAYER
  5
7B9
102
{ACAD_XDICTIONARY
360
FFE
102
}
330
2
100
AcDbSymbolTableRecord
100
AcDbLayerTableRecord
  2
_MotorCAD930_
 70
     0
 62
     7
  6
Continuous
370
    -3
390
F
347
21
348
0
  0
LAYER
  5
7BB
102
{ACAD_XDICTIONARY
360
1000
102
}
330
2
100
AcDbSymbolTableRecord
100
AcDbLayerTableRecord
  2
_MotorCAD931_
 70
     0
 62
     7
  6
Continuous
370
    -3
390
F
347
21
348
0
  0
LAYER
  5
7BD
102
{ACAD_XDICTIONARY
360
1002
102
}
330
2
100
AcDbSymbolTableRecord
100
AcDbLayerTableRecord
  2
_MotorCAD932_
 70
     0
 62
     7
  6
Continuous
370
    -3
390
F
347
21
348
0
  0
LAYER
  5
7BF
102
{ACAD_XDICTIONARY
360
1004
102
}
330
2
100
AcDbSymbolTableRecord
100
AcDbLayerTableRecord
  2
_MotorCAD933_
 70
     0
 62
     7
  6
Continuous
370
    -3
390
F
347
21
348
0
  0
LAYER
  5
7C1
102
{ACAD_XDICTIONARY
360
1006
102
}
330
2
100
AcDbSymbolTableRecord
100
AcDbLayerTableRecord
  2
_MotorCAD934_
 70
     0
 62
     7
  6
Continuous
370
    -3
390
F
347
21
348
0
  0
LAYER
  5
7C3
102
{ACAD_XDICTIONARY
360
1008
102
}
330
2
100
AcDbSymbolTableRecord
100
AcDbLayerTableRecord
  2
_MotorCAD935_
 70
     0
 62
     7
  6
Continuous
370
    -3
390
F
347
21
348
0
  0
LAYER
  5
7C5
102
{ACAD_XDICTIONARY
360
100A
102
}
330
2
100
AcDbSymbolTableRecord
100
AcDbLayerTableRecord
  2
_MotorCAD936_
 70
     0
 62
     7
  6
Continuous
370
    -3
390
F
347
21
348
0
  0
LAYER
  5
7C7
102
{ACAD_XDICTIONARY
360
100C
102
}
330
2
100
AcDbSymbolTableRecord
100
AcDbLayerTableRecord
  2
_MotorCAD937_
 70
     0
 62
     7
  6
Continuous
370
    -3
390
F
347
21
348
0
  0
LAYER
  5
7C9
102
{ACAD_XDICTIONARY
360
100E
102
}
330
2
100
AcDbSymbolTableRecord
100
AcDbLayerTableRecord
  2
_MotorCAD938_
 70
     0
 62
     7
  6
Continuous
370
    -3
390
F
347
21
348
0
  0
LAYER
  5
7CB
102
{ACAD_XDICTIONARY
360
1010
102
}
330
2
100
AcDbSymbolTableRecord
100
AcDbLayerTableRecord
  2
_MotorCAD939_
 70
     0
 62
     7
  6
Continuous
370
    -3
390
F
347
21
348
0
  0
LAYER
  5
7CD
102
{ACAD_XDICTIONARY
360
1012
102
}
330
2
100
AcDbSymbolTableRecord
100
AcDbLayerTableRecord
  2
_MotorCAD940_
 70
     0
 62
     7
  6
Continuous
370
    -3
390
F
347
21
348
0
  0
LAYER
  5
7CF
102
{ACAD_XDICTIONARY
360
1014
102
}
330
2
100
AcDbSymbolTableRecord
100
AcDbLayerTableRecord
  2
_MotorCAD941_
 70
     0
 62
     7
  6
Continuous
370
    -3
390
F
347
21
348
0
  0
LAYER
  5
7D1
102
{ACAD_XDICTIONARY
360
1016
102
}
330
2
100
AcDbSymbolTableRecord
100
AcDbLayerTableRecord
  2
_MotorCAD942_
 70
     0
 62
     7
  6
Continuous
370
    -3
390
F
347
21
348
0
  0
LAYER
  5
7D3
102
{ACAD_XDICTIONARY
360
1018
102
}
330
2
100
AcDbSymbolTableRecord
100
AcDbLayerTableRecord
  2
_MotorCAD943_
 70
     0
 62
     7
  6
Continuous
370
    -3
390
F
347
21
348
0
  0
LAYER
  5
7D5
102
{ACAD_XDICTIONARY
360
101A
102
}
330
2
100
AcDbSymbolTableRecord
100
AcDbLayerTableRecord
  2
_MotorCAD944_
 70
     0
 62
     7
  6
Continuous
370
    -3
390
F
347
21
348
0
  0
LAYER
  5
7D7
102
{ACAD_XDICTIONARY
360
101C
102
}
330
2
100
AcDbSymbolTableRecord
100
AcDbLayerTableRecord
  2
_MotorCAD945_
 70
     0
 62
     7
  6
Continuous
370
    -3
390
F
347
21
348
0
  0
LAYER
  5
7D9
102
{ACAD_XDICTIONARY
360
101E
102
}
330
2
100
AcDbSymbolTableRecord
100
AcDbLayerTableRecord
  2
_MotorCAD946_
 70
     0
 62
     7
  6
Continuous
370
    -3
390
F
347
21
348
0
  0
LAYER
  5
7DB
102
{ACAD_XDICTIONARY
360
1020
102
}
330
2
100
AcDbSymbolTableRecord
100
AcDbLayerTableRecord
  2
_MotorCAD947_
 70
     0
 62
     7
  6
Continuous
370
    -3
390
F
347
21
348
0
  0
LAYER
  5
7DD
102
{ACAD_XDICTIONARY
360
1022
102
}
330
2
100
AcDbSymbolTableRecord
100
AcDbLayerTableRecord
  2
_MotorCAD948_
 70
     0
 62
     7
  6
Continuous
370
    -3
390
F
347
21
348
0
  0
LAYER
  5
7DF
102
{ACAD_XDICTIONARY
360
1024
102
}
330
2
100
AcDbSymbolTableRecord
100
AcDbLayerTableRecord
  2
_MotorCAD949_
 70
     0
 62
     7
  6
Continuous
370
    -3
390
F
347
21
348
0
  0
LAYER
  5
7E1
102
{ACAD_XDICTIONARY
360
1026
102
}
330
2
100
AcDbSymbolTableRecord
100
AcDbLayerTableRecord
  2
_MotorCAD950_
 70
     0
 62
     7
  6
Continuous
370
    -3
390
F
347
21
348
0
  0
LAYER
  5
7E3
102
{ACAD_XDICTIONARY
360
1028
102
}
330
2
100
AcDbSymbolTableRecord
100
AcDbLayerTableRecord
  2
_MotorCAD951_
 70
     0
 62
     7
  6
Continuous
370
    -3
390
F
347
21
348
0
  0
LAYER
  5
7E5
102
{ACAD_XDICTIONARY
360
102A
102
}
330
2
100
AcDbSymbolTableRecord
100
AcDbLayerTableRecord
  2
_MotorCAD952_
 70
     0
 62
     7
  6
Continuous
370
    -3
390
F
347
21
348
0
  0
LAYER
  5
7E7
102
{ACAD_XDICTIONARY
360
102C
102
}
330
2
100
AcDbSymbolTableRecord
100
AcDbLayerTableRecord
  2
_MotorCAD953_
 70
     0
 62
     7
  6
Continuous
370
    -3
390
F
347
21
348
0
  0
LAYER
  5
7E9
102
{ACAD_XDICTIONARY
360
102E
102
}
330
2
100
AcDbSymbolTableRecord
100
AcDbLayerTableRecord
  2
_MotorCAD954_
 70
     0
 62
     7
  6
Continuous
370
    -3
390
F
347
21
348
0
  0
LAYER
  5
7EB
102
{ACAD_XDICTIONARY
360
1030
102
}
330
2
100
AcDbSymbolTableRecord
100
AcDbLayerTableRecord
  2
_MotorCAD955_
 70
     0
 62
     7
  6
Continuous
370
    -3
390
F
347
21
348
0
  0
LAYER
  5
7ED
102
{ACAD_XDICTIONARY
360
1032
102
}
330
2
100
AcDbSymbolTableRecord
100
AcDbLayerTableRecord
  2
_MotorCAD956_
 70
     0
 62
     7
  6
Continuous
370
    -3
390
F
347
21
348
0
  0
LAYER
  5
7EF
102
{ACAD_XDICTIONARY
360
1034
102
}
330
2
100
AcDbSymbolTableRecord
100
AcDbLayerTableRecord
  2
_MotorCAD957_
 70
     0
 62
     7
  6
Continuous
370
    -3
390
F
347
21
348
0
  0
LAYER
  5
7F1
102
{ACAD_XDICTIONARY
360
1036
102
}
330
2
100
AcDbSymbolTableRecord
100
AcDbLayerTableRecord
  2
_MotorCAD958_
 70
     0
 62
     7
  6
Continuous
370
    -3
390
F
347
21
348
0
  0
LAYER
  5
7F3
102
{ACAD_XDICTIONARY
360
1038
102
}
330
2
100
AcDbSymbolTableRecord
100
AcDbLayerTableRecord
  2
_MotorCAD959_
 70
     0
 62
     7
  6
Continuous
370
    -3
390
F
347
21
348
0
  0
LAYER
  5
7F5
102
{ACAD_XDICTIONARY
360
103A
102
}
330
2
100
AcDbSymbolTableRecord
100
AcDbLayerTableRecord
  2
_MotorCAD960_
 70
     0
 62
     7
  6
Continuous
370
    -3
390
F
347
21
348
0
  0
LAYER
  5
7F7
102
{ACAD_XDICTIONARY
360
103C
102
}
330
2
100
AcDbSymbolTableRecord
100
AcDbLayerTableRecord
  2
_MotorCAD961_
 70
     0
 62
     7
  6
Continuous
370
    -3
390
F
347
21
348
0
  0
LAYER
  5
7F9
102
{ACAD_XDICTIONARY
360
103E
102
}
330
2
100
AcDbSymbolTableRecord
100
AcDbLayerTableRecord
  2
_MotorCAD962_
 70
     0
 62
     7
  6
Continuous
370
    -3
390
F
347
21
348
0
  0
LAYER
  5
7FB
102
{ACAD_XDICTIONARY
360
1040
102
}
330
2
100
AcDbSymbolTableRecord
100
AcDbLayerTableRecord
  2
_MotorCAD963_
 70
     0
 62
     7
  6
Continuous
370
    -3
390
F
347
21
348
0
  0
LAYER
  5
7FD
102
{ACAD_XDICTIONARY
360
1042
102
}
330
2
100
AcDbSymbolTableRecord
100
AcDbLayerTableRecord
  2
_MotorCAD964_
 70
     0
 62
     7
  6
Continuous
370
    -3
390
F
347
21
348
0
  0
LAYER
  5
7FF
102
{ACAD_XDICTIONARY
360
1044
102
}
330
2
100
AcDbSymbolTableRecord
100
AcDbLayerTableRecord
  2
_MotorCAD965_
 70
     0
 62
     7
  6
Continuous
370
    -3
390
F
347
21
348
0
  0
LAYER
  5
801
102
{ACAD_XDICTIONARY
360
1046
102
}
330
2
100
AcDbSymbolTableRecord
100
AcDbLayerTableRecord
  2
_MotorCAD966_
 70
     0
 62
     7
  6
Continuous
370
    -3
390
F
347
21
348
0
  0
LAYER
  5
803
102
{ACAD_XDICTIONARY
360
1048
102
}
330
2
100
AcDbSymbolTableRecord
100
AcDbLayerTableRecord
  2
_MotorCAD967_
 70
     0
 62
     7
  6
Continuous
370
    -3
390
F
347
21
348
0
  0
LAYER
  5
805
102
{ACAD_XDICTIONARY
360
104A
102
}
330
2
100
AcDbSymbolTableRecord
100
AcDbLayerTableRecord
  2
_MotorCAD968_
 70
     0
 62
     7
  6
Continuous
370
    -3
390
F
347
21
348
0
  0
LAYER
  5
807
102
{ACAD_XDICTIONARY
360
104C
102
}
330
2
100
AcDbSymbolTableRecord
100
AcDbLayerTableRecord
  2
_MotorCAD969_
 70
     0
 62
     7
  6
Continuous
370
    -3
390
F
347
21
348
0
  0
LAYER
  5
809
102
{ACAD_XDICTIONARY
360
104E
102
}
330
2
100
AcDbSymbolTableRecord
100
AcDbLayerTableRecord
  2
_MotorCAD970_
 70
     0
 62
     7
  6
Continuous
370
    -3
390
F
347
21
348
0
  0
LAYER
  5
80B
102
{ACAD_XDICTIONARY
360
1050
102
}
330
2
100
AcDbSymbolTableRecord
100
AcDbLayerTableRecord
  2
_MotorCAD971_
 70
     0
 62
     7
  6
Continuous
370
    -3
390
F
347
21
348
0
  0
LAYER
  5
80D
102
{ACAD_XDICTIONARY
360
1052
102
}
330
2
100
AcDbSymbolTableRecord
100
AcDbLayerTableRecord
  2
_MotorCAD972_
 70
     0
 62
     7
  6
Continuous
370
    -3
390
F
347
21
348
0
  0
LAYER
  5
80F
102
{ACAD_XDICTIONARY
360
1054
102
}
330
2
100
AcDbSymbolTableRecord
100
AcDbLayerTableRecord
  2
_MotorCAD973_
 70
     0
 62
     7
  6
Continuous
370
    -3
390
F
347
21
348
0
  0
LAYER
  5
811
102
{ACAD_XDICTIONARY
360
1056
102
}
330
2
100
AcDbSymbolTableRecord
100
AcDbLayerTableRecord
  2
_MotorCAD974_
 70
     0
 62
     7
  6
Continuous
370
    -3
390
F
347
21
348
0
  0
LAYER
  5
813
102
{ACAD_XDICTIONARY
360
1058
102
}
330
2
100
AcDbSymbolTableRecord
100
AcDbLayerTableRecord
  2
_MotorCAD975_
 70
     0
 62
     7
  6
Continuous
370
    -3
390
F
347
21
348
0
  0
LAYER
  5
815
102
{ACAD_XDICTIONARY
360
105A
102
}
330
2
100
AcDbSymbolTableRecord
100
AcDbLayerTableRecord
  2
_MotorCAD976_
 70
     0
 62
     7
  6
Continuous
370
    -3
390
F
347
21
348
0
  0
LAYER
  5
817
102
{ACAD_XDICTIONARY
360
105C
102
}
330
2
100
AcDbSymbolTableRecord
100
AcDbLayerTableRecord
  2
_MotorCAD977_
 70
     0
 62
     7
  6
Continuous
370
    -3
390
F
347
21
348
0
  0
LAYER
  5
819
102
{ACAD_XDICTIONARY
360
105E
102
}
330
2
100
AcDbSymbolTableRecord
100
AcDbLayerTableRecord
  2
_MotorCAD978_
 70
     0
 62
     7
  6
Continuous
370
    -3
390
F
347
21
348
0
  0
LAYER
  5
81B
102
{ACAD_XDICTIONARY
360
1060
102
}
330
2
100
AcDbSymbolTableRecord
100
AcDbLayerTableRecord
  2
_MotorCAD979_
 70
     0
 62
     7
  6
Continuous
370
    -3
390
F
347
21
348
0
  0
LAYER
  5
81D
102
{ACAD_XDICTIONARY
360
1062
102
}
330
2
100
AcDbSymbolTableRecord
100
AcDbLayerTableRecord
  2
_MotorCAD980_
 70
     0
 62
     7
  6
Continuous
370
    -3
390
F
347
21
348
0
  0
LAYER
  5
81F
102
{ACAD_XDICTIONARY
360
1064
102
}
330
2
100
AcDbSymbolTableRecord
100
AcDbLayerTableRecord
  2
_MotorCAD981_
 70
     0
 62
     7
  6
Continuous
370
    -3
390
F
347
21
348
0
  0
LAYER
  5
821
102
{ACAD_XDICTIONARY
360
1066
102
}
330
2
100
AcDbSymbolTableRecord
100
AcDbLayerTableRecord
  2
_MotorCAD982_
 70
     0
 62
     7
  6
Continuous
370
    -3
390
F
347
21
348
0
  0
LAYER
  5
823
102
{ACAD_XDICTIONARY
360
1068
102
}
330
2
100
AcDbSymbolTableRecord
100
AcDbLayerTableRecord
  2
_MotorCAD983_
 70
     0
 62
     7
  6
Continuous
370
    -3
390
F
347
21
348
0
  0
LAYER
  5
825
102
{ACAD_XDICTIONARY
360
106A
102
}
330
2
100
AcDbSymbolTableRecord
100
AcDbLayerTableRecord
  2
_MotorCAD984_
 70
     0
 62
     7
  6
Continuous
370
    -3
390
F
347
21
348
0
  0
LAYER
  5
827
102
{ACAD_XDICTIONARY
360
106C
102
}
330
2
100
AcDbSymbolTableRecord
100
AcDbLayerTableRecord
  2
_MotorCAD985_
 70
     0
 62
     7
  6
Continuous
370
    -3
390
F
347
21
348
0
  0
LAYER
  5
829
102
{ACAD_XDICTIONARY
360
106E
102
}
330
2
100
AcDbSymbolTableRecord
100
AcDbLayerTableRecord
  2
_MotorCAD986_
 70
     0
 62
     7
  6
Continuous
370
    -3
390
F
347
21
348
0
  0
LAYER
  5
82B
102
{ACAD_XDICTIONARY
360
1070
102
}
330
2
100
AcDbSymbolTableRecord
100
AcDbLayerTableRecord
  2
_MotorCAD987_
 70
     0
 62
     7
  6
Continuous
370
    -3
390
F
347
21
348
0
  0
LAYER
  5
82D
102
{ACAD_XDICTIONARY
360
1072
102
}
330
2
100
AcDbSymbolTableRecord
100
AcDbLayerTableRecord
  2
_MotorCAD988_
 70
     0
 62
     7
  6
Continuous
370
    -3
390
F
347
21
348
0
  0
LAYER
  5
82F
102
{ACAD_XDICTIONARY
360
1074
102
}
330
2
100
AcDbSymbolTableRecord
100
AcDbLayerTableRecord
  2
_MotorCAD989_
 70
     0
 62
     7
  6
Continuous
370
    -3
390
F
347
21
348
0
  0
LAYER
  5
831
102
{ACAD_XDICTIONARY
360
1076
102
}
330
2
100
AcDbSymbolTableRecord
100
AcDbLayerTableRecord
  2
_MotorCAD990_
 70
     0
 62
     7
  6
Continuous
370
    -3
390
F
347
21
348
0
  0
LAYER
  5
833
102
{ACAD_XDICTIONARY
360
1078
102
}
330
2
100
AcDbSymbolTableRecord
100
AcDbLayerTableRecord
  2
_MotorCAD991_
 70
     0
 62
     7
  6
Continuous
370
    -3
390
F
347
21
348
0
  0
LAYER
  5
835
102
{ACAD_XDICTIONARY
360
107A
102
}
330
2
100
AcDbSymbolTableRecord
100
AcDbLayerTableRecord
  2
_MotorCAD992_
 70
     0
 62
     7
  6
Continuous
370
    -3
390
F
347
21
348
0
  0
LAYER
  5
837
102
{ACAD_XDICTIONARY
360
107C
102
}
330
2
100
AcDbSymbolTableRecord
100
AcDbLayerTableRecord
  2
_MotorCAD993_
 70
     0
 62
     7
  6
Continuous
370
    -3
390
F
347
21
348
0
  0
LAYER
  5
839
102
{ACAD_XDICTIONARY
360
107E
102
}
330
2
100
AcDbSymbolTableRecord
100
AcDbLayerTableRecord
  2
_MotorCAD994_
 70
     0
 62
     7
  6
Continuous
370
    -3
390
F
347
21
348
0
  0
LAYER
  5
83B
102
{ACAD_XDICTIONARY
360
1080
102
}
330
2
100
AcDbSymbolTableRecord
100
AcDbLayerTableRecord
  2
_MotorCAD995_
 70
     0
 62
     7
  6
Continuous
370
    -3
390
F
347
21
348
0
  0
LAYER
  5
83D
102
{ACAD_XDICTIONARY
360
1082
102
}
330
2
100
AcDbSymbolTableRecord
100
AcDbLayerTableRecord
  2
_MotorCAD996_
 70
     0
 62
     7
  6
Continuous
370
    -3
390
F
347
21
348
0
  0
LAYER
  5
83F
102
{ACAD_XDICTIONARY
360
1084
102
}
330
2
100
AcDbSymbolTableRecord
100
AcDbLayerTableRecord
  2
_MotorCAD997_
 70
     0
 62
     7
  6
Continuous
370
    -3
390
F
347
21
348
0
  0
LAYER
  5
841
102
{ACAD_XDICTIONARY
360
1086
102
}
330
2
100
AcDbSymbolTableRecord
100
AcDbLayerTableRecord
  2
_MotorCAD998_
 70
     0
 62
     7
  6
Continuous
370
    -3
390
F
347
21
348
0
  0
LAYER
  5
843
102
{ACAD_XDICTIONARY
360
1088
102
}
330
2
100
AcDbSymbolTableRecord
100
AcDbLayerTableRecord
  2
_MotorCAD999_
 70
     0
 62
     7
  6
Continuous
370
    -3
390
F
347
21
348
0
  0
LAYER
  5
845
102
{ACAD_XDICTIONARY
360
108A
102
}
330
2
100
AcDbSymbolTableRecord
100
AcDbLayerTableRecord
  2
_MotorCAD1000_
 70
     0
 62
     7
  6
Continuous
370
    -3
390
F
347
21
348
0
  0
LAYER
  5
847
102
{ACAD_XDICTIONARY
360
108C
102
}
330
2
100
AcDbSymbolTableRecord
100
AcDbLayerTableRecord
  2
_MotorCAD1001_
 70
     0
 62
     7
  6
Continuous
370
    -3
390
F
347
21
348
0
  0
LAYER
  5
849
102
{ACAD_XDICTIONARY
360
108E
102
}
330
2
100
AcDbSymbolTableRecord
100
AcDbLayerTableRecord
  2
_MotorCAD1002_
 70
     0
 62
     7
  6
Continuous
370
    -3
390
F
347
21
348
0
  0
LAYER
  5
84B
102
{ACAD_XDICTIONARY
360
1090
102
}
330
2
100
AcDbSymbolTableRecord
100
AcDbLayerTableRecord
  2
_MotorCAD1003_
 70
     0
 62
     7
  6
Continuous
370
    -3
390
F
347
21
348
0
  0
LAYER
  5
84D
102
{ACAD_XDICTIONARY
360
1092
102
}
330
2
100
AcDbSymbolTableRecord
100
AcDbLayerTableRecord
  2
_MotorCAD1004_
 70
     0
 62
     7
  6
Continuous
370
    -3
390
F
347
21
348
0
  0
LAYER
  5
84F
102
{ACAD_XDICTIONARY
360
1094
102
}
330
2
100
AcDbSymbolTableRecord
100
AcDbLayerTableRecord
  2
_MotorCAD1005_
 70
     0
 62
     7
  6
Continuous
370
    -3
390
F
347
21
348
0
  0
LAYER
  5
851
102
{ACAD_XDICTIONARY
360
1096
102
}
330
2
100
AcDbSymbolTableRecord
100
AcDbLayerTableRecord
  2
_MotorCAD1006_
 70
     0
 62
     7
  6
Continuous
370
    -3
390
F
347
21
348
0
  0
LAYER
  5
853
102
{ACAD_XDICTIONARY
360
1098
102
}
330
2
100
AcDbSymbolTableRecord
100
AcDbLayerTableRecord
  2
_MotorCAD1007_
 70
     0
 62
     7
  6
Continuous
370
    -3
390
F
347
21
348
0
  0
LAYER
  5
855
102
{ACAD_XDICTIONARY
360
109A
102
}
330
2
100
AcDbSymbolTableRecord
100
AcDbLayerTableRecord
  2
_MotorCAD1008_
 70
     0
 62
     7
  6
Continuous
370
    -3
390
F
347
21
348
0
  0
LAYER
  5
857
102
{ACAD_XDICTIONARY
360
109C
102
}
330
2
100
AcDbSymbolTableRecord
100
AcDbLayerTableRecord
  2
_MotorCAD1009_
 70
     0
 62
     7
  6
Continuous
370
    -3
390
F
347
21
348
0
  0
LAYER
  5
859
102
{ACAD_XDICTIONARY
360
109E
102
}
330
2
100
AcDbSymbolTableRecord
100
AcDbLayerTableRecord
  2
_MotorCAD1010_
 70
     0
 62
     7
  6
Continuous
370
    -3
390
F
347
21
348
0
  0
LAYER
  5
85B
102
{ACAD_XDICTIONARY
360
10A0
102
}
330
2
100
AcDbSymbolTableRecord
100
AcDbLayerTableRecord
  2
_MotorCAD1011_
 70
     0
 62
     7
  6
Continuous
370
    -3
390
F
347
21
348
0
  0
LAYER
  5
85D
102
{ACAD_XDICTIONARY
360
10A2
102
}
330
2
100
AcDbSymbolTableRecord
100
AcDbLayerTableRecord
  2
_MotorCAD1012_
 70
     0
 62
     7
  6
Continuous
370
    -3
390
F
347
21
348
0
  0
LAYER
  5
85F
102
{ACAD_XDICTIONARY
360
10A4
102
}
330
2
100
AcDbSymbolTableRecord
100
AcDbLayerTableRecord
  2
_MotorCAD1013_
 70
     0
 62
     7
  6
Continuous
370
    -3
390
F
347
21
348
0
  0
LAYER
  5
861
102
{ACAD_XDICTIONARY
360
10A6
102
}
330
2
100
AcDbSymbolTableRecord
100
AcDbLayerTableRecord
  2
_MotorCAD1014_
 70
     0
 62
     7
  6
Continuous
370
    -3
390
F
347
21
348
0
  0
LAYER
  5
863
102
{ACAD_XDICTIONARY
360
10A8
102
}
330
2
100
AcDbSymbolTableRecord
100
AcDbLayerTableRecord
  2
_MotorCAD1015_
 70
     0
 62
     7
  6
Continuous
370
    -3
390
F
347
21
348
0
  0
LAYER
  5
865
102
{ACAD_XDICTIONARY
360
10AA
102
}
330
2
100
AcDbSymbolTableRecord
100
AcDbLayerTableRecord
  2
_MotorCAD1016_
 70
     0
 62
     7
  6
Continuous
370
    -3
390
F
347
21
348
0
  0
LAYER
  5
867
102
{ACAD_XDICTIONARY
360
10AC
102
}
330
2
100
AcDbSymbolTableRecord
100
AcDbLayerTableRecord
  2
_MotorCAD1017_
 70
     0
 62
     7
  6
Continuous
370
    -3
390
F
347
21
348
0
  0
LAYER
  5
869
102
{ACAD_XDICTIONARY
360
10AE
102
}
330
2
100
AcDbSymbolTableRecord
100
AcDbLayerTableRecord
  2
_MotorCAD1018_
 70
     0
 62
     7
  6
Continuous
370
    -3
390
F
347
21
348
0
  0
LAYER
  5
86B
102
{ACAD_XDICTIONARY
360
10B0
102
}
330
2
100
AcDbSymbolTableRecord
100
AcDbLayerTableRecord
  2
_MotorCAD1019_
 70
     0
 62
     7
  6
Continuous
370
    -3
390
F
347
21
348
0
  0
LAYER
  5
86D
102
{ACAD_XDICTIONARY
360
10B2
102
}
330
2
100
AcDbSymbolTableRecord
100
AcDbLayerTableRecord
  2
_MotorCAD1020_
 70
     0
 62
     7
  6
Continuous
370
    -3
390
F
347
21
348
0
  0
LAYER
  5
86F
102
{ACAD_XDICTIONARY
360
10B4
102
}
330
2
100
AcDbSymbolTableRecord
100
AcDbLayerTableRecord
  2
_MotorCAD1021_
 70
     0
 62
     7
  6
Continuous
370
    -3
390
F
347
21
348
0
  0
LAYER
  5
871
102
{ACAD_XDICTIONARY
360
10B6
102
}
330
2
100
AcDbSymbolTableRecord
100
AcDbLayerTableRecord
  2
_MotorCAD1022_
 70
     0
 62
     7
  6
Continuous
370
    -3
390
F
347
21
348
0
  0
LAYER
  5
873
102
{ACAD_XDICTIONARY
360
10B8
102
}
330
2
100
AcDbSymbolTableRecord
100
AcDbLayerTableRecord
  2
_MotorCAD1023_
 70
     0
 62
     7
  6
Continuous
370
    -3
390
F
347
21
348
0
  0
LAYER
  5
875
102
{ACAD_XDICTIONARY
360
10BA
102
}
330
2
100
AcDbSymbolTableRecord
100
AcDbLayerTableRecord
  2
_MotorCAD1024_
 70
     0
 62
     7
  6
Continuous
370
    -3
390
F
347
21
348
0
  0
LAYER
  5
877
102
{ACAD_XDICTIONARY
360
10BC
102
}
330
2
100
AcDbSymbolTableRecord
100
AcDbLayerTableRecord
  2
_MotorCAD1025_
 70
     0
 62
     7
  6
Continuous
370
    -3
390
F
347
21
348
0
  0
LAYER
  5
879
102
{ACAD_XDICTIONARY
360
10BE
102
}
330
2
100
AcDbSymbolTableRecord
100
AcDbLayerTableRecord
  2
_MotorCAD1026_
 70
     0
 62
     7
  6
Continuous
370
    -3
390
F
347
21
348
0
  0
LAYER
  5
87B
102
{ACAD_XDICTIONARY
360
10C0
102
}
330
2
100
AcDbSymbolTableRecord
100
AcDbLayerTableRecord
  2
_MotorCAD1027_
 70
     0
 62
     7
  6
Continuous
370
    -3
390
F
347
21
348
0
  0
LAYER
  5
87D
102
{ACAD_XDICTIONARY
360
10C2
102
}
330
2
100
AcDbSymbolTableRecord
100
AcDbLayerTableRecord
  2
_MotorCAD1028_
 70
     0
 62
     7
  6
Continuous
370
    -3
390
F
347
21
348
0
  0
LAYER
  5
87F
102
{ACAD_XDICTIONARY
360
10C4
102
}
330
2
100
AcDbSymbolTableRecord
100
AcDbLayerTableRecord
  2
_MotorCAD1029_
 70
     0
 62
     7
  6
Continuous
370
    -3
390
F
347
21
348
0
  0
LAYER
  5
881
102
{ACAD_XDICTIONARY
360
10C6
102
}
330
2
100
AcDbSymbolTableRecord
100
AcDbLayerTableRecord
  2
_MotorCAD1030_
 70
     0
 62
     7
  6
Continuous
370
    -3
390
F
347
21
348
0
  0
LAYER
  5
883
102
{ACAD_XDICTIONARY
360
10C8
102
}
330
2
100
AcDbSymbolTableRecord
100
AcDbLayerTableRecord
  2
_MotorCAD1031_
 70
     0
 62
     7
  6
Continuous
370
    -3
390
F
347
21
348
0
  0
LAYER
  5
885
102
{ACAD_XDICTIONARY
360
10CA
102
}
330
2
100
AcDbSymbolTableRecord
100
AcDbLayerTableRecord
  2
_MotorCAD1032_
 70
     0
 62
     7
  6
Continuous
370
    -3
390
F
347
21
348
0
  0
LAYER
  5
887
102
{ACAD_XDICTIONARY
360
10CC
102
}
330
2
100
AcDbSymbolTableRecord
100
AcDbLayerTableRecord
  2
_MotorCAD1033_
 70
     0
 62
     7
  6
Continuous
370
    -3
390
F
347
21
348
0
  0
LAYER
  5
889
102
{ACAD_XDICTIONARY
360
10CE
102
}
330
2
100
AcDbSymbolTableRecord
100
AcDbLayerTableRecord
  2
_MotorCAD1034_
 70
     0
 62
     7
  6
Continuous
370
    -3
390
F
347
21
348
0
  0
LAYER
  5
88B
102
{ACAD_XDICTIONARY
360
10D0
102
}
330
2
100
AcDbSymbolTableRecord
100
AcDbLayerTableRecord
  2
_MotorCAD1035_
 70
     0
 62
     7
  6
Continuous
370
    -3
390
F
347
21
348
0
  0
LAYER
  5
88D
102
{ACAD_XDICTIONARY
360
10D2
102
}
330
2
100
AcDbSymbolTableRecord
100
AcDbLayerTableRecord
  2
_MotorCAD1036_
 70
     0
 62
     7
  6
Continuous
370
    -3
390
F
347
21
348
0
  0
LAYER
  5
88F
102
{ACAD_XDICTIONARY
360
10D4
102
}
330
2
100
AcDbSymbolTableRecord
100
AcDbLayerTableRecord
  2
_MotorCAD1037_
 70
     0
 62
     7
  6
Continuous
370
    -3
390
F
347
21
348
0
  0
LAYER
  5
891
102
{ACAD_XDICTIONARY
360
10D6
102
}
330
2
100
AcDbSymbolTableRecord
100
AcDbLayerTableRecord
  2
_MotorCAD1038_
 70
     0
 62
     7
  6
Continuous
370
    -3
390
F
347
21
348
0
  0
LAYER
  5
893
102
{ACAD_XDICTIONARY
360
10D8
102
}
330
2
100
AcDbSymbolTableRecord
100
AcDbLayerTableRecord
  2
_MotorCAD1039_
 70
     0
 62
     7
  6
Continuous
370
    -3
390
F
347
21
348
0
  0
LAYER
  5
895
102
{ACAD_XDICTIONARY
360
10DA
102
}
330
2
100
AcDbSymbolTableRecord
100
AcDbLayerTableRecord
  2
_MotorCAD1040_
 70
     0
 62
     7
  6
Continuous
370
    -3
390
F
347
21
348
0
  0
LAYER
  5
897
102
{ACAD_XDICTIONARY
360
10DC
102
}
330
2
100
AcDbSymbolTableRecord
100
AcDbLayerTableRecord
  2
_MotorCAD1041_
 70
     0
 62
     7
  6
Continuous
370
    -3
390
F
347
21
348
0
  0
LAYER
  5
899
102
{ACAD_XDICTIONARY
360
10DE
102
}
330
2
100
AcDbSymbolTableRecord
100
AcDbLayerTableRecord
  2
_MotorCAD1042_
 70
     0
 62
     7
  6
Continuous
370
    -3
390
F
347
21
348
0
  0
LAYER
  5
89B
102
{ACAD_XDICTIONARY
360
10E0
102
}
330
2
100
AcDbSymbolTableRecord
100
AcDbLayerTableRecord
  2
_MotorCAD1043_
 70
     0
 62
     7
  6
Continuous
370
    -3
390
F
347
21
348
0
  0
LAYER
  5
89D
102
{ACAD_XDICTIONARY
360
10E2
102
}
330
2
100
AcDbSymbolTableRecord
100
AcDbLayerTableRecord
  2
_MotorCAD1044_
 70
     0
 62
     7
  6
Continuous
370
    -3
390
F
347
21
348
0
  0
LAYER
  5
89F
102
{ACAD_XDICTIONARY
360
10E4
102
}
330
2
100
AcDbSymbolTableRecord
100
AcDbLayerTableRecord
  2
_MotorCAD1045_
 70
     0
 62
     7
  6
Continuous
370
    -3
390
F
347
21
348
0
  0
LAYER
  5
8A1
102
{ACAD_XDICTIONARY
360
10E6
102
}
330
2
100
AcDbSymbolTableRecord
100
AcDbLayerTableRecord
  2
_MotorCAD1046_
 70
     0
 62
     7
  6
Continuous
370
    -3
390
F
347
21
348
0
  0
LAYER
  5
8A3
102
{ACAD_XDICTIONARY
360
10E8
102
}
330
2
100
AcDbSymbolTableRecord
100
AcDbLayerTableRecord
  2
_MotorCAD1047_
 70
     0
 62
     7
  6
Continuous
370
    -3
390
F
347
21
348
0
  0
LAYER
  5
8A5
102
{ACAD_XDICTIONARY
360
10EA
102
}
330
2
100
AcDbSymbolTableRecord
100
AcDbLayerTableRecord
  2
_MotorCAD1048_
 70
     0
 62
     7
  6
Continuous
370
    -3
390
F
347
21
348
0
  0
LAYER
  5
8A7
102
{ACAD_XDICTIONARY
360
10EC
102
}
330
2
100
AcDbSymbolTableRecord
100
AcDbLayerTableRecord
  2
_MotorCAD1049_
 70
     0
 62
     7
  6
Continuous
370
    -3
390
F
347
21
348
0
  0
LAYER
  5
8A9
102
{ACAD_XDICTIONARY
360
10EE
102
}
330
2
100
AcDbSymbolTableRecord
100
AcDbLayerTableRecord
  2
_MotorCAD1050_
 70
     0
 62
     7
  6
Continuous
370
    -3
390
F
347
21
348
0
  0
LAYER
  5
8AB
102
{ACAD_XDICTIONARY
360
10F0
102
}
330
2
100
AcDbSymbolTableRecord
100
AcDbLayerTableRecord
  2
_MotorCAD1051_
 70
     0
 62
     7
  6
Continuous
370
    -3
390
F
347
21
348
0
  0
LAYER
  5
8AD
102
{ACAD_XDICTIONARY
360
10F2
102
}
330
2
100
AcDbSymbolTableRecord
100
AcDbLayerTableRecord
  2
_MotorCAD1052_
 70
     0
 62
     7
  6
Continuous
370
    -3
390
F
347
21
348
0
  0
LAYER
  5
8AF
102
{ACAD_XDICTIONARY
360
10F4
102
}
330
2
100
AcDbSymbolTableRecord
100
AcDbLayerTableRecord
  2
_MotorCAD1053_
 70
     0
 62
     7
  6
Continuous
370
    -3
390
F
347
21
348
0
  0
LAYER
  5
8B1
102
{ACAD_XDICTIONARY
360
10F6
102
}
330
2
100
AcDbSymbolTableRecord
100
AcDbLayerTableRecord
  2
_MotorCAD1054_
 70
     0
 62
     7
  6
Continuous
370
    -3
390
F
347
21
348
0
  0
LAYER
  5
8B3
102
{ACAD_XDICTIONARY
360
10F8
102
}
330
2
100
AcDbSymbolTableRecord
100
AcDbLayerTableRecord
  2
_MotorCAD1055_
 70
     0
 62
     7
  6
Continuous
370
    -3
390
F
347
21
348
0
  0
ENDTAB
  0
TABLE
  2
STYLE
  5
3
330
0
100
AcDbSymbolTable
 70
     2
  0
STYLE
  5
55
330
3
100
AcDbSymbolTableRecord
100
AcDbTextStyleTableRecord
  2
Standard
 70
     0
 40
0.0
 41
1.0
 50
0.0
 71
     0
 42
0.2
  3
txt
  4

  0
STYLE
  5
59
330
3
100
AcDbSymbolTableRecord
100
AcDbTextStyleTableRecord
  2
Annotative
 70
     0
 40
0.0
 41
1.0
 50
0.0
 71
     0
 42
0.2
  3
txt
  4

1001
AcadAnnotative
1000
AnnotativeData
1002
{
1070
     1
1070
     1
1002
}
  0
ENDTAB
  0
TABLE
  2
VIEW
  5
6
330
0
100
AcDbSymbolTable
 70
     1
  0
ENDTAB
  0
TABLE
  2
UCS
  5
7
330
0
100
AcDbSymbolTable
 70
     0
  0
ENDTAB
  0
TABLE
  2
APPID
  5
9
330
0
100
AcDbSymbolTable
 70
     3
  0
APPID
  5
56
330
9
100
AcDbSymbolTableRecord
100
AcDbRegAppTableRecord
  2
ACAD
 70
     0
  0
APPID
  5
5D
330
9
100
AcDbSymbolTableRecord
100
AcDbRegAppTableRecord
  2
AcadAnnotative
 70
     0
  0
APPID
  5
1104
330
9
100
AcDbSymbolTableRecord
100
AcDbRegAppTableRecord
  2
ACAD_NAV_VCDISPLAY
 70
     0
  0
ENDTAB
  0
TABLE
  2
DIMSTYLE
  5
A
330
0
100
AcDbSymbolTable
 70
     2
100
AcDbDimStyleTable
 71
     0
  0
DIMSTYLE
105
57
330
A
100
AcDbSymbolTableRecord
100
AcDbDimStyleTableRecord
  2
Standard
 70
     0
340
55
  0
DIMSTYLE
105
58
330
A
100
AcDbSymbolTableRecord
100
AcDbDimStyleTableRecord
  2
Annotative
 70
     0
340
55
1001
AcadAnnotative
1000
AnnotativeData
1002
{
1070
     1
1070
     1
1002
}
  0
ENDTAB
  0
TABLE
  2
BLOCK_RECORD
  5
1
330
0
100
AcDbSymbolTable
 70
     0
  0
BLOCK_RECORD
  5
6F
330
1
100
AcDbSymbolTableRecord
100
AcDbBlockTableRecord
  2
*Model_Space
340
72
 70
     0
280
     1
281
     0
  0
BLOCK_RECORD
  5
6B
330
1
100
AcDbSymbolTableRecord
100
AcDbBlockTableRecord
  2
*Paper_Space
340
6E
 70
     0
280
     1
281
     0
  0
ENDTAB
  0
ENDSEC
  0
SECTION
  2
BLOCKS
  0
BLOCK
  5
70
330
6F
100
AcDbEntity
  8
0
100
AcDbBlockBegin
  2
*Model_Space
 70
     0
 10
0.0
 20
0.0
 30
0.0
  3
*Model_Space
  1

  0
ENDBLK
  5
71
330
6F
100
AcDbEntity
  8
0
100
AcDbBlockEnd
  0
BLOCK
  5
6C
330
6B
100
AcDbEntity
 67
     1
  8
0
100
AcDbBlockBegin
  2
*Paper_Space
 70
     0
 10
0.0
 20
0.0
 30
0.0
  3
*Paper_Space
  1

  0
ENDBLK
  5
6D
330
6B
100
AcDbEntity
 67
     1
  8
0
100
AcDbBlockEnd
  0
ENDSEC
  0
SECTION
  2
ENTITIES
  0
ARC
  5
76
330
6F
100
AcDbEntity
  8
_MotorCAD0_
100
AcDbCircle
 10
0.0
 20
0.0
 30
0.0
 40
200.0
100
AcDbArc
 50
180.0
 51
187.5
  0
ARC
  5
78
330
6F
100
AcDbEntity
  8
_MotorCAD1_
100
AcDbCircle
 10
0.0
 20
0.0
 30
0.0
 40
200.0
100
AcDbArc
 50
187.5
 51
195.0
  0
ARC
  5
7A
330
6F
100
AcDbEntity
  8
_MotorCAD2_
100
AcDbCircle
 10
0.0
 20
0.0
 30
0.0
 40
200.0
100
AcDbArc
 50
195.0
 51
202.5
  0
ARC
  5
7C
330
6F
100
AcDbEntity
  8
_MotorCAD3_
100
AcDbCircle
 10
0.0
 20
0.0
 30
0.0
 40
200.0
100
AcDbArc
 50
202.5
 51
210.0
  0
ARC
  5
7E
330
6F
100
AcDbEntity
  8
_MotorCAD4_
100
AcDbCircle
 10
0.0
 20
0.0
 30
0.0
 40
200.0
100
AcDbArc
 50
210.0
 51
217.5
  0
ARC
  5
80
330
6F
100
AcDbEntity
  8
_MotorCAD5_
100
AcDbCircle
 10
0.0
 20
0.0
 30
0.0
 40
200.0
100
AcDbArc
 50
217.5
 51
225.0
  0
ARC
  5
82
330
6F
100
AcDbEntity
  8
_MotorCAD6_
100
AcDbCircle
 10
0.0
 20
0.0
 30
0.0
 40
200.0
100
AcDbArc
 50
225.0
 51
232.5
  0
ARC
  5
84
330
6F
100
AcDbEntity
  8
_MotorCAD7_
100
AcDbCircle
 10
0.0
 20
0.0
 30
0.0
 40
200.0
100
AcDbArc
 50
232.5
 51
240.0
  0
ARC
  5
86
330
6F
100
AcDbEntity
  8
_MotorCAD8_
100
AcDbCircle
 10
0.0
 20
0.0
 30
0.0
 40
200.0
100
AcDbArc
 50
240.0
 51
247.5
  0
ARC
  5
88
330
6F
100
AcDbEntity
  8
_MotorCAD9_
100
AcDbCircle
 10
0.0
 20
0.0
 30
0.0
 40
200.0
100
AcDbArc
 50
247.5
 51
255.0
  0
ARC
  5
8A
330
6F
100
AcDbEntity
  8
_MotorCAD10_
100
AcDbCircle
 10
0.0
 20
0.0
 30
0.0
 40
200.0
100
AcDbArc
 50
255.0
 51
262.5
  0
ARC
  5
8C
330
6F
100
AcDbEntity
  8
_MotorCAD11_
100
AcDbCircle
 10
0.0
 20
0.0
 30
0.0
 40
200.0
100
AcDbArc
 50
262.5
 51
270.0
  0
ARC
  5
8E
330
6F
100
AcDbEntity
  8
_MotorCAD12_
100
AcDbCircle
 10
0.0
 20
0.0
 30
0.0
 40
200.0
100
AcDbArc
 50
270.0
 51
277.5
  0
ARC
  5
90
330
6F
100
AcDbEntity
  8
_MotorCAD13_
100
AcDbCircle
 10
0.0
 20
0.0
 30
0.0
 40
200.0
100
AcDbArc
 50
277.5
 51
285.0
  0
ARC
  5
92
330
6F
100
AcDbEntity
  8
_MotorCAD14_
100
AcDbCircle
 10
0.0
 20
0.0
 30
0.0
 40
200.0
100
AcDbArc
 50
285.0
 51
292.5
  0
ARC
  5
94
330
6F
100
AcDbEntity
  8
_MotorCAD15_
100
AcDbCircle
 10
0.0
 20
0.0
 30
0.0
 40
200.0
100
AcDbArc
 50
292.5
 51
300.0
  0
ARC
  5
96
330
6F
100
AcDbEntity
  8
_MotorCAD16_
100
AcDbCircle
 10
0.0
 20
0.0
 30
0.0
 40
200.0
100
AcDbArc
 50
300.0
 51
307.5
  0
ARC
  5
98
330
6F
100
AcDbEntity
  8
_MotorCAD17_
100
AcDbCircle
 10
0.0
 20
0.0
 30
0.0
 40
200.0
100
AcDbArc
 50
307.5
 51
315.0
  0
ARC
  5
9A
330
6F
100
AcDbEntity
  8
_MotorCAD18_
100
AcDbCircle
 10
0.0
 20
0.0
 30
0.0
 40
200.0
100
AcDbArc
 50
315.0
 51
322.5
  0
ARC
  5
9C
330
6F
100
AcDbEntity
  8
_MotorCAD19_
100
AcDbCircle
 10
0.0
 20
0.0
 30
0.0
 40
200.0
100
AcDbArc
 50
322.5
 51
330.0
  0
ARC
  5
9E
330
6F
100
AcDbEntity
  8
_MotorCAD20_
100
AcDbCircle
 10
0.0
 20
0.0
 30
0.0
 40
200.0
100
AcDbArc
 50
330.0
 51
337.5
  0
ARC
  5
A0
330
6F
100
AcDbEntity
  8
_MotorCAD21_
100
AcDbCircle
 10
0.0
 20
0.0
 30
0.0
 40
200.0
100
AcDbArc
 50
337.5
 51
345.0
  0
ARC
  5
A2
330
6F
100
AcDbEntity
  8
_MotorCAD22_
100
AcDbCircle
 10
0.0
 20
0.0
 30
0.0
 40
200.0
100
AcDbArc
 50
345.0
 51
352.5
  0
ARC
  5
A4
330
6F
100
AcDbEntity
  8
_MotorCAD23_
100
AcDbCircle
 10
0.0
 20
0.0
 30
0.0
 40
200.0
100
AcDbArc
 50
352.5
 51
0.0
  0
ARC
  5
A6
330
6F
100
AcDbEntity
  8
_MotorCAD24_
100
AcDbCircle
 10
0.0
 20
0.0
 30
0.0
 40
200.0
100
AcDbArc
 50
0.0
 51
7.499999999999999
  0
ARC
  5
A8
330
6F
100
AcDbEntity
  8
_MotorCAD25_
100
AcDbCircle
 10
0.0
 20
0.0
 30
0.0
 40
200.0
100
AcDbArc
 50
7.499999999999999
 51
15.0
  0
ARC
  5
AA
330
6F
100
AcDbEntity
  8
_MotorCAD26_
100
AcDbCircle
 10
0.0
 20
0.0
 30
0.0
 40
200.0
100
AcDbArc
 50
15.0
 51
22.5
  0
ARC
  5
AC
330
6F
100
AcDbEntity
  8
_MotorCAD27_
100
AcDbCircle
 10
0.0
 20
0.0
 30
0.0
 40
200.0
100
AcDbArc
 50
22.5
 51
30.0
  0
ARC
  5
AE
330
6F
100
AcDbEntity
  8
_MotorCAD28_
100
AcDbCircle
 10
0.0
 20
0.0
 30
0.0
 40
200.0
100
AcDbArc
 50
30.0
 51
37.5
  0
ARC
  5
B0
330
6F
100
AcDbEntity
  8
_MotorCAD29_
100
AcDbCircle
 10
0.0
 20
0.0
 30
0.0
 40
200.0
100
AcDbArc
 50
37.5
 51
45.0
  0
ARC
  5
B2
330
6F
100
AcDbEntity
  8
_MotorCAD30_
100
AcDbCircle
 10
0.0
 20
0.0
 30
0.0
 40
200.0
100
AcDbArc
 50
45.0
 51
52.5
  0
ARC
  5
B4
330
6F
100
AcDbEntity
  8
_MotorCAD31_
100
AcDbCircle
 10
0.0
 20
0.0
 30
0.0
 40
200.0
100
AcDbArc
 50
52.5
 51
60.0
  0
ARC
  5
B6
330
6F
100
AcDbEntity
  8
_MotorCAD32_
100
AcDbCircle
 10
0.0
 20
0.0
 30
0.0
 40
200.0
100
AcDbArc
 50
60.0
 51
67.5
  0
ARC
  5
B8
330
6F
100
AcDbEntity
  8
_MotorCAD33_
100
AcDbCircle
 10
0.0
 20
0.0
 30
0.0
 40
200.0
100
AcDbArc
 50
67.5
 51
75.0
  0
ARC
  5
BA
330
6F
100
AcDbEntity
  8
_MotorCAD34_
100
AcDbCircle
 10
0.0
 20
0.0
 30
0.0
 40
200.0
100
AcDbArc
 50
75.0
 51
82.5
  0
ARC
  5
BC
330
6F
100
AcDbEntity
  8
_MotorCAD35_
100
AcDbCircle
 10
0.0
 20
0.0
 30
0.0
 40
200.0
100
AcDbArc
 50
82.5
 51
90.0
  0
ARC
  5
BE
330
6F
100
AcDbEntity
  8
_MotorCAD36_
100
AcDbCircle
 10
0.0
 20
0.0
 30
0.0
 40
200.0
100
AcDbArc
 50
90.0
 51
97.50000000000001
  0
ARC
  5
C0
330
6F
100
AcDbEntity
  8
_MotorCAD37_
100
AcDbCircle
 10
0.0
 20
0.0
 30
0.0
 40
200.0
100
AcDbArc
 50
97.50000000000001
 51
105.0
  0
ARC
  5
C2
330
6F
100
AcDbEntity
  8
_MotorCAD38_
100
AcDbCircle
 10
0.0
 20
0.0
 30
0.0
 40
200.0
100
AcDbArc
 50
105.0
 51
112.5
  0
ARC
  5
C4
330
6F
100
AcDbEntity
  8
_MotorCAD39_
100
AcDbCircle
 10
0.0
 20
0.0
 30
0.0
 40
200.0
100
AcDbArc
 50
112.5
 51
120.0
  0
ARC
  5
C6
330
6F
100
AcDbEntity
  8
_MotorCAD40_
100
AcDbCircle
 10
0.0
 20
0.0
 30
0.0
 40
200.0
100
AcDbArc
 50
120.0
 51
127.5
  0
ARC
  5
C8
330
6F
100
AcDbEntity
  8
_MotorCAD41_
100
AcDbCircle
 10
0.0
 20
0.0
 30
0.0
 40
200.0
100
AcDbArc
 50
127.5
 51
135.0
  0
ARC
  5
CA
330
6F
100
AcDbEntity
  8
_MotorCAD42_
100
AcDbCircle
 10
0.0
 20
0.0
 30
0.0
 40
200.0
100
AcDbArc
 50
135.0
 51
142.5
  0
ARC
  5
CC
330
6F
100
AcDbEntity
  8
_MotorCAD43_
100
AcDbCircle
 10
0.0
 20
0.0
 30
0.0
 40
200.0
100
AcDbArc
 50
142.5
 51
150.0
  0
ARC
  5
CE
330
6F
100
AcDbEntity
  8
_MotorCAD44_
100
AcDbCircle
 10
0.0
 20
0.0
 30
0.0
 40
200.0
100
AcDbArc
 50
150.0
 51
157.5
  0
ARC
  5
D0
330
6F
100
AcDbEntity
  8
_MotorCAD45_
100
AcDbCircle
 10
0.0
 20
0.0
 30
0.0
 40
200.0
100
AcDbArc
 50
157.5
 51
165.0
  0
ARC
  5
D2
330
6F
100
AcDbEntity
  8
_MotorCAD46_
100
AcDbCircle
 10
0.0
 20
0.0
 30
0.0
 40
200.0
100
AcDbArc
 50
165.0
 51
172.5
  0
ARC
  5
D4
330
6F
100
AcDbEntity
  8
_MotorCAD47_
100
AcDbCircle
 10
0.0
 20
0.0
 30
0.0
 40
200.0
100
AcDbArc
 50
172.5
 51
180.0
  0
LINE
  5
D6
330
6F
100
AcDbEntity
  8
_MotorCAD48_
100
AcDbLine
 10
-164.64672233437
 20
10.7915163229736
 30
0.0
 11
-164.941036415905
 21
6.301151168399879
 31
0.0
  0
LINE
  5
D8
330
6F
100
AcDbEntity
  8
_MotorCAD49_
100
AcDbLine
 10
-132.7335397745859
 20
4.19016030991762
 30
0.0
 11
-164.941036415905
 21
6.301151168399879
 31
0.0
  0
LINE
  5
DA
330
6F
100
AcDbEntity
  8
_MotorCAD50_
100
AcDbLine
 10
-130.80898803306
 20
7.070455536832879
 30
0.0
 11
-132.7335397745859
 21
4.19016030991762
 31
0.0
  0
LINE
  5
DC
330
6F
100
AcDbEntity
  8
_MotorCAD51_
100
AcDbLine
 10
-129.811129109821
 20
7.00505240760272
 30
0.0
 11
-130.80898803306
 21
7.070455536832879
 31
0.0
  0
ARC
  5
DE
330
6F
100
AcDbEntity
  8
_MotorCAD52_
100
AcDbCircle
 10
0.0
 20
0.0
 30
0.0
 40
130.0
100
AcDbArc
 50
176.9111198186
 51
180.0
  0
ARC
  5
E0
330
6F
100
AcDbEntity
  8
_MotorCAD53_
100
AcDbCircle
 10
0.0
 20
0.0
 30
0.0
 40
130.0
100
AcDbArc
 50
180.0
 51
183.0888801814
  0
LINE
  5
E2
330
6F
100
AcDbEntity
  8
_MotorCAD54_
100
AcDbLine
 10
-129.811129109821
 20
-7.005052407602709
 30
0.0
 11
-130.80898803306
 21
-7.07045553683286
 31
0.0
  0
LINE
  5
E4
330
6F
100
AcDbEntity
  8
_MotorCAD55_
100
AcDbLine
 10
-130.80898803306
 20
-7.07045553683286
 30
0.0
 11
-132.7335397745859
 21
-4.19016030991762
 31
0.0
  0
LINE
  5
E6
330
6F
100
AcDbEntity
  8
_MotorCAD56_
100
AcDbLine
 10
-132.7335397745859
 20
-4.19016030991762
 30
0.0
 11
-164.941036415905
 21
-6.301151168399861
 31
0.0
  0
LINE
  5
E8
330
6F
100
AcDbEntity
  8
_MotorCAD57_
100
AcDbLine
 10
-164.64672233437
 20
-10.7915163229736
 30
0.0
 11
-164.941036415905
 21
-6.301151168399861
 31
0.0
  0
LINE
  5
EA
330
6F
100
AcDbEntity
  8
_MotorCAD58_
100
AcDbLine
 10
-164.352408252834
 20
-15.2818814775473
 30
0.0
 11
-164.64672233437
 21
-10.7915163229736
 31
0.0
  0
LINE
  5
EC
330
6F
100
AcDbEntity
  8
_MotorCAD59_
100
AcDbLine
 10
-132.144911611514
 20
-13.1708906190651
 30
0.0
 11
-164.352408252834
 21
-15.2818814775473
 31
0.0
  0
LINE
  5
EE
330
6F
100
AcDbEntity
  8
_MotorCAD60_
100
AcDbLine
 10
-130.61277864537
 20
-10.0640323065486
 30
0.0
 11
-132.144911611514
 21
-13.1708906190651
 31
0.0
  0
LINE
  5
F0
330
6F
100
AcDbEntity
  8
_MotorCAD61_
100
AcDbLine
 10
-129.614919722131
 20
-9.99862917731852
 30
0.0
 11
-130.61277864537
 21
-10.0640323065486
 31
0.0
  0
ARC
  5
F2
330
6F
100
AcDbEntity
  8
_MotorCAD62_
100
AcDbCircle
 10
0.0
 20
0.0
 30
0.0
 40
130.0
100
AcDbArc
 50
184.4111198186
 51
187.5
  0
ARC
  5
F4
330
6F
100
AcDbEntity
  8
_MotorCAD63_
100
AcDbCircle
 10
0.0
 20
0.0
 30
0.0
 40
130.0
100
AcDbArc
 50
187.5
 51
190.5888801814
  0
LINE
  5
F6
330
6F
100
AcDbEntity
  8
_MotorCAD64_
100
AcDbLine
 10
-127.786234087998
 20
-23.8888756036624
 30
0.0
 11
-128.767019368402
 21
-24.0839659256785
 31
0.0
  0
LINE
  5
F8
330
6F
100
AcDbEntity
  8
_MotorCAD65_
100
AcDbLine
 10
-128.767019368402
 20
-24.0839659256785
 30
0.0
 11
-131.051060271424
 21
-21.4795164342657
 31
0.0
  0
LINE
  5
FA
330
6F
100
AcDbEntity
  8
_MotorCAD66_
100
AcDbLine
 10
-131.051060271424
 20
-21.4795164342657
 30
0.0
 11
-162.707477715606
 21
-27.7763693708466
 31
0.0
  0
LINE
  5
FC
330
6F
100
AcDbEntity
  8
_MotorCAD67_
100
AcDbLine
 10
-161.829571266533
 20
-32.1899031326611
 30
0.0
 11
-162.707477715606
 21
-27.7763693708466
 31
0.0
  0
LINE
  5
FE
330
6F
100
AcDbEntity
  8
_MotorCAD68_
100
AcDbLine
 10
-160.95166481746
 20
-36.60343689447571
 30
0.0
 11
-161.829571266533
 21
-32.1899031326611
 31
0.0
  0
LINE
  5
100
330
6F
100
AcDbEntity
  8
_MotorCAD69_
100
AcDbLine
 10
-129.295247373279
 20
-30.3065839578949
 30
0.0
 11
-160.95166481746
 21
-36.60343689447571
 31
0.0
  0
LINE
  5
102
330
6F
100
AcDbEntity
  8
_MotorCAD70_
100
AcDbLine
 10
-128.181748402353
 20
-27.0263217668882
 30
0.0
 11
-129.295247373279
 21
-30.3065839578949
 31
0.0
  0
LINE
  5
104
330
6F
100
AcDbEntity
  8
_MotorCAD71_
100
AcDbLine
 10
-127.20096312195
 20
-26.8312314448721
 30
0.0
 11
-128.181748402353
 21
-27.0263217668882
 31
0.0
  0
ARC
  5
106
330
6F
100
AcDbEntity
  8
_MotorCAD72_
100
AcDbCircle
 10
0.0
 20
0.0
 30
0.0
 40
130.0
100
AcDbArc
 50
191.9111198186
 51
195.0
  0
ARC
  5
108
330
6F
100
AcDbEntity
  8
_MotorCAD73_
100
AcDbCircle
 10
0.0
 20
0.0
 30
0.0
 40
130.0
100
AcDbArc
 50
195.0
 51
198.0888801814
  0
LINE
  5
10A
330
6F
100
AcDbEntity
  8
_MotorCAD74_
100
AcDbLine
 10
-123.574881171892
 20
-40.3639535148959
 30
0.0
 11
-124.521811301387
 21
-40.6853929801991
 31
0.0
  0
LINE
  5
10C
330
6F
100
AcDbEntity
  8
_MotorCAD75_
100
AcDbLine
 10
-124.521811301387
 20
-40.6853929801991
 30
0.0
 11
-127.1262607928
 21
-38.4013520771766
 31
0.0
  0
LINE
  5
10E
330
6F
100
AcDbEntity
  8
_MotorCAD76_
100
AcDbLine
 10
-127.1262607928
 20
-38.4013520771766
 30
0.0
 11
-157.689948960557
 21
-48.7763261922937
 31
0.0
  0
LINE
  5
110
330
6F
100
AcDbEntity
  8
_MotorCAD77_
100
AcDbLine
 10
-156.243471366692
 20
-53.03751177502171
 30
0.0
 11
-157.689948960557
 21
-48.7763261922937
 31
0.0
  0
LINE
  5
112
330
6F
100
AcDbEntity
  8
_MotorCAD78_
100
AcDbLine
 10
-154.796993772828
 20
-57.2986973577497
 30
0.0
 11
-156.243471366692
 21
-53.03751177502171
 31
0.0
  0
LINE
  5
114
330
6F
100
AcDbEntity
  8
_MotorCAD79_
100
AcDbLine
 10
-124.233305605072
 20
-46.92372324263259
 30
0.0
 11
-154.796993772828
 21
-57.2986973577497
 31
0.0
  0
LINE
  5
116
330
6F
100
AcDbEntity
  8
_MotorCAD80_
100
AcDbLine
 10
-123.557492905478
 20
-43.5261833686844
 30
0.0
 11
-124.233305605072
 21
-46.92372324263259
 31
0.0
  0
LINE
  5
118
330
6F
100
AcDbEntity
  8
_MotorCAD81_
100
AcDbLine
 10
-122.610562775983
 20
-43.2047439033812
 30
0.0
 11
-123.557492905478
 21
-43.5261833686844
 31
0.0
  0
ARC
  5
11A
330
6F
100
AcDbEntity
  8
_MotorCAD82_
100
AcDbCircle
 10
0.0
 20
0.0
 30
0.0
 40
130.0
100
AcDbArc
 50
199.4111198186
 51
202.5
  0
ARC
  5
11C
330
6F
100
AcDbEntity
  8
_MotorCAD83_
100
AcDbCircle
 10
0.0
 20
0.0
 30
0.0
 40
130.0
100
AcDbArc
 50
202.5
 51
205.5888801814
  0
LINE
  5
11E
330
6F
100
AcDbEntity
  8
_MotorCAD84_
100
AcDbLine
 10
-117.249127777505
 20
-56.14839299048739
 30
0.0
 11
-118.146000519038
 21
-56.59068168070639
 31
0.0
  0
LINE
  5
120
330
6F
100
AcDbEntity
  8
_MotorCAD85_
100
AcDbLine
 10
-118.146000519038
 20
-56.59068168070639
 30
0.0
 11
-121.026295745953
 21
-54.6661299391807
 31
0.0
  0
LINE
  5
122
330
6F
100
AcDbEntity
  8
_MotorCAD86_
100
AcDbLine
 10
-121.026295745953
 20
-54.6661299391807
 30
0.0
 11
-149.974301458879
 21
-68.94170654923811
 31
0.0
  0
LINE
  5
124
330
6F
100
AcDbEntity
  8
_MotorCAD87_
100
AcDbLine
 10
-147.984002352894
 20
-72.97763388613521
 30
0.0
 11
-149.974301458879
 21
-68.94170654923811
 31
0.0
  0
LINE
  5
126
330
6F
100
AcDbEntity
  8
_MotorCAD88_
100
AcDbLine
 10
-145.993703246908
 20
-77.0135612230323
 30
0.0
 11
-147.984002352894
 21
-72.97763388613521
 31
0.0
  0
LINE
  5
128
330
6F
100
AcDbEntity
  8
_MotorCAD89_
100
AcDbLine
 10
-117.045697533982
 20
-62.73798461297499
 30
0.0
 11
-145.993703246908
 21
-77.0135612230323
 31
0.0
  0
LINE
  5
12A
330
6F
100
AcDbEntity
  8
_MotorCAD90_
100
AcDbLine
 10
-116.819134448381
 20
-59.2812999053044
 30
0.0
 11
-117.045697533982
 21
-62.73798461297499
 31
0.0
  0
LINE
  5
12C
330
6F
100
AcDbEntity
  8
_MotorCAD91_
100
AcDbLine
 10
-115.922261706848
 20
-58.83901121508539
 30
0.0
 11
-116.819134448381
 21
-59.2812999053044
 31
0.0
  0
ARC
  5
12E
330
6F
100
AcDbEntity
  8
_MotorCAD92_
100
AcDbCircle
 10
0.0
 20
0.0
 30
0.0
 40
130.0
100
AcDbArc
 50
206.9111198186
 51
210.0
  0
ARC
  5
130
330
6F
100
AcDbEntity
  8
_MotorCAD93_
100
AcDbCircle
 10
0.0
 20
0.0
 30
0.0
 40
130.0
100
AcDbArc
 50
210.0
 51
213.0888801814
  0
LINE
  5
132
330
6F
100
AcDbEntity
  8
_MotorCAD94_
100
AcDbLine
 10
-108.917209299246
 20
-70.97211789473608
 30
0.0
 11
-109.748678911548
 21
-71.52768812775559
 31
0.0
  0
LINE
  5
134
330
6F
100
AcDbEntity
  8
_MotorCAD95_
100
AcDbLine
 10
-109.748678911548
 20
-71.52768812775559
 30
0.0
 11
-112.855537224065
 21
-69.9955551616108
 31
0.0
  0
LINE
  5
136
330
6F
100
AcDbEntity
  8
_MotorCAD96_
100
AcDbLine
 10
-112.855537224065
 20
-69.9955551616108
 30
0.0
 11
-139.692552078508
 21
-87.9274751928729
 31
0.0
  0
LINE
  5
138
330
6F
100
AcDbEntity
  8
_MotorCAD97_
100
AcDbLine
 10
-137.19248602992
 20
-91.6690884482344
 30
0.0
 11
-139.692552078508
 21
-87.9274751928729
 31
0.0
  0
LINE
  5
13A
330
6F
100
AcDbEntity
  8
_MotorCAD98_
100
AcDbLine
 10
-134.692419981332
 20
-95.4107017035959
 30
0.0
 11
-137.19248602992
 21
-91.6690884482344
 31
0.0
  0
LINE
  5
13C
330
6F
100
AcDbEntity
  8
_MotorCAD99_
100
AcDbLine
 10
-107.855405126888
 20
-77.47878167233371
 30
0.0
 11
-134.692419981332
 21
-95.4107017035959
 31
0.0
  0
LINE
  5
13E
330
6F
100
AcDbEntity
  8
_MotorCAD100_
100
AcDbLine
 10
-107.855405126888
 20
-77.47878167233371
 30
0.0
 11
-108.081968212489
 21
-74.0220969646634
 31
0.0
  0
LINE
  5
140
330
6F
100
AcDbEntity
  8
_MotorCAD101_
100
AcDbLine
 10
-107.250498600187
 20
-73.46652673164371
 30
0.0
 11
-108.081968212489
 21
-74.0220969646634
 31
0.0
  0
ARC
  5
142
330
6F
100
AcDbEntity
  8
_MotorCAD102_
100
AcDbCircle
 10
0.0
 20
0.0
 30
0.0
 40
130.0
100
AcDbArc
 50
214.4111198186
 51
217.5
  0
ARC
  5
144
330
6F
100
AcDbEntity
  8
_MotorCAD103_
100
AcDbCircle
 10
0.0
 20
0.0
 30
0.0
 40
130.0
100
AcDbArc
 50
217.5
 51
220.5888801814
  0
LINE
  5
146
330
6F
100
AcDbEntity
  8
_MotorCAD104_
100
AcDbLine
 10
-98.72168717232041
 20
-84.58149018461721
 30
0.0
 11
-99.4735269797994
 21
-85.2408359997173
 31
0.0
  0
LINE
  5
148
330
6F
100
AcDbEntity
  8
_MotorCAD105_
100
AcDbLine
 10
-99.4735269797994
 20
-85.2408359997173
 30
0.0
 11
-102.753789170806
 21
-84.12733702879149
 31
0.0
  0
LINE
  5
14A
330
6F
100
AcDbEntity
  8
_MotorCAD106_
100
AcDbLine
 10
-102.753789170806
 20
-84.12733702879149
 30
0.0
 11
-127.020624401982
 21
-105.408780357856
 31
0.0
  0
LINE
  5
14C
330
6F
100
AcDbEntity
  8
_MotorCAD107_
100
AcDbLine
 10
-124.053568234031
 20
-108.792059491511
 30
0.0
 11
-127.020624401982
 21
-105.408780357856
 31
0.0
  0
LINE
  5
14E
330
6F
100
AcDbEntity
  8
_MotorCAD108_
100
AcDbLine
 10
-121.086512066081
 20
-112.175338625167
 30
0.0
 11
-124.053568234031
 21
-108.792059491511
 31
0.0
  0
LINE
  5
150
330
6F
100
AcDbEntity
  8
_MotorCAD109_
100
AcDbLine
 10
-96.8196768349054
 20
-90.89389529610242
 30
0.0
 11
-121.086512066081
 21
-112.175338625167
 31
0.0
  0
LINE
  5
152
330
6F
100
AcDbEntity
  8
_MotorCAD110_
100
AcDbLine
 10
-96.8196768349054
 20
-90.89389529610242
 30
0.0
 11
-97.4954895344992
 21
-87.49635542215409
 31
0.0
  0
LINE
  5
154
330
6F
100
AcDbEntity
  8
_MotorCAD111_
100
AcDbLine
 10
-96.74364972702022
 20
-86.8370096070542
 30
0.0
 11
-97.4954895344992
 21
-87.49635542215409
 31
0.0
  0
ARC
  5
156
330
6F
100
AcDbEntity
  8
_MotorCAD112_
100
AcDbCircle
 10
0.0
 20
0.0
 30
0.0
 40
130.0
100
AcDbArc
 50
221.9111198186
 51
225.0
  0
ARC
  5
158
330
6F
100
AcDbEntity
  8
_MotorCAD113_
100
AcDbCircle
 10
0.0
 20
0.0
 30
0.0
 40
130.0
100
AcDbArc
 50
225.0
 51
228.0888801814
  0
LINE
  5
15A
330
6F
100
AcDbEntity
  8
_MotorCAD114_
100
AcDbLine
 10
-86.8370096070542
 20
-96.74364972702022
 30
0.0
 11
-87.49635542215429
 21
-97.4954895344992
 31
0.0
  0
LINE
  5
15C
330
6F
100
AcDbEntity
  8
_MotorCAD115_
100
AcDbLine
 10
-87.49635542215429
 20
-97.4954895344992
 30
0.0
 11
-90.89389529610242
 21
-96.8196768349053
 31
0.0
  0
LINE
  5
15E
330
6F
100
AcDbEntity
  8
_MotorCAD116_
100
AcDbLine
 10
-90.89389529610242
 20
-96.8196768349053
 30
0.0
 11
-112.175338625167
 21
-121.086512066081
 31
0.0
  0
LINE
  5
160
330
6F
100
AcDbEntity
  8
_MotorCAD117_
100
AcDbLine
 10
-108.792059491511
 20
-124.053568234031
 30
0.0
 11
-112.175338625167
 21
-121.086512066081
 31
0.0
  0
LINE
  5
162
330
6F
100
AcDbEntity
  8
_MotorCAD118_
100
AcDbLine
 10
-105.408780357856
 20
-127.020624401982
 30
0.0
 11
-108.792059491511
 21
-124.053568234031
 31
0.0
  0
LINE
  5
164
330
6F
100
AcDbEntity
  8
_MotorCAD119_
100
AcDbLine
 10
-84.12733702879158
 20
-102.753789170806
 30
0.0
 11
-105.408780357856
 21
-127.020624401982
 31
0.0
  0
LINE
  5
166
330
6F
100
AcDbEntity
  8
_MotorCAD120_
100
AcDbLine
 10
-84.12733702879158
 20
-102.753789170806
 30
0.0
 11
-85.2408359997173
 21
-99.4735269797994
 31
0.0
  0
LINE
  5
168
330
6F
100
AcDbEntity
  8
_MotorCAD121_
100
AcDbLine
 10
-84.5814901846173
 20
-98.72168717232041
 30
0.0
 11
-85.2408359997173
 21
-99.4735269797994
 31
0.0
  0
ARC
  5
16A
330
6F
100
AcDbEntity
  8
_MotorCAD122_
100
AcDbCircle
 10
0.0
 20
0.0
 30
0.0
 40
130.0
100
AcDbArc
 50
229.4111198186
 51
232.5
  0
ARC
  5
16C
330
6F
100
AcDbEntity
  8
_MotorCAD123_
100
AcDbCircle
 10
0.0
 20
0.0
 30
0.0
 40
130.0
100
AcDbArc
 50
232.5
 51
235.5888801814
  0
LINE
  5
16E
330
6F
100
AcDbEntity
  8
_MotorCAD124_
100
AcDbLine
 10
-73.46652673164371
 20
-107.250498600187
 30
0.0
 11
-74.02209696466329
 21
-108.081968212489
 31
0.0
  0
LINE
  5
170
330
6F
100
AcDbEntity
  8
_MotorCAD125_
100
AcDbLine
 10
-74.02209696466329
 20
-108.081968212489
 30
0.0
 11
-77.4787816723338
 21
-107.855405126888
 31
0.0
  0
LINE
  5
172
330
6F
100
AcDbEntity
  8
_MotorCAD126_
100
AcDbLine
 10
-77.4787816723338
 20
-107.855405126888
 30
0.0
 11
-95.4107017035959
 21
-134.692419981332
 31
0.0
  0
LINE
  5
174
330
6F
100
AcDbEntity
  8
_MotorCAD127_
100
AcDbLine
 10
-91.6690884482344
 20
-137.19248602992
 30
0.0
 11
-95.4107017035959
 21
-134.692419981332
 31
0.0
  0
LINE
  5
176
330
6F
100
AcDbEntity
  8
_MotorCAD128_
100
AcDbLine
 10
-87.9274751928729
 20
-139.692552078508
 30
0.0
 11
-91.6690884482344
 21
-137.19248602992
 31
0.0
  0
LINE
  5
178
330
6F
100
AcDbEntity
  8
_MotorCAD129_
100
AcDbLine
 10
-69.9955551616108
 20
-112.855537224065
 30
0.0
 11
-87.9274751928729
 21
-139.692552078508
 31
0.0
  0
LINE
  5
17A
330
6F
100
AcDbEntity
  8
_MotorCAD130_
100
AcDbLine
 10
-69.9955551616108
 20
-112.855537224065
 30
0.0
 11
-71.52768812775569
 21
-109.748678911548
 31
0.0
  0
LINE
  5
17C
330
6F
100
AcDbEntity
  8
_MotorCAD131_
100
AcDbLine
 10
-70.97211789473608
 20
-108.917209299246
 30
0.0
 11
-71.52768812775569
 21
-109.748678911548
 31
0.0
  0
ARC
  5
17E
330
6F
100
AcDbEntity
  8
_MotorCAD132_
100
AcDbCircle
 10
0.0
 20
0.0
 30
0.0
 40
130.0
100
AcDbArc
 50
236.9111198186
 51
240.0
  0
ARC
  5
180
330
6F
100
AcDbEntity
  8
_MotorCAD133_
100
AcDbCircle
 10
0.0
 20
0.0
 30
0.0
 40
130.0
100
AcDbArc
 50
240.0
 51
243.0888801814
  0
LINE
  5
182
330
6F
100
AcDbEntity
  8
_MotorCAD134_
100
AcDbLine
 10
-58.8390112150855
 20
-115.922261706848
 30
0.0
 11
-59.2812999053045
 21
-116.819134448381
 31
0.0
  0
LINE
  5
184
330
6F
100
AcDbEntity
  8
_MotorCAD135_
100
AcDbLine
 10
-59.2812999053045
 20
-116.819134448381
 30
0.0
 11
-62.73798461297499
 21
-117.045697533982
 31
0.0
  0
LINE
  5
186
330
6F
100
AcDbEntity
  8
_MotorCAD136_
100
AcDbLine
 10
-62.73798461297499
 20
-117.045697533982
 30
0.0
 11
-77.01356122303241
 21
-145.993703246908
 31
0.0
  0
LINE
  5
188
330
6F
100
AcDbEntity
  8
_MotorCAD137_
100
AcDbLine
 10
-72.97763388613531
 20
-147.984002352894
 30
0.0
 11
-77.01356122303241
 21
-145.993703246908
 31
0.0
  0
LINE
  5
18A
330
6F
100
AcDbEntity
  8
_MotorCAD138_
100
AcDbLine
 10
-68.94170654923811
 20
-149.974301458879
 30
0.0
 11
-72.97763388613531
 21
-147.984002352894
 31
0.0
  0
LINE
  5
18C
330
6F
100
AcDbEntity
  8
_MotorCAD139_
100
AcDbLine
 10
-54.6661299391807
 20
-121.026295745953
 30
0.0
 11
-68.94170654923811
 21
-149.974301458879
 31
0.0
  0
LINE
  5
18E
330
6F
100
AcDbEntity
  8
_MotorCAD140_
100
AcDbLine
 10
-54.6661299391807
 20
-121.026295745953
 30
0.0
 11
-56.59068168070639
 21
-118.146000519038
 31
0.0
  0
LINE
  5
190
330
6F
100
AcDbEntity
  8
_MotorCAD141_
100
AcDbLine
 10
-56.14839299048739
 20
-117.249127777505
 30
0.0
 11
-56.59068168070639
 21
-118.146000519038
 31
0.0
  0
ARC
  5
192
330
6F
100
AcDbEntity
  8
_MotorCAD142_
100
AcDbCircle
 10
0.0
 20
0.0
 30
0.0
 40
130.0
100
AcDbArc
 50
244.4111198186
 51
247.5
  0
ARC
  5
194
330
6F
100
AcDbEntity
  8
_MotorCAD143_
100
AcDbCircle
 10
0.0
 20
0.0
 30
0.0
 40
130.0
100
AcDbArc
 50
247.5
 51
250.5888801814
  0
LINE
  5
196
330
6F
100
AcDbEntity
  8
_MotorCAD144_
100
AcDbLine
 10
-43.2047439033812
 20
-122.610562775983
 30
0.0
 11
-43.5261833686844
 21
-123.557492905478
 31
0.0
  0
LINE
  5
198
330
6F
100
AcDbEntity
  8
_MotorCAD145_
100
AcDbLine
 10
-43.5261833686844
 20
-123.557492905478
 30
0.0
 11
-46.9237232426325
 21
-124.233305605072
 31
0.0
  0
LINE
  5
19A
330
6F
100
AcDbEntity
  8
_MotorCAD146_
100
AcDbLine
 10
-46.9237232426325
 20
-124.233305605072
 30
0.0
 11
-57.2986973577496
 21
-154.796993772828
 31
0.0
  0
LINE
  5
19C
330
6F
100
AcDbEntity
  8
_MotorCAD147_
100
AcDbLine
 10
-53.0375117750216
 20
-156.243471366692
 30
0.0
 11
-57.2986973577496
 21
-154.796993772828
 31
0.0
  0
LINE
  5
19E
330
6F
100
AcDbEntity
  8
_MotorCAD148_
100
AcDbLine
 10
-48.7763261922936
 20
-157.689948960557
 30
0.0
 11
-53.0375117750216
 21
-156.243471366692
 31
0.0
  0
LINE
  5
1A0
330
6F
100
AcDbEntity
  8
_MotorCAD149_
100
AcDbLine
 10
-38.4013520771765
 20
-127.1262607928
 30
0.0
 11
-48.7763261922936
 21
-157.689948960557
 31
0.0
  0
LINE
  5
1A2
330
6F
100
AcDbEntity
  8
_MotorCAD150_
100
AcDbLine
 10
-38.4013520771765
 20
-127.1262607928
 30
0.0
 11
-40.6853929801991
 21
-124.521811301387
 31
0.0
  0
LINE
  5
1A4
330
6F
100
AcDbEntity
  8
_MotorCAD151_
100
AcDbLine
 10
-40.3639535148959
 20
-123.574881171892
 30
0.0
 11
-40.6853929801991
 21
-124.521811301387
 31
0.0
  0
ARC
  5
1A6
330
6F
100
AcDbEntity
  8
_MotorCAD152_
100
AcDbCircle
 10
0.0
 20
0.0
 30
0.0
 40
130.0
100
AcDbArc
 50
251.9111198186
 51
255.0
  0
ARC
  5
1A8
330
6F
100
AcDbEntity
  8
_MotorCAD153_
100
AcDbCircle
 10
0.0
 20
0.0
 30
0.0
 40
130.0
100
AcDbArc
 50
255.0
 51
258.0888801814
  0
LINE
  5
1AA
330
6F
100
AcDbEntity
  8
_MotorCAD154_
100
AcDbLine
 10
-26.8312314448721
 20
-127.20096312195
 30
0.0
 11
-27.0263217668883
 21
-128.181748402353
 31
0.0
  0
LINE
  5
1AC
330
6F
100
AcDbEntity
  8
_MotorCAD155_
100
AcDbLine
 10
-27.0263217668883
 20
-128.181748402353
 30
0.0
 11
-30.3065839578949
 21
-129.295247373279
 31
0.0
  0
LINE
  5
1AE
330
6F
100
AcDbEntity
  8
_MotorCAD156_
100
AcDbLine
 10
-30.3065839578949
 20
-129.295247373279
 30
0.0
 11
-36.60343689447571
 21
-160.95166481746
 31
0.0
  0
LINE
  5
1B0
330
6F
100
AcDbEntity
  8
_MotorCAD157_
100
AcDbLine
 10
-32.1899031326611
 20
-161.829571266533
 30
0.0
 11
-36.60343689447571
 21
-160.95166481746
 31
0.0
  0
LINE
  5
1B2
330
6F
100
AcDbEntity
  8
_MotorCAD158_
100
AcDbLine
 10
-27.7763693708466
 20
-162.707477715606
 30
0.0
 11
-32.1899031326611
 21
-161.829571266533
 31
0.0
  0
LINE
  5
1B4
330
6F
100
AcDbEntity
  8
_MotorCAD159_
100
AcDbLine
 10
-21.4795164342658
 20
-131.051060271424
 30
0.0
 11
-27.7763693708466
 21
-162.707477715606
 31
0.0
  0
LINE
  5
1B6
330
6F
100
AcDbEntity
  8
_MotorCAD160_
100
AcDbLine
 10
-21.4795164342658
 20
-131.051060271424
 30
0.0
 11
-24.0839659256786
 21
-128.767019368402
 31
0.0
  0
LINE
  5
1B8
330
6F
100
AcDbEntity
  8
_MotorCAD161_
100
AcDbLine
 10
-23.8888756036624
 20
-127.786234087998
 30
0.0
 11
-24.0839659256786
 21
-128.767019368402
 31
0.0
  0
ARC
  5
1BA
330
6F
100
AcDbEntity
  8
_MotorCAD162_
100
AcDbCircle
 10
0.0
 20
0.0
 30
0.0
 40
130.0
100
AcDbArc
 50
259.4111198186
 51
262.5
  0
ARC
  5
1BC
330
6F
100
AcDbEntity
  8
_MotorCAD163_
100
AcDbCircle
 10
0.0
 20
0.0
 30
0.0
 40
130.0
100
AcDbArc
 50
262.5
 51
265.5888801814
  0
LINE
  5
1BE
330
6F
100
AcDbEntity
  8
_MotorCAD164_
100
AcDbLine
 10
-9.998629177318539
 20
-129.614919722131
 30
0.0
 11
-10.0640323065487
 21
-130.61277864537
 31
0.0
  0
LINE
  5
1C0
330
6F
100
AcDbEntity
  8
_MotorCAD165_
100
AcDbLine
 10
-10.0640323065487
 20
-130.61277864537
 30
0.0
 11
-13.1708906190651
 21
-132.144911611514
 31
0.0
  0
LINE
  5
1C2
330
6F
100
AcDbEntity
  8
_MotorCAD166_
100
AcDbLine
 10
-13.1708906190651
 20
-132.144911611514
 30
0.0
 11
-15.2818814775473
 21
-164.352408252834
 31
0.0
  0
LINE
  5
1C4
330
6F
100
AcDbEntity
  8
_MotorCAD167_
100
AcDbLine
 10
-10.7915163229736
 20
-164.64672233437
 30
0.0
 11
-15.2818814775473
 21
-164.352408252834
 31
0.0
  0
LINE
  5
1C6
330
6F
100
AcDbEntity
  8
_MotorCAD168_
100
AcDbLine
 10
-6.301151168399861
 20
-164.941036415905
 30
0.0
 11
-10.7915163229736
 21
-164.64672233437
 31
0.0
  0
LINE
  5
1C8
330
6F
100
AcDbEntity
  8
_MotorCAD169_
100
AcDbLine
 10
-4.190160309917639
 20
-132.7335397745859
 30
0.0
 11
-6.301151168399861
 21
-164.941036415905
 31
0.0
  0
LINE
  5
1CA
330
6F
100
AcDbEntity
  8
_MotorCAD170_
100
AcDbLine
 10
-4.190160309917639
 20
-132.7335397745859
 30
0.0
 11
-7.070455536832889
 21
-130.80898803306
 31
0.0
  0
LINE
  5
1CC
330
6F
100
AcDbEntity
  8
_MotorCAD171_
100
AcDbLine
 10
-7.005052407602731
 20
-129.811129109821
 30
0.0
 11
-7.070455536832889
 21
-130.80898803306
 31
0.0
  0
ARC
  5
1CE
330
6F
100
AcDbEntity
  8
_MotorCAD172_
100
AcDbCircle
 10
0.0
 20
0.0
 30
0.0
 40
130.0
100
AcDbArc
 50
266.9111198186
 51
270.0
  0
ARC
  5
1D0
330
6F
100
AcDbEntity
  8
_MotorCAD173_
100
AcDbCircle
 10
0.0
 20
0.0
 30
0.0
 40
130.0
100
AcDbArc
 50
270.0
 51
273.0888801814
  0
LINE
  5
1D2
330
6F
100
AcDbEntity
  8
_MotorCAD174_
100
AcDbLine
 10
7.070455536832839
 20
-130.80898803306
 30
0.0
 11
7.0050524076027
 21
-129.811129109821
 31
0.0
  0
LINE
  5
1D4
330
6F
100
AcDbEntity
  8
_MotorCAD175_
100
AcDbLine
 10
7.070455536832839
 20
-130.80898803306
 30
0.0
 11
4.190160309917609
 21
-132.7335397745859
 31
0.0
  0
LINE
  5
1D6
330
6F
100
AcDbEntity
  8
_MotorCAD176_
100
AcDbLine
 10
6.30115116839985
 20
-164.941036415905
 30
0.0
 11
4.190160309917609
 21
-132.7335397745859
 31
0.0
  0
LINE
  5
1D8
330
6F
100
AcDbEntity
  8
_MotorCAD177_
100
AcDbLine
 10
10.7915163229736
 20
-164.64672233437
 30
0.0
 11
6.30115116839985
 21
-164.941036415905
 31
0.0
  0
LINE
  5
1DA
330
6F
100
AcDbEntity
  8
_MotorCAD178_
100
AcDbLine
 10
15.2818814775473
 20
-164.352408252834
 30
0.0
 11
10.7915163229736
 21
-164.64672233437
 31
0.0
  0
LINE
  5
1DC
330
6F
100
AcDbEntity
  8
_MotorCAD179_
100
AcDbLine
 10
15.2818814775473
 20
-164.352408252834
 30
0.0
 11
13.1708906190651
 21
-132.144911611514
 31
0.0
  0
LINE
  5
1DE
330
6F
100
AcDbEntity
  8
_MotorCAD180_
100
AcDbLine
 10
13.1708906190651
 20
-132.144911611514
 30
0.0
 11
10.0640323065486
 21
-130.61277864537
 31
0.0
  0
LINE
  5
1E0
330
6F
100
AcDbEntity
  8
_MotorCAD181_
100
AcDbLine
 10
10.0640323065486
 20
-130.61277864537
 30
0.0
 11
9.998629177318509
 21
-129.614919722131
 31
0.0
  0
ARC
  5
1E2
330
6F
100
AcDbEntity
  8
_MotorCAD182_
100
AcDbCircle
 10
0.0
 20
0.0
 30
0.0
 40
130.0
100
AcDbArc
 50
274.4111198186
 51
277.5
  0
ARC
  5
1E4
330
6F
100
AcDbEntity
  8
_MotorCAD183_
100
AcDbCircle
 10
0.0
 20
0.0
 30
0.0
 40
130.0
100
AcDbArc
 50
277.5
 51
280.5888801814
  0
LINE
  5
1E6
330
6F
100
AcDbEntity
  8
_MotorCAD184_
100
AcDbLine
 10
24.0839659256785
 20
-128.767019368402
 30
0.0
 11
23.8888756036624
 21
-127.786234087998
 31
0.0
  0
LINE
  5
1E8
330
6F
100
AcDbEntity
  8
_MotorCAD185_
100
AcDbLine
 10
24.0839659256785
 20
-128.767019368402
 30
0.0
 11
21.4795164342657
 21
-131.051060271424
 31
0.0
  0
LINE
  5
1EA
330
6F
100
AcDbEntity
  8
_MotorCAD186_
100
AcDbLine
 10
27.7763693708466
 20
-162.707477715606
 30
0.0
 11
21.4795164342657
 21
-131.051060271424
 31
0.0
  0
LINE
  5
1EC
330
6F
100
AcDbEntity
  8
_MotorCAD187_
100
AcDbLine
 10
32.1899031326611
 20
-161.829571266533
 30
0.0
 11
27.7763693708466
 21
-162.707477715606
 31
0.0
  0
LINE
  5
1EE
330
6F
100
AcDbEntity
  8
_MotorCAD188_
100
AcDbLine
 10
36.60343689447571
 20
-160.95166481746
 30
0.0
 11
32.1899031326611
 21
-161.829571266533
 31
0.0
  0
LINE
  5
1F0
330
6F
100
AcDbEntity
  8
_MotorCAD189_
100
AcDbLine
 10
36.60343689447571
 20
-160.95166481746
 30
0.0
 11
30.3065839578948
 21
-129.295247373279
 31
0.0
  0
LINE
  5
1F2
330
6F
100
AcDbEntity
  8
_MotorCAD190_
100
AcDbLine
 10
30.3065839578948
 20
-129.295247373279
 30
0.0
 11
27.0263217668882
 21
-128.181748402353
 31
0.0
  0
LINE
  5
1F4
330
6F
100
AcDbEntity
  8
_MotorCAD191_
100
AcDbLine
 10
27.0263217668882
 20
-128.181748402353
 30
0.0
 11
26.8312314448721
 21
-127.20096312195
 31
0.0
  0
ARC
  5
1F6
330
6F
100
AcDbEntity
  8
_MotorCAD192_
100
AcDbCircle
 10
0.0
 20
0.0
 30
0.0
 40
130.0
100
AcDbArc
 50
281.9111198186
 51
285.0
  0
ARC
  5
1F8
330
6F
100
AcDbEntity
  8
_MotorCAD193_
100
AcDbCircle
 10
0.0
 20
0.0
 30
0.0
 40
130.0
100
AcDbArc
 50
285.0
 51
288.0888801814
  0
LINE
  5
1FA
330
6F
100
AcDbEntity
  8
_MotorCAD194_
100
AcDbLine
 10
40.68539298019899
 20
-124.521811301387
 30
0.0
 11
40.3639535148959
 21
-123.574881171892
 31
0.0
  0
LINE
  5
1FC
330
6F
100
AcDbEntity
  8
_MotorCAD195_
100
AcDbLine
 10
40.68539298019899
 20
-124.521811301387
 30
0.0
 11
38.4013520771765
 21
-127.1262607928
 31
0.0
  0
LINE
  5
1FE
330
6F
100
AcDbEntity
  8
_MotorCAD196_
100
AcDbLine
 10
48.7763261922936
 20
-157.689948960557
 30
0.0
 11
38.4013520771765
 21
-127.1262607928
 31
0.0
  0
LINE
  5
200
330
6F
100
AcDbEntity
  8
_MotorCAD197_
100
AcDbLine
 10
53.0375117750216
 20
-156.243471366692
 30
0.0
 11
48.7763261922936
 21
-157.689948960557
 31
0.0
  0
LINE
  5
202
330
6F
100
AcDbEntity
  8
_MotorCAD198_
100
AcDbLine
 10
57.2986973577496
 20
-154.796993772828
 30
0.0
 11
53.0375117750216
 21
-156.243471366692
 31
0.0
  0
LINE
  5
204
330
6F
100
AcDbEntity
  8
_MotorCAD199_
100
AcDbLine
 10
57.2986973577496
 20
-154.796993772828
 30
0.0
 11
46.9237232426325
 21
-124.233305605072
 31
0.0
  0
LINE
  5
206
330
6F
100
AcDbEntity
  8
_MotorCAD200_
100
AcDbLine
 10
46.9237232426325
 20
-124.233305605072
 30
0.0
 11
43.5261833686843
 21
-123.557492905478
 31
0.0
  0
LINE
  5
208
330
6F
100
AcDbEntity
  8
_MotorCAD201_
100
AcDbLine
 10
43.5261833686843
 20
-123.557492905478
 30
0.0
 11
43.2047439033812
 21
-122.610562775983
 31
0.0
  0
ARC
  5
20A
330
6F
100
AcDbEntity
  8
_MotorCAD202_
100
AcDbCircle
 10
0.0
 20
0.0
 30
0.0
 40
130.0
100
AcDbArc
 50
289.4111198186
 51
292.5
  0
ARC
  5
20C
330
6F
100
AcDbEntity
  8
_MotorCAD203_
100
AcDbCircle
 10
0.0
 20
0.0
 30
0.0
 40
130.0
100
AcDbArc
 50
292.5
 51
295.5888801814
  0
LINE
  5
20E
330
6F
100
AcDbEntity
  8
_MotorCAD204_
100
AcDbLine
 10
56.59068168070639
 20
-118.146000519038
 30
0.0
 11
56.14839299048739
 21
-117.249127777505
 31
0.0
  0
LINE
  5
210
330
6F
100
AcDbEntity
  8
_MotorCAD205_
100
AcDbLine
 10
56.59068168070639
 20
-118.146000519038
 30
0.0
 11
54.6661299391807
 21
-121.026295745953
 31
0.0
  0
LINE
  5
212
330
6F
100
AcDbEntity
  8
_MotorCAD206_
100
AcDbLine
 10
68.94170654923811
 20
-149.974301458879
 30
0.0
 11
54.6661299391807
 21
-121.026295745953
 31
0.0
  0
LINE
  5
214
330
6F
100
AcDbEntity
  8
_MotorCAD207_
100
AcDbLine
 10
72.97763388613521
 20
-147.984002352894
 30
0.0
 11
68.94170654923811
 21
-149.974301458879
 31
0.0
  0
LINE
  5
216
330
6F
100
AcDbEntity
  8
_MotorCAD208_
100
AcDbLine
 10
77.01356122303241
 20
-145.993703246908
 30
0.0
 11
72.97763388613521
 21
-147.984002352894
 31
0.0
  0
LINE
  5
218
330
6F
100
AcDbEntity
  8
_MotorCAD209_
100
AcDbLine
 10
77.01356122303241
 20
-145.993703246908
 30
0.0
 11
62.7379846129749
 21
-117.045697533982
 31
0.0
  0
LINE
  5
21A
330
6F
100
AcDbEntity
  8
_MotorCAD210_
100
AcDbLine
 10
62.7379846129749
 20
-117.045697533982
 30
0.0
 11
59.2812999053044
 21
-116.819134448381
 31
0.0
  0
LINE
  5
21C
330
6F
100
AcDbEntity
  8
_MotorCAD211_
100
AcDbLine
 10
59.2812999053044
 20
-116.819134448381
 30
0.0
 11
58.8390112150855
 21
-115.922261706848
 31
0.0
  0
ARC
  5
21E
330
6F
100
AcDbEntity
  8
_MotorCAD212_
100
AcDbCircle
 10
0.0
 20
0.0
 30
0.0
 40
130.0
100
AcDbArc
 50
296.9111198186
 51
300.0
  0
ARC
  5
220
330
6F
100
AcDbEntity
  8
_MotorCAD213_
100
AcDbCircle
 10
0.0
 20
0.0
 30
0.0
 40
130.0
100
AcDbArc
 50
300.0
 51
303.0888801814
  0
LINE
  5
222
330
6F
100
AcDbEntity
  8
_MotorCAD214_
100
AcDbLine
 10
71.52768812775559
 20
-109.748678911548
 30
0.0
 11
70.97211789473608
 21
-108.917209299246
 31
0.0
  0
LINE
  5
224
330
6F
100
AcDbEntity
  8
_MotorCAD215_
100
AcDbLine
 10
71.52768812775559
 20
-109.748678911548
 30
0.0
 11
69.9955551616108
 21
-112.855537224065
 31
0.0
  0
LINE
  5
226
330
6F
100
AcDbEntity
  8
_MotorCAD216_
100
AcDbLine
 10
87.9274751928729
 20
-139.692552078508
 30
0.0
 11
69.9955551616108
 21
-112.855537224065
 31
0.0
  0
LINE
  5
228
330
6F
100
AcDbEntity
  8
_MotorCAD217_
100
AcDbLine
 10
91.6690884482344
 20
-137.19248602992
 30
0.0
 11
87.9274751928729
 21
-139.692552078508
 31
0.0
  0
LINE
  5
22A
330
6F
100
AcDbEntity
  8
_MotorCAD218_
100
AcDbLine
 10
95.4107017035959
 20
-134.692419981332
 30
0.0
 11
91.6690884482344
 21
-137.19248602992
 31
0.0
  0
LINE
  5
22C
330
6F
100
AcDbEntity
  8
_MotorCAD219_
100
AcDbLine
 10
95.4107017035959
 20
-134.692419981332
 30
0.0
 11
77.4787816723338
 21
-107.855405126888
 31
0.0
  0
LINE
  5
22E
330
6F
100
AcDbEntity
  8
_MotorCAD220_
100
AcDbLine
 10
77.4787816723338
 20
-107.855405126888
 30
0.0
 11
74.02209696466329
 21
-108.081968212489
 31
0.0
  0
LINE
  5
230
330
6F
100
AcDbEntity
  8
_MotorCAD221_
100
AcDbLine
 10
74.02209696466329
 20
-108.081968212489
 30
0.0
 11
73.46652673164371
 21
-107.250498600187
 31
0.0
  0
ARC
  5
232
330
6F
100
AcDbEntity
  8
_MotorCAD222_
100
AcDbCircle
 10
0.0
 20
0.0
 30
0.0
 40
130.0
100
AcDbArc
 50
304.4111198186
 51
307.5
  0
ARC
  5
234
330
6F
100
AcDbEntity
  8
_MotorCAD223_
100
AcDbCircle
 10
0.0
 20
0.0
 30
0.0
 40
130.0
100
AcDbArc
 50
307.5
 51
310.5888801814
  0
LINE
  5
236
330
6F
100
AcDbEntity
  8
_MotorCAD224_
100
AcDbLine
 10
85.2408359997173
 20
-99.4735269797994
 30
0.0
 11
84.58149018461721
 21
-98.72168717232041
 31
0.0
  0
LINE
  5
238
330
6F
100
AcDbEntity
  8
_MotorCAD225_
100
AcDbLine
 10
85.2408359997173
 20
-99.4735269797994
 30
0.0
 11
84.12733702879158
 21
-102.753789170806
 31
0.0
  0
LINE
  5
23A
330
6F
100
AcDbEntity
  8
_MotorCAD226_
100
AcDbLine
 10
105.408780357856
 20
-127.020624401982
 30
0.0
 11
84.12733702879158
 21
-102.753789170806
 31
0.0
  0
LINE
  5
23C
330
6F
100
AcDbEntity
  8
_MotorCAD227_
100
AcDbLine
 10
108.792059491511
 20
-124.053568234031
 30
0.0
 11
105.408780357856
 21
-127.020624401982
 31
0.0
  0
LINE
  5
23E
330
6F
100
AcDbEntity
  8
_MotorCAD228_
100
AcDbLine
 10
112.175338625167
 20
-121.086512066081
 30
0.0
 11
108.792059491511
 21
-124.053568234031
 31
0.0
  0
LINE
  5
240
330
6F
100
AcDbEntity
  8
_MotorCAD229_
100
AcDbLine
 10
112.175338625167
 20
-121.086512066081
 30
0.0
 11
90.89389529610242
 21
-96.8196768349054
 31
0.0
  0
LINE
  5
242
330
6F
100
AcDbEntity
  8
_MotorCAD230_
100
AcDbLine
 10
90.89389529610242
 20
-96.8196768349054
 30
0.0
 11
87.4963554221542
 21
-97.4954895344992
 31
0.0
  0
LINE
  5
244
330
6F
100
AcDbEntity
  8
_MotorCAD231_
100
AcDbLine
 10
87.4963554221542
 20
-97.4954895344992
 30
0.0
 11
86.8370096070542
 21
-96.74364972702022
 31
0.0
  0
ARC
  5
246
330
6F
100
AcDbEntity
  8
_MotorCAD232_
100
AcDbCircle
 10
0.0
 20
0.0
 30
0.0
 40
130.0
100
AcDbArc
 50
311.9111198186
 51
315.0
  0
ARC
  5
248
330
6F
100
AcDbEntity
  8
_MotorCAD233_
100
AcDbCircle
 10
0.0
 20
0.0
 30
0.0
 40
130.0
100
AcDbArc
 50
315.0
 51
318.0888801814
  0
LINE
  5
24A
330
6F
100
AcDbEntity
  8
_MotorCAD234_
100
AcDbLine
 10
97.4954895344992
 20
-87.4963554221542
 30
0.0
 11
96.74364972702022
 21
-86.8370096070542
 31
0.0
  0
LINE
  5
24C
330
6F
100
AcDbEntity
  8
_MotorCAD235_
100
AcDbLine
 10
97.4954895344992
 20
-87.4963554221542
 30
0.0
 11
96.8196768349053
 21
-90.89389529610242
 31
0.0
  0
LINE
  5
24E
330
6F
100
AcDbEntity
  8
_MotorCAD236_
100
AcDbLine
 10
121.086512066081
 20
-112.175338625167
 30
0.0
 11
96.8196768349053
 21
-90.89389529610242
 31
0.0
  0
LINE
  5
250
330
6F
100
AcDbEntity
  8
_MotorCAD237_
100
AcDbLine
 10
124.053568234031
 20
-108.792059491511
 30
0.0
 11
121.086512066081
 21
-112.175338625167
 31
0.0
  0
LINE
  5
252
330
6F
100
AcDbEntity
  8
_MotorCAD238_
100
AcDbLine
 10
127.020624401982
 20
-105.408780357856
 30
0.0
 11
124.053568234031
 21
-108.792059491511
 31
0.0
  0
LINE
  5
254
330
6F
100
AcDbEntity
  8
_MotorCAD239_
100
AcDbLine
 10
127.020624401982
 20
-105.408780357856
 30
0.0
 11
102.753789170806
 21
-84.12733702879158
 31
0.0
  0
LINE
  5
256
330
6F
100
AcDbEntity
  8
_MotorCAD240_
100
AcDbLine
 10
102.753789170806
 20
-84.12733702879158
 30
0.0
 11
99.4735269797994
 21
-85.2408359997173
 31
0.0
  0
LINE
  5
258
330
6F
100
AcDbEntity
  8
_MotorCAD241_
100
AcDbLine
 10
99.4735269797994
 20
-85.2408359997173
 30
0.0
 11
98.72168717232041
 21
-84.5814901846173
 31
0.0
  0
ARC
  5
25A
330
6F
100
AcDbEntity
  8
_MotorCAD242_
100
AcDbCircle
 10
0.0
 20
0.0
 30
0.0
 40
130.0
100
AcDbArc
 50
319.4111198186
 51
322.5
  0
ARC
  5
25C
330
6F
100
AcDbEntity
  8
_MotorCAD243_
100
AcDbCircle
 10
0.0
 20
0.0
 30
0.0
 40
130.0
100
AcDbArc
 50
322.5
 51
325.5888801814
  0
LINE
  5
25E
330
6F
100
AcDbEntity
  8
_MotorCAD244_
100
AcDbLine
 10
108.081968212489
 20
-74.0220969646634
 30
0.0
 11
107.250498600187
 21
-73.46652673164371
 31
0.0
  0
LINE
  5
260
330
6F
100
AcDbEntity
  8
_MotorCAD245_
100
AcDbLine
 10
108.081968212489
 20
-74.0220969646634
 30
0.0
 11
107.855405126888
 21
-77.47878167233371
 31
0.0
  0
LINE
  5
262
330
6F
100
AcDbEntity
  8
_MotorCAD246_
100
AcDbLine
 10
134.692419981332
 20
-95.4107017035958
 30
0.0
 11
107.855405126888
 21
-77.47878167233371
 31
0.0
  0
LINE
  5
264
330
6F
100
AcDbEntity
  8
_MotorCAD247_
100
AcDbLine
 10
137.19248602992
 20
-91.6690884482344
 30
0.0
 11
134.692419981332
 21
-95.4107017035958
 31
0.0
  0
LINE
  5
266
330
6F
100
AcDbEntity
  8
_MotorCAD248_
100
AcDbLine
 10
139.692552078508
 20
-87.9274751928729
 30
0.0
 11
137.19248602992
 21
-91.6690884482344
 31
0.0
  0
LINE
  5
268
330
6F
100
AcDbEntity
  8
_MotorCAD249_
100
AcDbLine
 10
139.692552078508
 20
-87.9274751928729
 30
0.0
 11
112.855537224065
 21
-69.9955551616108
 31
0.0
  0
LINE
  5
26A
330
6F
100
AcDbEntity
  8
_MotorCAD250_
100
AcDbLine
 10
112.855537224065
 20
-69.9955551616108
 30
0.0
 11
109.748678911548
 21
-71.52768812775569
 31
0.0
  0
LINE
  5
26C
330
6F
100
AcDbEntity
  8
_MotorCAD251_
100
AcDbLine
 10
109.748678911548
 20
-71.52768812775569
 30
0.0
 11
108.917209299246
 21
-70.97211789473608
 31
0.0
  0
ARC
  5
26E
330
6F
100
AcDbEntity
  8
_MotorCAD252_
100
AcDbCircle
 10
0.0
 20
0.0
 30
0.0
 40
130.0
100
AcDbArc
 50
326.9111198186
 51
330.0
  0
ARC
  5
270
330
6F
100
AcDbEntity
  8
_MotorCAD253_
100
AcDbCircle
 10
0.0
 20
0.0
 30
0.0
 40
130.0
100
AcDbArc
 50
330.0
 51
333.0888801814
  0
LINE
  5
272
330
6F
100
AcDbEntity
  8
_MotorCAD254_
100
AcDbLine
 10
116.819134448381
 20
-59.2812999053042
 30
0.0
 11
115.922261706848
 21
-58.8390112150855
 31
0.0
  0
LINE
  5
274
330
6F
100
AcDbEntity
  8
_MotorCAD255_
100
AcDbLine
 10
117.045697533982
 20
-62.73798461297499
 30
0.0
 11
116.819134448381
 21
-59.2812999053042
 31
0.0
  0
LINE
  5
276
330
6F
100
AcDbEntity
  8
_MotorCAD256_
100
AcDbLine
 10
145.993703246908
 20
-77.01356122303241
 30
0.0
 11
117.045697533982
 21
-62.73798461297499
 31
0.0
  0
LINE
  5
278
330
6F
100
AcDbEntity
  8
_MotorCAD257_
100
AcDbLine
 10
147.984002352894
 20
-72.97763388613531
 30
0.0
 11
145.993703246908
 21
-77.01356122303241
 31
0.0
  0
LINE
  5
27A
330
6F
100
AcDbEntity
  8
_MotorCAD258_
100
AcDbLine
 10
149.974301458879
 20
-68.9417065492382
 30
0.0
 11
147.984002352894
 21
-72.97763388613531
 31
0.0
  0
LINE
  5
27C
330
6F
100
AcDbEntity
  8
_MotorCAD259_
100
AcDbLine
 10
149.974301458879
 20
-68.9417065492382
 30
0.0
 11
121.026295745953
 21
-54.6661299391807
 31
0.0
  0
LINE
  5
27E
330
6F
100
AcDbEntity
  8
_MotorCAD260_
100
AcDbLine
 10
121.026295745953
 20
-54.6661299391807
 30
0.0
 11
118.146000519038
 21
-56.59068168070639
 31
0.0
  0
LINE
  5
280
330
6F
100
AcDbEntity
  8
_MotorCAD261_
100
AcDbLine
 10
118.146000519038
 20
-56.59068168070639
 30
0.0
 11
117.249127777505
 21
-56.14839299048739
 31
0.0
  0
ARC
  5
282
330
6F
100
AcDbEntity
  8
_MotorCAD262_
100
AcDbCircle
 10
0.0
 20
0.0
 30
0.0
 40
130.0
100
AcDbArc
 50
334.4111198186
 51
337.5
  0
ARC
  5
284
330
6F
100
AcDbEntity
  8
_MotorCAD263_
100
AcDbCircle
 10
0.0
 20
0.0
 30
0.0
 40
130.0
100
AcDbArc
 50
337.5
 51
340.5888801814
  0
LINE
  5
286
330
6F
100
AcDbEntity
  8
_MotorCAD264_
100
AcDbLine
 10
123.557492905478
 20
-43.5261833686843
 30
0.0
 11
122.610562775983
 21
-43.2047439033812
 31
0.0
  0
LINE
  5
288
330
6F
100
AcDbEntity
  8
_MotorCAD265_
100
AcDbLine
 10
124.233305605072
 20
-46.92372324263259
 30
0.0
 11
123.557492905478
 21
-43.5261833686843
 31
0.0
  0
LINE
  5
28A
330
6F
100
AcDbEntity
  8
_MotorCAD266_
100
AcDbLine
 10
154.796993772828
 20
-57.2986973577496
 30
0.0
 11
124.233305605072
 21
-46.92372324263259
 31
0.0
  0
LINE
  5
28C
330
6F
100
AcDbEntity
  8
_MotorCAD267_
100
AcDbLine
 10
156.243471366692
 20
-53.0375117750216
 30
0.0
 11
154.796993772828
 21
-57.2986973577496
 31
0.0
  0
LINE
  5
28E
330
6F
100
AcDbEntity
  8
_MotorCAD268_
100
AcDbLine
 10
157.689948960557
 20
-48.7763261922935
 30
0.0
 11
156.243471366692
 21
-53.0375117750216
 31
0.0
  0
LINE
  5
290
330
6F
100
AcDbEntity
  8
_MotorCAD269_
100
AcDbLine
 10
157.689948960557
 20
-48.7763261922935
 30
0.0
 11
127.1262607928
 21
-38.4013520771766
 31
0.0
  0
LINE
  5
292
330
6F
100
AcDbEntity
  8
_MotorCAD270_
100
AcDbLine
 10
127.1262607928
 20
-38.4013520771766
 30
0.0
 11
124.521811301387
 21
-40.6853929801991
 31
0.0
  0
LINE
  5
294
330
6F
100
AcDbEntity
  8
_MotorCAD271_
100
AcDbLine
 10
124.521811301387
 20
-40.6853929801991
 30
0.0
 11
123.574881171892
 21
-40.3639535148959
 31
0.0
  0
ARC
  5
296
330
6F
100
AcDbEntity
  8
_MotorCAD272_
100
AcDbCircle
 10
0.0
 20
0.0
 30
0.0
 40
130.0
100
AcDbArc
 50
341.9111198186
 51
345.0
  0
ARC
  5
298
330
6F
100
AcDbEntity
  8
_MotorCAD273_
100
AcDbCircle
 10
0.0
 20
0.0
 30
0.0
 40
130.0
100
AcDbArc
 50
345.0
 51
348.0888801814
  0
LINE
  5
29A
330
6F
100
AcDbEntity
  8
_MotorCAD274_
100
AcDbLine
 10
128.181748402353
 20
-27.0263217668883
 30
0.0
 11
127.20096312195
 21
-26.8312314448721
 31
0.0
  0
LINE
  5
29C
330
6F
100
AcDbEntity
  8
_MotorCAD275_
100
AcDbLine
 10
129.295247373279
 20
-30.3065839578949
 30
0.0
 11
128.181748402353
 21
-27.0263217668883
 31
0.0
  0
LINE
  5
29E
330
6F
100
AcDbEntity
  8
_MotorCAD276_
100
AcDbLine
 10
160.95166481746
 20
-36.6034368944756
 30
0.0
 11
129.295247373279
 21
-30.3065839578949
 31
0.0
  0
LINE
  5
2A0
330
6F
100
AcDbEntity
  8
_MotorCAD277_
100
AcDbLine
 10
161.829571266533
 20
-32.1899031326612
 30
0.0
 11
160.95166481746
 21
-36.6034368944756
 31
0.0
  0
LINE
  5
2A2
330
6F
100
AcDbEntity
  8
_MotorCAD278_
100
AcDbLine
 10
162.707477715606
 20
-27.7763693708465
 30
0.0
 11
161.829571266533
 21
-32.1899031326612
 31
0.0
  0
LINE
  5
2A4
330
6F
100
AcDbEntity
  8
_MotorCAD279_
100
AcDbLine
 10
162.707477715606
 20
-27.7763693708465
 30
0.0
 11
131.051060271424
 21
-21.4795164342658
 31
0.0
  0
LINE
  5
2A6
330
6F
100
AcDbEntity
  8
_MotorCAD280_
100
AcDbLine
 10
131.051060271424
 20
-21.4795164342658
 30
0.0
 11
128.767019368402
 21
-24.0839659256786
 31
0.0
  0
LINE
  5
2A8
330
6F
100
AcDbEntity
  8
_MotorCAD281_
100
AcDbLine
 10
128.767019368402
 20
-24.0839659256786
 30
0.0
 11
127.786234087998
 21
-23.8888756036624
 31
0.0
  0
ARC
  5
2AA
330
6F
100
AcDbEntity
  8
_MotorCAD282_
100
AcDbCircle
 10
0.0
 20
0.0
 30
0.0
 40
130.0
100
AcDbArc
 50
349.4111198186
 51
352.5
  0
ARC
  5
2AC
330
6F
100
AcDbEntity
  8
_MotorCAD283_
100
AcDbCircle
 10
0.0
 20
0.0
 30
0.0
 40
130.0
100
AcDbArc
 50
352.5
 51
355.5888801814
  0
LINE
  5
2AE
330
6F
100
AcDbEntity
  8
_MotorCAD284_
100
AcDbLine
 10
130.61277864537
 20
-10.0640323065487
 30
0.0
 11
129.614919722131
 21
-9.99862917731855
 31
0.0
  0
LINE
  5
2B0
330
6F
100
AcDbEntity
  8
_MotorCAD285_
100
AcDbLine
 10
132.144911611514
 20
-13.1708906190651
 30
0.0
 11
130.61277864537
 21
-10.0640323065487
 31
0.0
  0
LINE
  5
2B2
330
6F
100
AcDbEntity
  8
_MotorCAD286_
100
AcDbLine
 10
164.352408252834
 20
-15.2818814775474
 30
0.0
 11
132.144911611514
 21
-13.1708906190651
 31
0.0
  0
LINE
  5
2B4
330
6F
100
AcDbEntity
  8
_MotorCAD287_
100
AcDbLine
 10
164.64672233437
 20
-10.7915163229736
 30
0.0
 11
164.352408252834
 21
-15.2818814775474
 31
0.0
  0
LINE
  5
2B6
330
6F
100
AcDbEntity
  8
_MotorCAD288_
100
AcDbLine
 10
164.941036415905
 20
-6.301151168399879
 30
0.0
 11
164.64672233437
 21
-10.7915163229736
 31
0.0
  0
LINE
  5
2B8
330
6F
100
AcDbEntity
  8
_MotorCAD289_
100
AcDbLine
 10
164.941036415905
 20
-6.301151168399879
 30
0.0
 11
132.7335397745859
 21
-4.190160309917639
 31
0.0
  0
LINE
  5
2BA
330
6F
100
AcDbEntity
  8
_MotorCAD290_
100
AcDbLine
 10
132.7335397745859
 20
-4.190160309917639
 30
0.0
 11
130.80898803306
 21
-7.070455536832899
 31
0.0
  0
LINE
  5
2BC
330
6F
100
AcDbEntity
  8
_MotorCAD291_
100
AcDbLine
 10
130.80898803306
 20
-7.070455536832899
 30
0.0
 11
129.811129109821
 21
-7.00505240760274
 31
0.0
  0
ARC
  5
2BE
330
6F
100
AcDbEntity
  8
_MotorCAD292_
100
AcDbCircle
 10
0.0
 20
0.0
 30
0.0
 40
130.0
100
AcDbArc
 50
356.9111198186
 51
0.0
  0
ARC
  5
2C0
330
6F
100
AcDbEntity
  8
_MotorCAD293_
100
AcDbCircle
 10
0.0
 20
0.0
 30
0.0
 40
130.0
100
AcDbArc
 50
0.0
 51
3.088880181400259
  0
LINE
  5
2C2
330
6F
100
AcDbEntity
  8
_MotorCAD294_
100
AcDbLine
 10
130.80898803306
 20
7.070455536832839
 30
0.0
 11
129.811129109821
 21
7.00505240760272
 31
0.0
  0
LINE
  5
2C4
330
6F
100
AcDbEntity
  8
_MotorCAD295_
100
AcDbLine
 10
132.7335397745859
 20
4.190160309917629
 30
0.0
 11
130.80898803306
 21
7.070455536832839
 31
0.0
  0
LINE
  5
2C6
330
6F
100
AcDbEntity
  8
_MotorCAD296_
100
AcDbLine
 10
164.941036415905
 20
6.301151168399879
 30
0.0
 11
132.7335397745859
 21
4.190160309917629
 31
0.0
  0
LINE
  5
2C8
330
6F
100
AcDbEntity
  8
_MotorCAD297_
100
AcDbLine
 10
164.941036415905
 20
6.301151168399879
 30
0.0
 11
164.64672233437
 21
10.7915163229736
 31
0.0
  0
LINE
  5
2CA
330
6F
100
AcDbEntity
  8
_MotorCAD298_
100
AcDbLine
 10
164.64672233437
 20
10.7915163229736
 30
0.0
 11
164.352408252834
 21
15.2818814775474
 31
0.0
  0
LINE
  5
2CC
330
6F
100
AcDbEntity
  8
_MotorCAD299_
100
AcDbLine
 10
164.352408252834
 20
15.2818814775474
 30
0.0
 11
132.144911611514
 21
13.1708906190651
 31
0.0
  0
LINE
  5
2CE
330
6F
100
AcDbEntity
  8
_MotorCAD300_
100
AcDbLine
 10
132.144911611514
 20
13.1708906190651
 30
0.0
 11
130.61277864537
 21
10.0640323065487
 31
0.0
  0
LINE
  5
2D0
330
6F
100
AcDbEntity
  8
_MotorCAD301_
100
AcDbLine
 10
130.61277864537
 20
10.0640323065487
 30
0.0
 11
129.614919722131
 21
9.998629177318528
 31
0.0
  0
ARC
  5
2D2
330
6F
100
AcDbEntity
  8
_MotorCAD302_
100
AcDbCircle
 10
0.0
 20
0.0
 30
0.0
 40
130.0
100
AcDbArc
 50
4.41111981859974
 51
7.499999999999999
  0
ARC
  5
2D4
330
6F
100
AcDbEntity
  8
_MotorCAD303_
100
AcDbCircle
 10
0.0
 20
0.0
 30
0.0
 40
130.0
100
AcDbArc
 50
7.499999999999999
 51
10.5888801814003
  0
LINE
  5
2D6
330
6F
100
AcDbEntity
  8
_MotorCAD304_
100
AcDbLine
 10
128.767019368402
 20
24.0839659256785
 30
0.0
 11
127.786234087998
 21
23.8888756036624
 31
0.0
  0
LINE
  5
2D8
330
6F
100
AcDbEntity
  8
_MotorCAD305_
100
AcDbLine
 10
131.051060271424
 20
21.4795164342658
 30
0.0
 11
128.767019368402
 21
24.0839659256785
 31
0.0
  0
LINE
  5
2DA
330
6F
100
AcDbEntity
  8
_MotorCAD306_
100
AcDbLine
 10
162.707477715606
 20
27.7763693708465
 30
0.0
 11
131.051060271424
 21
21.4795164342658
 31
0.0
  0
LINE
  5
2DC
330
6F
100
AcDbEntity
  8
_MotorCAD307_
100
AcDbLine
 10
162.707477715606
 20
27.7763693708465
 30
0.0
 11
161.829571266533
 21
32.1899031326612
 31
0.0
  0
LINE
  5
2DE
330
6F
100
AcDbEntity
  8
_MotorCAD308_
100
AcDbLine
 10
161.829571266533
 20
32.1899031326612
 30
0.0
 11
160.95166481746
 21
36.6034368944758
 31
0.0
  0
LINE
  5
2E0
330
6F
100
AcDbEntity
  8
_MotorCAD309_
100
AcDbLine
 10
160.95166481746
 20
36.6034368944758
 30
0.0
 11
129.295247373279
 21
30.3065839578949
 31
0.0
  0
LINE
  5
2E2
330
6F
100
AcDbEntity
  8
_MotorCAD310_
100
AcDbLine
 10
129.295247373279
 20
30.3065839578949
 30
0.0
 11
128.181748402353
 21
27.0263217668883
 31
0.0
  0
LINE
  5
2E4
330
6F
100
AcDbEntity
  8
_MotorCAD311_
100
AcDbLine
 10
128.181748402353
 20
27.0263217668883
 30
0.0
 11
127.20096312195
 21
26.8312314448721
 31
0.0
  0
ARC
  5
2E6
330
6F
100
AcDbEntity
  8
_MotorCAD312_
100
AcDbCircle
 10
0.0
 20
0.0
 30
0.0
 40
130.0
100
AcDbArc
 50
11.9111198185997
 51
15.0
  0
ARC
  5
2E8
330
6F
100
AcDbEntity
  8
_MotorCAD313_
100
AcDbCircle
 10
0.0
 20
0.0
 30
0.0
 40
130.0
100
AcDbArc
 50
15.0
 51
18.0888801814003
  0
LINE
  5
2EA
330
6F
100
AcDbEntity
  8
_MotorCAD314_
100
AcDbLine
 10
124.521811301387
 20
40.6853929801991
 30
0.0
 11
123.574881171892
 21
40.3639535148959
 31
0.0
  0
LINE
  5
2EC
330
6F
100
AcDbEntity
  8
_MotorCAD315_
100
AcDbLine
 10
127.1262607928
 20
38.4013520771766
 30
0.0
 11
124.521811301387
 21
40.6853929801991
 31
0.0
  0
LINE
  5
2EE
330
6F
100
AcDbEntity
  8
_MotorCAD316_
100
AcDbLine
 10
157.689948960557
 20
48.7763261922937
 30
0.0
 11
127.1262607928
 21
38.4013520771766
 31
0.0
  0
LINE
  5
2F0
330
6F
100
AcDbEntity
  8
_MotorCAD317_
100
AcDbLine
 10
157.689948960557
 20
48.7763261922937
 30
0.0
 11
156.243471366692
 21
53.03751177502171
 31
0.0
  0
LINE
  5
2F2
330
6F
100
AcDbEntity
  8
_MotorCAD318_
100
AcDbLine
 10
156.243471366692
 20
53.03751177502171
 30
0.0
 11
154.796993772828
 21
57.2986973577496
 31
0.0
  0
LINE
  5
2F4
330
6F
100
AcDbEntity
  8
_MotorCAD319_
100
AcDbLine
 10
154.796993772828
 20
57.2986973577496
 30
0.0
 11
124.233305605072
 21
46.92372324263259
 31
0.0
  0
LINE
  5
2F6
330
6F
100
AcDbEntity
  8
_MotorCAD320_
100
AcDbLine
 10
124.233305605072
 20
46.92372324263259
 30
0.0
 11
123.557492905478
 21
43.5261833686843
 31
0.0
  0
LINE
  5
2F8
330
6F
100
AcDbEntity
  8
_MotorCAD321_
100
AcDbLine
 10
123.557492905478
 20
43.5261833686843
 30
0.0
 11
122.610562775983
 21
43.2047439033812
 31
0.0
  0
ARC
  5
2FA
330
6F
100
AcDbEntity
  8
_MotorCAD322_
100
AcDbCircle
 10
0.0
 20
0.0
 30
0.0
 40
130.0
100
AcDbArc
 50
19.4111198185997
 51
22.5
  0
ARC
  5
2FC
330
6F
100
AcDbEntity
  8
_MotorCAD323_
100
AcDbCircle
 10
0.0
 20
0.0
 30
0.0
 40
130.0
100
AcDbArc
 50
22.5
 51
25.5888801814003
  0
LINE
  5
2FE
330
6F
100
AcDbEntity
  8
_MotorCAD324_
100
AcDbLine
 10
118.146000519038
 20
56.59068168070639
 30
0.0
 11
117.249127777505
 21
56.14839299048739
 31
0.0
  0
LINE
  5
300
330
6F
100
AcDbEntity
  8
_MotorCAD325_
100
AcDbLine
 10
121.026295745953
 20
54.6661299391807
 30
0.0
 11
118.146000519038
 21
56.59068168070639
 31
0.0
  0
LINE
  5
302
330
6F
100
AcDbEntity
  8
_MotorCAD326_
100
AcDbLine
 10
149.974301458879
 20
68.94170654923811
 30
0.0
 11
121.026295745953
 21
54.6661299391807
 31
0.0
  0
LINE
  5
304
330
6F
100
AcDbEntity
  8
_MotorCAD327_
100
AcDbLine
 10
149.974301458879
 20
68.94170654923811
 30
0.0
 11
147.984002352894
 21
72.97763388613521
 31
0.0
  0
LINE
  5
306
330
6F
100
AcDbEntity
  8
_MotorCAD328_
100
AcDbLine
 10
147.984002352894
 20
72.97763388613521
 30
0.0
 11
145.993703246908
 21
77.01356122303241
 31
0.0
  0
LINE
  5
308
330
6F
100
AcDbEntity
  8
_MotorCAD329_
100
AcDbLine
 10
145.993703246908
 20
77.01356122303241
 30
0.0
 11
117.045697533982
 21
62.7379846129749
 31
0.0
  0
LINE
  5
30A
330
6F
100
AcDbEntity
  8
_MotorCAD330_
100
AcDbLine
 10
117.045697533982
 20
62.7379846129749
 30
0.0
 11
116.819134448381
 21
59.2812999053042
 31
0.0
  0
LINE
  5
30C
330
6F
100
AcDbEntity
  8
_MotorCAD331_
100
AcDbLine
 10
116.819134448381
 20
59.2812999053042
 30
0.0
 11
115.922261706848
 21
58.83901121508539
 31
0.0
  0
ARC
  5
30E
330
6F
100
AcDbEntity
  8
_MotorCAD332_
100
AcDbCircle
 10
0.0
 20
0.0
 30
0.0
 40
130.0
100
AcDbArc
 50
26.9111198185997
 51
30.0
  0
ARC
  5
310
330
6F
100
AcDbEntity
  8
_MotorCAD333_
100
AcDbCircle
 10
0.0
 20
0.0
 30
0.0
 40
130.0
100
AcDbArc
 50
30.0
 51
33.0888801814003
  0
LINE
  5
312
330
6F
100
AcDbEntity
  8
_MotorCAD334_
100
AcDbLine
 10
109.748678911548
 20
71.52768812775559
 30
0.0
 11
108.917209299246
 21
70.972117894736
 31
0.0
  0
LINE
  5
314
330
6F
100
AcDbEntity
  8
_MotorCAD335_
100
AcDbLine
 10
112.855537224065
 20
69.9955551616108
 30
0.0
 11
109.748678911548
 21
71.52768812775559
 31
0.0
  0
LINE
  5
316
330
6F
100
AcDbEntity
  8
_MotorCAD336_
100
AcDbLine
 10
139.692552078508
 20
87.9274751928729
 30
0.0
 11
112.855537224065
 21
69.9955551616108
 31
0.0
  0
LINE
  5
318
330
6F
100
AcDbEntity
  8
_MotorCAD337_
100
AcDbLine
 10
139.692552078508
 20
87.9274751928729
 30
0.0
 11
137.19248602992
 21
91.6690884482343
 31
0.0
  0
LINE
  5
31A
330
6F
100
AcDbEntity
  8
_MotorCAD338_
100
AcDbLine
 10
137.19248602992
 20
91.6690884482343
 30
0.0
 11
134.692419981332
 21
95.4107017035958
 31
0.0
  0
LINE
  5
31C
330
6F
100
AcDbEntity
  8
_MotorCAD339_
100
AcDbLine
 10
134.692419981332
 20
95.4107017035958
 30
0.0
 11
107.855405126888
 21
77.47878167233371
 31
0.0
  0
LINE
  5
31E
330
6F
100
AcDbEntity
  8
_MotorCAD340_
100
AcDbLine
 10
108.081968212489
 20
74.022096964663
 30
0.0
 11
107.855405126888
 21
77.47878167233371
 31
0.0
  0
LINE
  5
320
330
6F
100
AcDbEntity
  8
_MotorCAD341_
100
AcDbLine
 10
108.081968212489
 20
74.022096964663
 30
0.0
 11
107.250498600187
 21
73.46652673164371
 31
0.0
  0
ARC
  5
322
330
6F
100
AcDbEntity
  8
_MotorCAD342_
100
AcDbCircle
 10
0.0
 20
0.0
 30
0.0
 40
130.0
100
AcDbArc
 50
34.4111198185997
 51
37.5
  0
ARC
  5
324
330
6F
100
AcDbEntity
  8
_MotorCAD343_
100
AcDbCircle
 10
0.0
 20
0.0
 30
0.0
 40
130.0
100
AcDbArc
 50
37.5
 51
40.5888801814003
  0
LINE
  5
326
330
6F
100
AcDbEntity
  8
_MotorCAD344_
100
AcDbLine
 10
99.4735269797994
 20
85.2408359997173
 30
0.0
 11
98.72168717232041
 21
84.58149018461721
 31
0.0
  0
LINE
  5
328
330
6F
100
AcDbEntity
  8
_MotorCAD345_
100
AcDbLine
 10
102.753789170806
 20
84.12733702879158
 30
0.0
 11
99.4735269797994
 21
85.2408359997173
 31
0.0
  0
LINE
  5
32A
330
6F
100
AcDbEntity
  8
_MotorCAD346_
100
AcDbLine
 10
127.020624401982
 20
105.408780357856
 30
0.0
 11
102.753789170806
 21
84.12733702879158
 31
0.0
  0
LINE
  5
32C
330
6F
100
AcDbEntity
  8
_MotorCAD347_
100
AcDbLine
 10
127.020624401982
 20
105.408780357856
 30
0.0
 11
124.053568234031
 21
108.792059491511
 31
0.0
  0
LINE
  5
32E
330
6F
100
AcDbEntity
  8
_MotorCAD348_
100
AcDbLine
 10
124.053568234031
 20
108.792059491511
 30
0.0
 11
121.086512066081
 21
112.175338625167
 31
0.0
  0
LINE
  5
330
330
6F
100
AcDbEntity
  8
_MotorCAD349_
100
AcDbLine
 10
121.086512066081
 20
112.175338625167
 30
0.0
 11
96.8196768349054
 21
90.89389529610242
 31
0.0
  0
LINE
  5
332
330
6F
100
AcDbEntity
  8
_MotorCAD350_
100
AcDbLine
 10
97.4954895344992
 20
87.49635542215409
 30
0.0
 11
96.8196768349054
 21
90.89389529610242
 31
0.0
  0
LINE
  5
334
330
6F
100
AcDbEntity
  8
_MotorCAD351_
100
AcDbLine
 10
97.4954895344992
 20
87.49635542215409
 30
0.0
 11
96.74364972702022
 21
86.8370096070542
 31
0.0
  0
ARC
  5
336
330
6F
100
AcDbEntity
  8
_MotorCAD352_
100
AcDbCircle
 10
0.0
 20
0.0
 30
0.0
 40
130.0
100
AcDbArc
 50
41.91111981859979
 51
45.0
  0
ARC
  5
338
330
6F
100
AcDbEntity
  8
_MotorCAD353_
100
AcDbCircle
 10
0.0
 20
0.0
 30
0.0
 40
130.0
100
AcDbArc
 50
45.0
 51
48.0888801814002
  0
LINE
  5
33A
330
6F
100
AcDbEntity
  8
_MotorCAD354_
100
AcDbLine
 10
87.4963554221542
 20
97.4954895344992
 30
0.0
 11
86.8370096070542
 21
96.74364972702022
 31
0.0
  0
LINE
  5
33C
330
6F
100
AcDbEntity
  8
_MotorCAD355_
100
AcDbLine
 10
90.89389529610242
 20
96.8196768349054
 30
0.0
 11
87.4963554221542
 21
97.4954895344992
 31
0.0
  0
LINE
  5
33E
330
6F
100
AcDbEntity
  8
_MotorCAD356_
100
AcDbLine
 10
112.175338625167
 20
121.086512066081
 30
0.0
 11
90.89389529610242
 21
96.8196768349054
 31
0.0
  0
LINE
  5
340
330
6F
100
AcDbEntity
  8
_MotorCAD357_
100
AcDbLine
 10
112.175338625167
 20
121.086512066081
 30
0.0
 11
108.792059491511
 21
124.053568234031
 31
0.0
  0
LINE
  5
342
330
6F
100
AcDbEntity
  8
_MotorCAD358_
100
AcDbLine
 10
108.792059491511
 20
124.053568234031
 30
0.0
 11
105.408780357856
 21
127.020624401982
 31
0.0
  0
LINE
  5
344
330
6F
100
AcDbEntity
  8
_MotorCAD359_
100
AcDbLine
 10
105.408780357856
 20
127.020624401982
 30
0.0
 11
84.12733702879158
 21
102.753789170806
 31
0.0
  0
LINE
  5
346
330
6F
100
AcDbEntity
  8
_MotorCAD360_
100
AcDbLine
 10
85.2408359997173
 20
99.4735269797994
 30
0.0
 11
84.12733702879158
 21
102.753789170806
 31
0.0
  0
LINE
  5
348
330
6F
100
AcDbEntity
  8
_MotorCAD361_
100
AcDbLine
 10
85.2408359997173
 20
99.4735269797994
 30
0.0
 11
84.5814901846173
 21
98.72168717232041
 31
0.0
  0
ARC
  5
34A
330
6F
100
AcDbEntity
  8
_MotorCAD362_
100
AcDbCircle
 10
0.0
 20
0.0
 30
0.0
 40
130.0
100
AcDbArc
 50
49.4111198185997
 51
52.5
  0
ARC
  5
34C
330
6F
100
AcDbEntity
  8
_MotorCAD363_
100
AcDbCircle
 10
0.0
 20
0.0
 30
0.0
 40
130.0
100
AcDbArc
 50
52.5
 51
55.58888018140029
  0
LINE
  5
34E
330
6F
100
AcDbEntity
  8
_MotorCAD364_
100
AcDbLine
 10
74.02209696466329
 20
108.081968212489
 30
0.0
 11
73.46652673164371
 21
107.250498600187
 31
0.0
  0
LINE
  5
350
330
6F
100
AcDbEntity
  8
_MotorCAD365_
100
AcDbLine
 10
77.47878167233371
 20
107.855405126888
 30
0.0
 11
74.02209696466329
 21
108.081968212489
 31
0.0
  0
LINE
  5
352
330
6F
100
AcDbEntity
  8
_MotorCAD366_
100
AcDbLine
 10
95.4107017035958
 20
134.692419981332
 30
0.0
 11
77.47878167233371
 21
107.855405126888
 31
0.0
  0
LINE
  5
354
330
6F
100
AcDbEntity
  8
_MotorCAD367_
100
AcDbLine
 10
95.4107017035958
 20
134.692419981332
 30
0.0
 11
91.6690884482344
 21
137.19248602992
 31
0.0
  0
LINE
  5
356
330
6F
100
AcDbEntity
  8
_MotorCAD368_
100
AcDbLine
 10
91.6690884482344
 20
137.19248602992
 30
0.0
 11
87.9274751928728
 21
139.692552078508
 31
0.0
  0
LINE
  5
358
330
6F
100
AcDbEntity
  8
_MotorCAD369_
100
AcDbLine
 10
87.9274751928728
 20
139.692552078508
 30
0.0
 11
69.9955551616108
 21
112.855537224065
 31
0.0
  0
LINE
  5
35A
330
6F
100
AcDbEntity
  8
_MotorCAD370_
100
AcDbLine
 10
71.52768812775559
 20
109.748678911548
 30
0.0
 11
69.9955551616108
 21
112.855537224065
 31
0.0
  0
LINE
  5
35C
330
6F
100
AcDbEntity
  8
_MotorCAD371_
100
AcDbLine
 10
71.52768812775559
 20
109.748678911548
 30
0.0
 11
70.972117894736
 21
108.917209299246
 31
0.0
  0
ARC
  5
35E
330
6F
100
AcDbEntity
  8
_MotorCAD372_
100
AcDbCircle
 10
0.0
 20
0.0
 30
0.0
 40
130.0
100
AcDbArc
 50
56.91111981859971
 51
60.0
  0
ARC
  5
360
330
6F
100
AcDbEntity
  8
_MotorCAD373_
100
AcDbCircle
 10
0.0
 20
0.0
 30
0.0
 40
130.0
100
AcDbArc
 50
60.0
 51
63.0888801814003
  0
LINE
  5
362
330
6F
100
AcDbEntity
  8
_MotorCAD374_
100
AcDbLine
 10
59.2812999053044
 20
116.819134448381
 30
0.0
 11
58.8390112150855
 21
115.922261706848
 31
0.0
  0
LINE
  5
364
330
6F
100
AcDbEntity
  8
_MotorCAD375_
100
AcDbLine
 10
62.7379846129749
 20
117.045697533982
 30
0.0
 11
59.2812999053044
 21
116.819134448381
 31
0.0
  0
LINE
  5
366
330
6F
100
AcDbEntity
  8
_MotorCAD376_
100
AcDbLine
 10
77.0135612230323
 20
145.993703246908
 30
0.0
 11
62.7379846129749
 21
117.045697533982
 31
0.0
  0
LINE
  5
368
330
6F
100
AcDbEntity
  8
_MotorCAD377_
100
AcDbLine
 10
77.0135612230323
 20
145.993703246908
 30
0.0
 11
72.97763388613521
 21
147.984002352894
 31
0.0
  0
LINE
  5
36A
330
6F
100
AcDbEntity
  8
_MotorCAD378_
100
AcDbLine
 10
72.97763388613521
 20
147.984002352894
 30
0.0
 11
68.94170654923811
 21
149.974301458879
 31
0.0
  0
LINE
  5
36C
330
6F
100
AcDbEntity
  8
_MotorCAD379_
100
AcDbLine
 10
68.94170654923811
 20
149.974301458879
 30
0.0
 11
54.6661299391807
 21
121.026295745953
 31
0.0
  0
LINE
  5
36E
330
6F
100
AcDbEntity
  8
_MotorCAD380_
100
AcDbLine
 10
56.59068168070639
 20
118.146000519038
 30
0.0
 11
54.6661299391807
 21
121.026295745953
 31
0.0
  0
LINE
  5
370
330
6F
100
AcDbEntity
  8
_MotorCAD381_
100
AcDbLine
 10
56.59068168070639
 20
118.146000519038
 30
0.0
 11
56.14839299048739
 21
117.249127777505
 31
0.0
  0
ARC
  5
372
330
6F
100
AcDbEntity
  8
_MotorCAD382_
100
AcDbCircle
 10
0.0
 20
0.0
 30
0.0
 40
130.0
100
AcDbArc
 50
64.4111198185997
 51
67.5
  0
ARC
  5
374
330
6F
100
AcDbEntity
  8
_MotorCAD383_
100
AcDbCircle
 10
0.0
 20
0.0
 30
0.0
 40
130.0
100
AcDbArc
 50
67.5
 51
70.5888801814002
  0
LINE
  5
376
330
6F
100
AcDbEntity
  8
_MotorCAD384_
100
AcDbLine
 10
43.5261833686844
 20
123.557492905478
 30
0.0
 11
43.2047439033812
 21
122.610562775983
 31
0.0
  0
LINE
  5
378
330
6F
100
AcDbEntity
  8
_MotorCAD385_
100
AcDbLine
 10
46.92372324263259
 20
124.233305605072
 30
0.0
 11
43.5261833686844
 21
123.557492905478
 31
0.0
  0
LINE
  5
37A
330
6F
100
AcDbEntity
  8
_MotorCAD386_
100
AcDbLine
 10
57.2986973577496
 20
154.796993772828
 30
0.0
 11
46.92372324263259
 21
124.233305605072
 31
0.0
  0
LINE
  5
37C
330
6F
100
AcDbEntity
  8
_MotorCAD387_
100
AcDbLine
 10
57.2986973577496
 20
154.796993772828
 30
0.0
 11
53.03751177502171
 21
156.243471366692
 31
0.0
  0
LINE
  5
37E
330
6F
100
AcDbEntity
  8
_MotorCAD388_
100
AcDbLine
 10
53.03751177502171
 20
156.243471366692
 30
0.0
 11
48.7763261922937
 21
157.689948960557
 31
0.0
  0
LINE
  5
380
330
6F
100
AcDbEntity
  8
_MotorCAD389_
100
AcDbLine
 10
48.7763261922937
 20
157.689948960557
 30
0.0
 11
38.4013520771766
 21
127.1262607928
 31
0.0
  0
LINE
  5
382
330
6F
100
AcDbEntity
  8
_MotorCAD390_
100
AcDbLine
 10
40.6853929801991
 20
124.521811301387
 30
0.0
 11
38.4013520771766
 21
127.1262607928
 31
0.0
  0
LINE
  5
384
330
6F
100
AcDbEntity
  8
_MotorCAD391_
100
AcDbLine
 10
40.6853929801991
 20
124.521811301387
 30
0.0
 11
40.3639535148959
 21
123.574881171892
 31
0.0
  0
ARC
  5
386
330
6F
100
AcDbEntity
  8
_MotorCAD392_
100
AcDbCircle
 10
0.0
 20
0.0
 30
0.0
 40
130.0
100
AcDbArc
 50
71.9111198185997
 51
75.0
  0
ARC
  5
388
330
6F
100
AcDbEntity
  8
_MotorCAD393_
100
AcDbCircle
 10
0.0
 20
0.0
 30
0.0
 40
130.0
100
AcDbArc
 50
75.0
 51
78.0888801814003
  0
LINE
  5
38A
330
6F
100
AcDbEntity
  8
_MotorCAD394_
100
AcDbLine
 10
27.0263217668883
 20
128.181748402353
 30
0.0
 11
26.8312314448721
 21
127.20096312195
 31
0.0
  0
LINE
  5
38C
330
6F
100
AcDbEntity
  8
_MotorCAD395_
100
AcDbLine
 10
30.3065839578949
 20
129.295247373279
 30
0.0
 11
27.0263217668883
 21
128.181748402353
 31
0.0
  0
LINE
  5
38E
330
6F
100
AcDbEntity
  8
_MotorCAD396_
100
AcDbLine
 10
36.60343689447571
 20
160.95166481746
 30
0.0
 11
30.3065839578949
 21
129.295247373279
 31
0.0
  0
LINE
  5
390
330
6F
100
AcDbEntity
  8
_MotorCAD397_
100
AcDbLine
 10
36.60343689447571
 20
160.95166481746
 30
0.0
 11
32.1899031326612
 21
161.829571266533
 31
0.0
  0
LINE
  5
392
330
6F
100
AcDbEntity
  8
_MotorCAD398_
100
AcDbLine
 10
32.1899031326612
 20
161.829571266533
 30
0.0
 11
27.7763693708466
 21
162.707477715606
 31
0.0
  0
LINE
  5
394
330
6F
100
AcDbEntity
  8
_MotorCAD399_
100
AcDbLine
 10
27.7763693708466
 20
162.707477715606
 30
0.0
 11
21.4795164342658
 21
131.051060271424
 31
0.0
  0
LINE
  5
396
330
6F
100
AcDbEntity
  8
_MotorCAD400_
100
AcDbLine
 10
24.0839659256786
 20
128.767019368402
 30
0.0
 11
21.4795164342658
 21
131.051060271424
 31
0.0
  0
LINE
  5
398
330
6F
100
AcDbEntity
  8
_MotorCAD401_
100
AcDbLine
 10
24.0839659256786
 20
128.767019368402
 30
0.0
 11
23.8888756036624
 21
127.786234087998
 31
0.0
  0
ARC
  5
39A
330
6F
100
AcDbEntity
  8
_MotorCAD402_
100
AcDbCircle
 10
0.0
 20
0.0
 30
0.0
 40
130.0
100
AcDbArc
 50
79.4111198185997
 51
82.5
  0
ARC
  5
39C
330
6F
100
AcDbEntity
  8
_MotorCAD403_
100
AcDbCircle
 10
0.0
 20
0.0
 30
0.0
 40
130.0
100
AcDbArc
 50
82.5
 51
85.5888801814002
  0
LINE
  5
39E
330
6F
100
AcDbEntity
  8
_MotorCAD404_
100
AcDbLine
 10
10.0640323065487
 20
130.61277864537
 30
0.0
 11
9.99862917731855
 21
129.614919722131
 31
0.0
  0
LINE
  5
3A0
330
6F
100
AcDbEntity
  8
_MotorCAD405_
100
AcDbLine
 10
13.1708906190651
 20
132.144911611514
 30
0.0
 11
10.0640323065487
 21
130.61277864537
 31
0.0
  0
LINE
  5
3A2
330
6F
100
AcDbEntity
  8
_MotorCAD406_
100
AcDbLine
 10
15.2818814775473
 20
164.352408252834
 30
0.0
 11
13.1708906190651
 21
132.144911611514
 31
0.0
  0
LINE
  5
3A4
330
6F
100
AcDbEntity
  8
_MotorCAD407_
100
AcDbLine
 10
15.2818814775473
 20
164.352408252834
 30
0.0
 11
10.7915163229736
 21
164.64672233437
 31
0.0
  0
LINE
  5
3A6
330
6F
100
AcDbEntity
  8
_MotorCAD408_
100
AcDbLine
 10
10.7915163229736
 20
164.64672233437
 30
0.0
 11
6.301151168399869
 21
164.941036415905
 31
0.0
  0
LINE
  5
3A8
330
6F
100
AcDbEntity
  8
_MotorCAD409_
100
AcDbLine
 10
6.301151168399869
 20
164.941036415905
 30
0.0
 11
4.190160309917649
 21
132.7335397745859
 31
0.0
  0
LINE
  5
3AA
330
6F
100
AcDbEntity
  8
_MotorCAD410_
100
AcDbLine
 10
7.070455536832899
 20
130.80898803306
 30
0.0
 11
4.190160309917649
 21
132.7335397745859
 31
0.0
  0
LINE
  5
3AC
330
6F
100
AcDbEntity
  8
_MotorCAD411_
100
AcDbLine
 10
7.070455536832899
 20
130.80898803306
 30
0.0
 11
7.00505240760274
 21
129.811129109821
 31
0.0
  0
ARC
  5
3AE
330
6F
100
AcDbEntity
  8
_MotorCAD412_
100
AcDbCircle
 10
0.0
 20
0.0
 30
0.0
 40
130.0
100
AcDbArc
 50
86.9111198185997
 51
90.0
  0
ARC
  5
3B0
330
6F
100
AcDbEntity
  8
_MotorCAD413_
100
AcDbCircle
 10
0.0
 20
0.0
 30
0.0
 40
130.0
100
AcDbArc
 50
90.0
 51
93.08888018140018
  0
LINE
  5
3B2
330
6F
100
AcDbEntity
  8
_MotorCAD414_
100
AcDbLine
 10
-7.005052407602709
 20
129.811129109821
 30
0.0
 11
-7.07045553683286
 21
130.80898803306
 31
0.0
  0
LINE
  5
3B4
330
6F
100
AcDbEntity
  8
_MotorCAD415_
100
AcDbLine
 10
-4.19016030991762
 20
132.7335397745859
 30
0.0
 11
-7.07045553683286
 21
130.80898803306
 31
0.0
  0
LINE
  5
3B6
330
6F
100
AcDbEntity
  8
_MotorCAD416_
100
AcDbLine
 10
-4.19016030991762
 20
132.7335397745859
 30
0.0
 11
-6.301151168399869
 21
164.941036415905
 31
0.0
  0
LINE
  5
3B8
330
6F
100
AcDbEntity
  8
_MotorCAD417_
100
AcDbLine
 10
-6.301151168399869
 20
164.941036415905
 30
0.0
 11
-10.7915163229736
 21
164.64672233437
 31
0.0
  0
LINE
  5
3BA
330
6F
100
AcDbEntity
  8
_MotorCAD418_
100
AcDbLine
 10
-10.7915163229736
 20
164.64672233437
 30
0.0
 11
-15.2818814775473
 21
164.352408252834
 31
0.0
  0
LINE
  5
3BC
330
6F
100
AcDbEntity
  8
_MotorCAD419_
100
AcDbLine
 10
-13.1708906190651
 20
132.144911611514
 30
0.0
 11
-15.2818814775473
 21
164.352408252834
 31
0.0
  0
LINE
  5
3BE
330
6F
100
AcDbEntity
  8
_MotorCAD420_
100
AcDbLine
 10
-10.0640323065486
 20
130.61277864537
 30
0.0
 11
-13.1708906190651
 21
132.144911611514
 31
0.0
  0
LINE
  5
3C0
330
6F
100
AcDbEntity
  8
_MotorCAD421_
100
AcDbLine
 10
-9.998629177318528
 20
129.614919722131
 30
0.0
 11
-10.0640323065486
 21
130.61277864537
 31
0.0
  0
ARC
  5
3C2
330
6F
100
AcDbEntity
  8
_MotorCAD422_
100
AcDbCircle
 10
0.0
 20
0.0
 30
0.0
 40
130.0
100
AcDbArc
 50
94.4111198185997
 51
97.50000000000001
  0
ARC
  5
3C4
330
6F
100
AcDbEntity
  8
_MotorCAD423_
100
AcDbCircle
 10
0.0
 20
0.0
 30
0.0
 40
130.0
100
AcDbArc
 50
97.50000000000001
 51
100.5888801814
  0
LINE
  5
3C6
330
6F
100
AcDbEntity
  8
_MotorCAD424_
100
AcDbLine
 10
-23.8888756036625
 20
127.786234087998
 30
0.0
 11
-24.0839659256786
 21
128.767019368402
 31
0.0
  0
LINE
  5
3C8
330
6F
100
AcDbEntity
  8
_MotorCAD425_
100
AcDbLine
 10
-21.4795164342658
 20
131.051060271424
 30
0.0
 11
-24.0839659256786
 21
128.767019368402
 31
0.0
  0
LINE
  5
3CA
330
6F
100
AcDbEntity
  8
_MotorCAD426_
100
AcDbLine
 10
-21.4795164342658
 20
131.051060271424
 30
0.0
 11
-27.7763693708466
 21
162.707477715606
 31
0.0
  0
LINE
  5
3CC
330
6F
100
AcDbEntity
  8
_MotorCAD427_
100
AcDbLine
 10
-27.7763693708466
 20
162.707477715606
 30
0.0
 11
-32.1899031326612
 21
161.829571266533
 31
0.0
  0
LINE
  5
3CE
330
6F
100
AcDbEntity
  8
_MotorCAD428_
100
AcDbLine
 10
-32.1899031326612
 20
161.829571266533
 30
0.0
 11
-36.60343689447571
 21
160.95166481746
 31
0.0
  0
LINE
  5
3D0
330
6F
100
AcDbEntity
  8
_MotorCAD429_
100
AcDbLine
 10
-30.3065839578949
 20
129.295247373279
 30
0.0
 11
-36.60343689447571
 21
160.95166481746
 31
0.0
  0
LINE
  5
3D2
330
6F
100
AcDbEntity
  8
_MotorCAD430_
100
AcDbLine
 10
-27.0263217668882
 20
128.181748402353
 30
0.0
 11
-30.3065839578949
 21
129.295247373279
 31
0.0
  0
LINE
  5
3D4
330
6F
100
AcDbEntity
  8
_MotorCAD431_
100
AcDbLine
 10
-26.8312314448721
 20
127.20096312195
 30
0.0
 11
-27.0263217668882
 21
128.181748402353
 31
0.0
  0
ARC
  5
3D6
330
6F
100
AcDbEntity
  8
_MotorCAD432_
100
AcDbCircle
 10
0.0
 20
0.0
 30
0.0
 40
130.0
100
AcDbArc
 50
101.9111198186
 51
105.0
  0
ARC
  5
3D8
330
6F
100
AcDbEntity
  8
_MotorCAD433_
100
AcDbCircle
 10
0.0
 20
0.0
 30
0.0
 40
130.0
100
AcDbArc
 50
105.0
 51
108.0888801814
  0
LINE
  5
3DA
330
6F
100
AcDbEntity
  8
_MotorCAD434_
100
AcDbLine
 10
-40.3639535148959
 20
123.574881171892
 30
0.0
 11
-40.6853929801991
 21
124.521811301387
 31
0.0
  0
LINE
  5
3DC
330
6F
100
AcDbEntity
  8
_MotorCAD435_
100
AcDbLine
 10
-38.4013520771766
 20
127.1262607928
 30
0.0
 11
-40.6853929801991
 21
124.521811301387
 31
0.0
  0
LINE
  5
3DE
330
6F
100
AcDbEntity
  8
_MotorCAD436_
100
AcDbLine
 10
-38.4013520771766
 20
127.1262607928
 30
0.0
 11
-48.7763261922937
 21
157.689948960557
 31
0.0
  0
LINE
  5
3E0
330
6F
100
AcDbEntity
  8
_MotorCAD437_
100
AcDbLine
 10
-48.7763261922937
 20
157.689948960557
 30
0.0
 11
-53.03751177502171
 21
156.243471366692
 31
0.0
  0
LINE
  5
3E2
330
6F
100
AcDbEntity
  8
_MotorCAD438_
100
AcDbLine
 10
-53.03751177502171
 20
156.243471366692
 30
0.0
 11
-57.2986973577497
 21
154.796993772828
 31
0.0
  0
LINE
  5
3E4
330
6F
100
AcDbEntity
  8
_MotorCAD439_
100
AcDbLine
 10
-46.92372324263259
 20
124.233305605072
 30
0.0
 11
-57.2986973577497
 21
154.796993772828
 31
0.0
  0
LINE
  5
3E6
330
6F
100
AcDbEntity
  8
_MotorCAD440_
100
AcDbLine
 10
-43.5261833686844
 20
123.557492905478
 30
0.0
 11
-46.92372324263259
 21
124.233305605072
 31
0.0
  0
LINE
  5
3E8
330
6F
100
AcDbEntity
  8
_MotorCAD441_
100
AcDbLine
 10
-43.2047439033812
 20
122.610562775983
 30
0.0
 11
-43.5261833686844
 21
123.557492905478
 31
0.0
  0
ARC
  5
3EA
330
6F
100
AcDbEntity
  8
_MotorCAD442_
100
AcDbCircle
 10
0.0
 20
0.0
 30
0.0
 40
130.0
100
AcDbArc
 50
109.4111198186
 51
112.5
  0
ARC
  5
3EC
330
6F
100
AcDbEntity
  8
_MotorCAD443_
100
AcDbCircle
 10
0.0
 20
0.0
 30
0.0
 40
130.0
100
AcDbArc
 50
112.5
 51
115.5888801814
  0
LINE
  5
3EE
330
6F
100
AcDbEntity
  8
_MotorCAD444_
100
AcDbLine
 10
-56.14839299048739
 20
117.249127777505
 30
0.0
 11
-56.59068168070639
 21
118.146000519038
 31
0.0
  0
LINE
  5
3F0
330
6F
100
AcDbEntity
  8
_MotorCAD445_
100
AcDbLine
 10
-54.6661299391807
 20
121.026295745953
 30
0.0
 11
-56.59068168070639
 21
118.146000519038
 31
0.0
  0
LINE
  5
3F2
330
6F
100
AcDbEntity
  8
_MotorCAD446_
100
AcDbLine
 10
-54.6661299391807
 20
121.026295745953
 30
0.0
 11
-68.94170654923811
 21
149.974301458879
 31
0.0
  0
LINE
  5
3F4
330
6F
100
AcDbEntity
  8
_MotorCAD447_
100
AcDbLine
 10
-68.94170654923811
 20
149.974301458879
 30
0.0
 11
-72.97763388613521
 21
147.984002352894
 31
0.0
  0
LINE
  5
3F6
330
6F
100
AcDbEntity
  8
_MotorCAD448_
100
AcDbLine
 10
-72.97763388613521
 20
147.984002352894
 30
0.0
 11
-77.0135612230323
 21
145.993703246908
 31
0.0
  0
LINE
  5
3F8
330
6F
100
AcDbEntity
  8
_MotorCAD449_
100
AcDbLine
 10
-62.7379846129749
 20
117.045697533982
 30
0.0
 11
-77.0135612230323
 21
145.993703246908
 31
0.0
  0
LINE
  5
3FA
330
6F
100
AcDbEntity
  8
_MotorCAD450_
100
AcDbLine
 10
-59.2812999053044
 20
116.819134448381
 30
0.0
 11
-62.7379846129749
 21
117.045697533982
 31
0.0
  0
LINE
  5
3FC
330
6F
100
AcDbEntity
  8
_MotorCAD451_
100
AcDbLine
 10
-58.83901121508539
 20
115.922261706848
 30
0.0
 11
-59.2812999053044
 21
116.819134448381
 31
0.0
  0
ARC
  5
3FE
330
6F
100
AcDbEntity
  8
_MotorCAD452_
100
AcDbCircle
 10
0.0
 20
0.0
 30
0.0
 40
130.0
100
AcDbArc
 50
116.9111198186
 51
120.0
  0
ARC
  5
400
330
6F
100
AcDbEntity
  8
_MotorCAD453_
100
AcDbCircle
 10
0.0
 20
0.0
 30
0.0
 40
130.0
100
AcDbArc
 50
120.0
 51
123.0888801814
  0
LINE
  5
402
330
6F
100
AcDbEntity
  8
_MotorCAD454_
100
AcDbLine
 10
-70.972117894736
 20
108.917209299246
 30
0.0
 11
-71.52768812775559
 21
109.748678911548
 31
0.0
  0
LINE
  5
404
330
6F
100
AcDbEntity
  8
_MotorCAD455_
100
AcDbLine
 10
-69.9955551616108
 20
112.855537224065
 30
0.0
 11
-71.52768812775559
 21
109.748678911548
 31
0.0
  0
LINE
  5
406
330
6F
100
AcDbEntity
  8
_MotorCAD456_
100
AcDbLine
 10
-69.9955551616108
 20
112.855537224065
 30
0.0
 11
-87.9274751928728
 21
139.692552078508
 31
0.0
  0
LINE
  5
408
330
6F
100
AcDbEntity
  8
_MotorCAD457_
100
AcDbLine
 10
-87.9274751928728
 20
139.692552078508
 30
0.0
 11
-91.6690884482343
 21
137.19248602992
 31
0.0
  0
LINE
  5
40A
330
6F
100
AcDbEntity
  8
_MotorCAD458_
100
AcDbLine
 10
-91.6690884482343
 20
137.19248602992
 30
0.0
 11
-95.4107017035958
 21
134.692419981332
 31
0.0
  0
LINE
  5
40C
330
6F
100
AcDbEntity
  8
_MotorCAD459_
100
AcDbLine
 10
-77.47878167233371
 20
107.855405126888
 30
0.0
 11
-95.4107017035958
 21
134.692419981332
 31
0.0
  0
LINE
  5
40E
330
6F
100
AcDbEntity
  8
_MotorCAD460_
100
AcDbLine
 10
-74.02209696466321
 20
108.081968212489
 30
0.0
 11
-77.47878167233371
 21
107.855405126888
 31
0.0
  0
LINE
  5
410
330
6F
100
AcDbEntity
  8
_MotorCAD461_
100
AcDbLine
 10
-73.4665267316436
 20
107.250498600187
 30
0.0
 11
-74.02209696466321
 21
108.081968212489
 31
0.0
  0
ARC
  5
412
330
6F
100
AcDbEntity
  8
_MotorCAD462_
100
AcDbCircle
 10
0.0
 20
0.0
 30
0.0
 40
130.0
100
AcDbArc
 50
124.4111198186
 51
127.5
  0
ARC
  5
414
330
6F
100
AcDbEntity
  8
_MotorCAD463_
100
AcDbCircle
 10
0.0
 20
0.0
 30
0.0
 40
130.0
100
AcDbArc
 50
127.5
 51
130.5888801814
  0
LINE
  5
416
330
6F
100
AcDbEntity
  8
_MotorCAD464_
100
AcDbLine
 10
-84.58149018461721
 20
98.72168717232041
 30
0.0
 11
-85.2408359997173
 21
99.4735269797994
 31
0.0
  0
LINE
  5
418
330
6F
100
AcDbEntity
  8
_MotorCAD465_
100
AcDbLine
 10
-84.12733702879158
 20
102.753789170806
 30
0.0
 11
-85.2408359997173
 21
99.4735269797994
 31
0.0
  0
LINE
  5
41A
330
6F
100
AcDbEntity
  8
_MotorCAD466_
100
AcDbLine
 10
-84.12733702879158
 20
102.753789170806
 30
0.0
 11
-105.408780357856
 21
127.020624401982
 31
0.0
  0
LINE
  5
41C
330
6F
100
AcDbEntity
  8
_MotorCAD467_
100
AcDbLine
 10
-105.408780357856
 20
127.020624401982
 30
0.0
 11
-108.792059491511
 21
124.053568234031
 31
0.0
  0
LINE
  5
41E
330
6F
100
AcDbEntity
  8
_MotorCAD468_
100
AcDbLine
 10
-108.792059491511
 20
124.053568234031
 30
0.0
 11
-112.175338625167
 21
121.086512066081
 31
0.0
  0
LINE
  5
420
330
6F
100
AcDbEntity
  8
_MotorCAD469_
100
AcDbLine
 10
-90.89389529610242
 20
96.8196768349054
 30
0.0
 11
-112.175338625167
 21
121.086512066081
 31
0.0
  0
LINE
  5
422
330
6F
100
AcDbEntity
  8
_MotorCAD470_
100
AcDbLine
 10
-87.4963554221542
 20
97.4954895344992
 30
0.0
 11
-90.89389529610242
 21
96.8196768349054
 31
0.0
  0
LINE
  5
424
330
6F
100
AcDbEntity
  8
_MotorCAD471_
100
AcDbLine
 10
-86.8370096070542
 20
96.74364972702022
 30
0.0
 11
-87.4963554221542
 21
97.4954895344992
 31
0.0
  0
ARC
  5
426
330
6F
100
AcDbEntity
  8
_MotorCAD472_
100
AcDbCircle
 10
0.0
 20
0.0
 30
0.0
 40
130.0
100
AcDbArc
 50
131.9111198186
 51
135.0
  0
ARC
  5
428
330
6F
100
AcDbEntity
  8
_MotorCAD473_
100
AcDbCircle
 10
0.0
 20
0.0
 30
0.0
 40
130.0
100
AcDbArc
 50
135.0
 51
138.0888801814
  0
LINE
  5
42A
330
6F
100
AcDbEntity
  8
_MotorCAD474_
100
AcDbLine
 10
-96.74364972702022
 20
86.8370096070542
 30
0.0
 11
-97.4954895344992
 21
87.4963554221542
 31
0.0
  0
LINE
  5
42C
330
6F
100
AcDbEntity
  8
_MotorCAD475_
100
AcDbLine
 10
-96.8196768349053
 20
90.89389529610242
 30
0.0
 11
-97.4954895344992
 21
87.4963554221542
 31
0.0
  0
LINE
  5
42E
330
6F
100
AcDbEntity
  8
_MotorCAD476_
100
AcDbLine
 10
-96.8196768349053
 20
90.89389529610242
 30
0.0
 11
-121.086512066081
 21
112.175338625167
 31
0.0
  0
LINE
  5
430
330
6F
100
AcDbEntity
  8
_MotorCAD477_
100
AcDbLine
 10
-121.086512066081
 20
112.175338625167
 30
0.0
 11
-124.053568234031
 21
108.792059491511
 31
0.0
  0
LINE
  5
432
330
6F
100
AcDbEntity
  8
_MotorCAD478_
100
AcDbLine
 10
-124.053568234031
 20
108.792059491511
 30
0.0
 11
-127.020624401982
 21
105.408780357856
 31
0.0
  0
LINE
  5
434
330
6F
100
AcDbEntity
  8
_MotorCAD479_
100
AcDbLine
 10
-102.753789170806
 20
84.12733702879158
 30
0.0
 11
-127.020624401982
 21
105.408780357856
 31
0.0
  0
LINE
  5
436
330
6F
100
AcDbEntity
  8
_MotorCAD480_
100
AcDbLine
 10
-99.4735269797994
 20
85.2408359997173
 30
0.0
 11
-102.753789170806
 21
84.12733702879158
 31
0.0
  0
LINE
  5
438
330
6F
100
AcDbEntity
  8
_MotorCAD481_
100
AcDbLine
 10
-98.72168717232041
 20
84.5814901846173
 30
0.0
 11
-99.4735269797994
 21
85.2408359997173
 31
0.0
  0
ARC
  5
43A
330
6F
100
AcDbEntity
  8
_MotorCAD482_
100
AcDbCircle
 10
0.0
 20
0.0
 30
0.0
 40
130.0
100
AcDbArc
 50
139.4111198186
 51
142.5
  0
ARC
  5
43C
330
6F
100
AcDbEntity
  8
_MotorCAD483_
100
AcDbCircle
 10
0.0
 20
0.0
 30
0.0
 40
130.0
100
AcDbArc
 50
142.5
 51
145.5888801814
  0
LINE
  5
43E
330
6F
100
AcDbEntity
  8
_MotorCAD484_
100
AcDbLine
 10
-107.250498600187
 20
73.46652673164371
 30
0.0
 11
-108.081968212489
 21
74.02209696466321
 31
0.0
  0
LINE
  5
440
330
6F
100
AcDbEntity
  8
_MotorCAD485_
100
AcDbLine
 10
-107.855405126888
 20
77.47878167233371
 30
0.0
 11
-108.081968212489
 21
74.02209696466321
 31
0.0
  0
LINE
  5
442
330
6F
100
AcDbEntity
  8
_MotorCAD486_
100
AcDbLine
 10
-107.855405126888
 20
77.47878167233371
 30
0.0
 11
-134.692419981332
 21
95.4107017035959
 31
0.0
  0
LINE
  5
444
330
6F
100
AcDbEntity
  8
_MotorCAD487_
100
AcDbLine
 10
-134.692419981332
 20
95.4107017035959
 30
0.0
 11
-137.19248602992
 21
91.6690884482344
 31
0.0
  0
LINE
  5
446
330
6F
100
AcDbEntity
  8
_MotorCAD488_
100
AcDbLine
 10
-137.19248602992
 20
91.6690884482344
 30
0.0
 11
-139.692552078508
 21
87.9274751928729
 31
0.0
  0
LINE
  5
448
330
6F
100
AcDbEntity
  8
_MotorCAD489_
100
AcDbLine
 10
-112.855537224065
 20
69.9955551616108
 30
0.0
 11
-139.692552078508
 21
87.9274751928729
 31
0.0
  0
LINE
  5
44A
330
6F
100
AcDbEntity
  8
_MotorCAD490_
100
AcDbLine
 10
-109.748678911548
 20
71.52768812775569
 30
0.0
 11
-112.855537224065
 21
69.9955551616108
 31
0.0
  0
LINE
  5
44C
330
6F
100
AcDbEntity
  8
_MotorCAD491_
100
AcDbLine
 10
-108.917209299246
 20
70.97211789473608
 30
0.0
 11
-109.748678911548
 21
71.52768812775569
 31
0.0
  0
ARC
  5
44E
330
6F
100
AcDbEntity
  8
_MotorCAD492_
100
AcDbCircle
 10
0.0
 20
0.0
 30
0.0
 40
130.0
100
AcDbArc
 50
146.9111198186
 51
150.0
  0
ARC
  5
450
330
6F
100
AcDbEntity
  8
_MotorCAD493_
100
AcDbCircle
 10
0.0
 20
0.0
 30
0.0
 40
130.0
100
AcDbArc
 50
150.0
 51
153.0888801814
  0
LINE
  5
452
330
6F
100
AcDbEntity
  8
_MotorCAD494_
100
AcDbLine
 10
-115.922261706848
 20
58.83901121508539
 30
0.0
 11
-116.819134448381
 21
59.2812999053044
 31
0.0
  0
LINE
  5
454
330
6F
100
AcDbEntity
  8
_MotorCAD495_
100
AcDbLine
 10
-116.819134448381
 20
59.2812999053044
 30
0.0
 11
-117.045697533982
 21
62.73798461297499
 31
0.0
  0
LINE
  5
456
330
6F
100
AcDbEntity
  8
_MotorCAD496_
100
AcDbLine
 10
-117.045697533982
 20
62.73798461297499
 30
0.0
 11
-145.993703246908
 21
77.0135612230323
 31
0.0
  0
LINE
  5
458
330
6F
100
AcDbEntity
  8
_MotorCAD497_
100
AcDbLine
 10
-145.993703246908
 20
77.0135612230323
 30
0.0
 11
-147.984002352894
 21
72.97763388613521
 31
0.0
  0
LINE
  5
45A
330
6F
100
AcDbEntity
  8
_MotorCAD498_
100
AcDbLine
 10
-147.984002352894
 20
72.97763388613521
 30
0.0
 11
-149.974301458879
 21
68.94170654923811
 31
0.0
  0
LINE
  5
45C
330
6F
100
AcDbEntity
  8
_MotorCAD499_
100
AcDbLine
 10
-121.026295745953
 20
54.6661299391806
 30
0.0
 11
-149.974301458879
 21
68.94170654923811
 31
0.0
  0
LINE
  5
45E
330
6F
100
AcDbEntity
  8
_MotorCAD500_
100
AcDbLine
 10
-118.146000519038
 20
56.59068168070639
 30
0.0
 11
-121.026295745953
 21
54.6661299391806
 31
0.0
  0
LINE
  5
460
330
6F
100
AcDbEntity
  8
_MotorCAD501_
100
AcDbLine
 10
-117.249127777505
 20
56.14839299048739
 30
0.0
 11
-118.146000519038
 21
56.59068168070639
 31
0.0
  0
ARC
  5
462
330
6F
100
AcDbEntity
  8
_MotorCAD502_
100
AcDbCircle
 10
0.0
 20
0.0
 30
0.0
 40
130.0
100
AcDbArc
 50
154.4111198186
 51
157.5
  0
ARC
  5
464
330
6F
100
AcDbEntity
  8
_MotorCAD503_
100
AcDbCircle
 10
0.0
 20
0.0
 30
0.0
 40
130.0
100
AcDbArc
 50
157.5
 51
160.5888801814
  0
LINE
  5
466
330
6F
100
AcDbEntity
  8
_MotorCAD504_
100
AcDbLine
 10
-122.610562775983
 20
43.2047439033812
 30
0.0
 11
-123.557492905478
 21
43.5261833686844
 31
0.0
  0
LINE
  5
468
330
6F
100
AcDbEntity
  8
_MotorCAD505_
100
AcDbLine
 10
-123.557492905478
 20
43.5261833686844
 30
0.0
 11
-124.233305605072
 21
46.92372324263259
 31
0.0
  0
LINE
  5
46A
330
6F
100
AcDbEntity
  8
_MotorCAD506_
100
AcDbLine
 10
-124.233305605072
 20
46.92372324263259
 30
0.0
 11
-154.796993772828
 21
57.2986973577497
 31
0.0
  0
LINE
  5
46C
330
6F
100
AcDbEntity
  8
_MotorCAD507_
100
AcDbLine
 10
-154.796993772828
 20
57.2986973577497
 30
0.0
 11
-156.243471366692
 21
53.03751177502171
 31
0.0
  0
LINE
  5
46E
330
6F
100
AcDbEntity
  8
_MotorCAD508_
100
AcDbLine
 10
-156.243471366692
 20
53.03751177502171
 30
0.0
 11
-157.689948960557
 21
48.7763261922937
 31
0.0
  0
LINE
  5
470
330
6F
100
AcDbEntity
  8
_MotorCAD509_
100
AcDbLine
 10
-127.1262607928
 20
38.4013520771766
 30
0.0
 11
-157.689948960557
 21
48.7763261922937
 31
0.0
  0
LINE
  5
472
330
6F
100
AcDbEntity
  8
_MotorCAD510_
100
AcDbLine
 10
-124.521811301387
 20
40.6853929801991
 30
0.0
 11
-127.1262607928
 21
38.4013520771766
 31
0.0
  0
LINE
  5
474
330
6F
100
AcDbEntity
  8
_MotorCAD511_
100
AcDbLine
 10
-123.574881171892
 20
40.3639535148959
 30
0.0
 11
-124.521811301387
 21
40.6853929801991
 31
0.0
  0
ARC
  5
476
330
6F
100
AcDbEntity
  8
_MotorCAD512_
100
AcDbCircle
 10
0.0
 20
0.0
 30
0.0
 40
130.0
100
AcDbArc
 50
161.9111198186
 51
165.0
  0
ARC
  5
478
330
6F
100
AcDbEntity
  8
_MotorCAD513_
100
AcDbCircle
 10
0.0
 20
0.0
 30
0.0
 40
130.0
100
AcDbArc
 50
165.0
 51
168.0888801814
  0
LINE
  5
47A
330
6F
100
AcDbEntity
  8
_MotorCAD514_
100
AcDbLine
 10
-127.20096312195
 20
26.8312314448722
 30
0.0
 11
-128.181748402353
 21
27.0263217668883
 31
0.0
  0
LINE
  5
47C
330
6F
100
AcDbEntity
  8
_MotorCAD515_
100
AcDbLine
 10
-128.181748402353
 20
27.0263217668883
 30
0.0
 11
-129.295247373279
 21
30.3065839578949
 31
0.0
  0
LINE
  5
47E
330
6F
100
AcDbEntity
  8
_MotorCAD516_
100
AcDbLine
 10
-129.295247373279
 20
30.3065839578949
 30
0.0
 11
-160.95166481746
 21
36.6034368944758
 31
0.0
  0
LINE
  5
480
330
6F
100
AcDbEntity
  8
_MotorCAD517_
100
AcDbLine
 10
-160.95166481746
 20
36.6034368944758
 30
0.0
 11
-161.829571266533
 21
32.1899031326612
 31
0.0
  0
LINE
  5
482
330
6F
100
AcDbEntity
  8
_MotorCAD518_
100
AcDbLine
 10
-161.829571266533
 20
32.1899031326612
 30
0.0
 11
-162.707477715606
 21
27.7763693708465
 31
0.0
  0
LINE
  5
484
330
6F
100
AcDbEntity
  8
_MotorCAD519_
100
AcDbLine
 10
-131.051060271424
 20
21.4795164342658
 30
0.0
 11
-162.707477715606
 21
27.7763693708465
 31
0.0
  0
LINE
  5
486
330
6F
100
AcDbEntity
  8
_MotorCAD520_
100
AcDbLine
 10
-128.767019368402
 20
24.0839659256786
 30
0.0
 11
-131.051060271424
 21
21.4795164342658
 31
0.0
  0
LINE
  5
488
330
6F
100
AcDbEntity
  8
_MotorCAD521_
100
AcDbLine
 10
-127.786234087998
 20
23.8888756036625
 30
0.0
 11
-128.767019368402
 21
24.0839659256786
 31
0.0
  0
ARC
  5
48A
330
6F
100
AcDbEntity
  8
_MotorCAD522_
100
AcDbCircle
 10
0.0
 20
0.0
 30
0.0
 40
130.0
100
AcDbArc
 50
169.4111198186
 51
172.5
  0
ARC
  5
48C
330
6F
100
AcDbEntity
  8
_MotorCAD523_
100
AcDbCircle
 10
0.0
 20
0.0
 30
0.0
 40
130.0
100
AcDbArc
 50
172.5
 51
175.5888801814
  0
LINE
  5
48E
330
6F
100
AcDbEntity
  8
_MotorCAD524_
100
AcDbLine
 10
-129.614919722131
 20
9.998629177318528
 30
0.0
 11
-130.61277864537
 21
10.0640323065487
 31
0.0
  0
LINE
  5
490
330
6F
100
AcDbEntity
  8
_MotorCAD525_
100
AcDbLine
 10
-130.61277864537
 20
10.0640323065487
 30
0.0
 11
-132.144911611514
 21
13.1708906190651
 31
0.0
  0
LINE
  5
492
330
6F
100
AcDbEntity
  8
_MotorCAD526_
100
AcDbLine
 10
-132.144911611514
 20
13.1708906190651
 30
0.0
 11
-164.352408252834
 21
15.2818814775473
 31
0.0
  0
LINE
  5
494
330
6F
100
AcDbEntity
  8
_MotorCAD527_
100
AcDbLine
 10
-164.352408252834
 20
15.2818814775473
 30
0.0
 11
-164.64672233437
 21
10.7915163229736
 31
0.0
  0
LINE
  5
498
330
6F
100
AcDbEntity
  8
_MotorCAD529_
100
AcDbLine
 10
132.7335397745859
 20
4.190160309917629
 30
0.0
 11
132.43922569305
 21
8.680525464491369
 31
0.0
  0
LINE
  5
49A
330
6F
100
AcDbEntity
  8
_MotorCAD530_
100
AcDbLine
 10
132.43922569305
 20
8.680525464491369
 30
0.0
 11
132.144911611514
 21
13.1708906190652
 31
0.0
  0
LINE
  5
49C
330
6F
100
AcDbEntity
  8
_MotorCAD531_
100
AcDbLine
 10
-147.420382725066
 20
9.66244237334858
 30
0.0
 11
-147.698346024294
 21
5.42154194958493
 31
0.0
  0
LINE
  5
49E
330
6F
100
AcDbEntity
  8
_MotorCAD532_
100
AcDbLine
 10
-147.142419425838
 20
13.9033427971126
 30
0.0
 11
-147.420382725066
 21
9.66244237334858
 31
0.0
  0
LINE
  5
4A0
330
6F
100
AcDbEntity
  8
_MotorCAD533_
100
AcDbLine
 10
-147.142419425838
 20
13.9033427971126
 30
0.0
 11
-149.138137272315
 21
14.0341490555729
 31
0.0
  0
LINE
  5
4A2
330
6F
100
AcDbEntity
  8
_MotorCAD534_
100
AcDbLine
 10
-149.138137272315
 20
14.0341490555729
 30
0.0
 11
-149.416100571544
 21
9.793248631808859
 31
0.0
  0
LINE
  5
4A4
330
6F
100
AcDbEntity
  8
_MotorCAD535_
100
AcDbLine
 10
-149.416100571544
 20
9.793248631808859
 30
0.0
 11
-149.694063870772
 21
5.552348208044789
 31
0.0
  0
LINE
  5
4A6
330
6F
100
AcDbEntity
  8
_MotorCAD536_
100
AcDbLine
 10
-147.698346024294
 20
5.42154194958493
 30
0.0
 11
-149.694063870772
 21
5.552348208044789
 31
0.0
  0
LINE
  5
4A8
330
6F
100
AcDbEntity
  8
_MotorCAD537_
100
AcDbLine
 10
-130.61277864537
 20
10.0640323065488
 30
0.0
 11
-130.80898803306
 21
7.07045553683315
 31
0.0
  0
LINE
  5
4AA
330
6F
100
AcDbEntity
  8
_MotorCAD538_
100
AcDbLine
 10
-132.144911611514
 20
13.170890619065
 30
0.0
 11
-132.7335397745859
 21
4.190160309917639
 31
0.0
  0
LINE
  5
4AC
330
6F
100
AcDbEntity
  8
_MotorCAD539_
100
AcDbLine
 10
-130.61277864537
 20
-10.0640323065488
 30
0.0
 11
-130.80898803306
 21
-7.070455536832469
 31
0.0
  0
LINE
  5
4AE
330
6F
100
AcDbEntity
  8
_MotorCAD540_
100
AcDbLine
 10
-132.144911611514
 20
-13.1708906190651
 30
0.0
 11
-132.7335397745859
 21
-4.1901603099177
 31
0.0
  0
LINE
  5
4B0
330
6F
100
AcDbEntity
  8
_MotorCAD541_
100
AcDbLine
 10
-128.181748402353
 20
27.0263217668883
 30
0.0
 11
-128.767019368402
 21
24.0839659256786
 31
0.0
  0
LINE
  5
4B2
330
6F
100
AcDbEntity
  8
_MotorCAD542_
100
AcDbLine
 10
-129.295247373279
 20
30.3065839578948
 30
0.0
 11
-131.051060271424
 21
21.4795164342658
 31
0.0
  0
LINE
  5
4B4
330
6F
100
AcDbEntity
  8
_MotorCAD543_
100
AcDbLine
 10
-128.181748402353
 20
-27.026321766888
 30
0.0
 11
-128.767019368402
 21
-24.0839659256786
 31
0.0
  0
LINE
  5
4B6
330
6F
100
AcDbEntity
  8
_MotorCAD544_
100
AcDbLine
 10
-129.295247373279
 20
-30.3065839578948
 30
0.0
 11
-131.051060271424
 21
-21.4795164342659
 31
0.0
  0
LINE
  5
4B8
330
6F
100
AcDbEntity
  8
_MotorCAD545_
100
AcDbLine
 10
-123.557492905478
 20
43.5261833686843
 30
0.0
 11
-124.521811301387
 21
40.6853929801992
 31
0.0
  0
LINE
  5
4BA
330
6F
100
AcDbEntity
  8
_MotorCAD546_
100
AcDbLine
 10
-124.233305605072
 20
46.9237232426325
 30
0.0
 11
-127.1262607928
 21
38.4013520771766
 31
0.0
  0
LINE
  5
4BC
330
6F
100
AcDbEntity
  8
_MotorCAD547_
100
AcDbLine
 10
-123.557492905478
 20
-43.5261833686843
 30
0.0
 11
-124.521811301387
 21
-40.6853929801991
 31
0.0
  0
LINE
  5
4BE
330
6F
100
AcDbEntity
  8
_MotorCAD548_
100
AcDbLine
 10
-124.233305605072
 20
-46.9237232426325
 30
0.0
 11
-127.1262607928
 21
-38.40135207717671
 31
0.0
  0
LINE
  5
4C0
330
6F
100
AcDbEntity
  8
_MotorCAD549_
100
AcDbLine
 10
-116.819134448381
 20
59.2812999053042
 30
0.0
 11
-118.146000519038
 21
56.59068168070639
 31
0.0
  0
LINE
  5
4C2
330
6F
100
AcDbEntity
  8
_MotorCAD550_
100
AcDbLine
 10
-117.045697533982
 20
62.7379846129747
 30
0.0
 11
-121.026295745953
 21
54.6661299391806
 31
0.0
  0
LINE
  5
4C4
330
6F
100
AcDbEntity
  8
_MotorCAD551_
100
AcDbLine
 10
-116.819134448381
 20
-59.2812999053044
 30
0.0
 11
-118.146000519038
 21
-56.59068168070639
 31
0.0
  0
LINE
  5
4C6
330
6F
100
AcDbEntity
  8
_MotorCAD552_
100
AcDbLine
 10
-117.045697533982
 20
-62.73798461297499
 30
0.0
 11
-121.026295745953
 21
-54.66612993918079
 31
0.0
  0
LINE
  5
4C8
330
6F
100
AcDbEntity
  8
_MotorCAD553_
100
AcDbLine
 10
-108.081968212489
 20
74.02209696466321
 30
0.0
 11
-109.748678911548
 21
71.52768812775569
 31
0.0
  0
LINE
  5
4CA
330
6F
100
AcDbEntity
  8
_MotorCAD554_
100
AcDbLine
 10
-107.855405126888
 20
77.47878167233401
 30
0.0
 11
-112.855537224065
 21
69.9955551616108
 31
0.0
  0
LINE
  5
4CC
330
6F
100
AcDbEntity
  8
_MotorCAD555_
100
AcDbLine
 10
-108.081968212489
 20
-74.0220969646634
 30
0.0
 11
-109.748678911548
 21
-71.52768812775559
 31
0.0
  0
LINE
  5
4CE
330
6F
100
AcDbEntity
  8
_MotorCAD556_
100
AcDbLine
 10
-107.855405126888
 20
-77.47878167233371
 30
0.0
 11
-112.855537224065
 21
-69.99555516161089
 31
0.0
  0
LINE
  5
4D0
330
6F
100
AcDbEntity
  8
_MotorCAD557_
100
AcDbLine
 10
-97.4954895344992
 20
87.49635542215429
 30
0.0
 11
-99.4735269797993
 21
85.2408359997174
 31
0.0
  0
LINE
  5
4D2
330
6F
100
AcDbEntity
  8
_MotorCAD558_
100
AcDbLine
 10
-96.8196768349054
 20
90.89389529610242
 30
0.0
 11
-102.753789170806
 21
84.12733702879149
 31
0.0
  0
LINE
  5
4D4
330
6F
100
AcDbEntity
  8
_MotorCAD559_
100
AcDbLine
 10
-97.49548953449931
 20
-87.4963554221542
 30
0.0
 11
-99.4735269797994
 21
-85.2408359997173
 31
0.0
  0
LINE
  5
4D6
330
6F
100
AcDbEntity
  8
_MotorCAD560_
100
AcDbLine
 10
-96.8196768349054
 20
-90.89389529610242
 30
0.0
 11
-102.753789170806
 21
-84.12733702879158
 31
0.0
  0
LINE
  5
4D8
330
6F
100
AcDbEntity
  8
_MotorCAD561_
100
AcDbLine
 10
-85.2408359997173
 20
99.4735269797994
 30
0.0
 11
-87.4963554221542
 21
97.49548953449931
 31
0.0
  0
LINE
  5
4DA
330
6F
100
AcDbEntity
  8
_MotorCAD562_
100
AcDbLine
 10
-84.12733702879158
 20
102.753789170806
 30
0.0
 11
-90.89389529610242
 21
96.8196768349054
 31
0.0
  0
LINE
  5
4DC
330
6F
100
AcDbEntity
  8
_MotorCAD563_
100
AcDbLine
 10
-85.2408359997174
 20
-99.4735269797993
 30
0.0
 11
-87.4963554221542
 21
-97.4954895344992
 31
0.0
  0
LINE
  5
4DE
330
6F
100
AcDbEntity
  8
_MotorCAD564_
100
AcDbLine
 10
-84.12733702879149
 20
-102.753789170806
 30
0.0
 11
-90.89389529610242
 21
-96.8196768349054
 31
0.0
  0
LINE
  5
4E0
330
6F
100
AcDbEntity
  8
_MotorCAD565_
100
AcDbLine
 10
-71.52768812775559
 20
109.748678911548
 30
0.0
 11
-74.02209696466321
 21
108.081968212489
 31
0.0
  0
LINE
  5
4E2
330
6F
100
AcDbEntity
  8
_MotorCAD566_
100
AcDbLine
 10
-69.99555516161089
 20
112.855537224065
 30
0.0
 11
-77.47878167233371
 21
107.855405126888
 31
0.0
  0
LINE
  5
4E4
330
6F
100
AcDbEntity
  8
_MotorCAD567_
100
AcDbLine
 10
-71.5276881277558
 20
-109.748678911548
 30
0.0
 11
-74.02209696466329
 21
-108.081968212489
 31
0.0
  0
LINE
  5
4E6
330
6F
100
AcDbEntity
  8
_MotorCAD568_
100
AcDbLine
 10
-69.9955551616108
 20
-112.855537224065
 30
0.0
 11
-77.47878167233371
 21
-107.855405126888
 31
0.0
  0
LINE
  5
4E8
330
6F
100
AcDbEntity
  8
_MotorCAD569_
100
AcDbLine
 10
-56.59068168070639
 20
118.146000519038
 30
0.0
 11
-59.2812999053043
 21
116.819134448381
 31
0.0
  0
LINE
  5
4EA
330
6F
100
AcDbEntity
  8
_MotorCAD570_
100
AcDbLine
 10
-54.6661299391807
 20
121.026295745953
 30
0.0
 11
-62.7379846129749
 21
117.045697533982
 31
0.0
  0
LINE
  5
4EC
330
6F
100
AcDbEntity
  8
_MotorCAD571_
100
AcDbLine
 10
-56.5906816807065
 20
-118.146000519038
 30
0.0
 11
-59.2812999053045
 21
-116.819134448381
 31
0.0
  0
LINE
  5
4EE
330
6F
100
AcDbEntity
  8
_MotorCAD572_
100
AcDbLine
 10
-54.6661299391807
 20
-121.026295745953
 30
0.0
 11
-62.7379846129749
 21
-117.045697533982
 31
0.0
  0
LINE
  5
4F0
330
6F
100
AcDbEntity
  8
_MotorCAD573_
100
AcDbLine
 10
-40.6853929801991
 20
124.521811301387
 30
0.0
 11
-43.5261833686843
 21
123.557492905478
 31
0.0
  0
LINE
  5
4F2
330
6F
100
AcDbEntity
  8
_MotorCAD574_
100
AcDbLine
 10
-38.40135207717671
 20
127.1262607928
 30
0.0
 11
-46.92372324263259
 21
124.233305605072
 31
0.0
  0
LINE
  5
4F4
330
6F
100
AcDbEntity
  8
_MotorCAD575_
100
AcDbLine
 10
-40.6853929801991
 20
-124.521811301387
 30
0.0
 11
-43.5261833686843
 21
-123.557492905478
 31
0.0
  0
LINE
  5
4F6
330
6F
100
AcDbEntity
  8
_MotorCAD576_
100
AcDbLine
 10
-38.4013520771765
 20
-127.1262607928
 30
0.0
 11
-46.9237232426325
 21
-124.233305605072
 31
0.0
  0
LINE
  5
4F8
330
6F
100
AcDbEntity
  8
_MotorCAD577_
100
AcDbLine
 10
-24.0839659256786
 20
128.767019368402
 30
0.0
 11
-27.0263217668882
 21
128.181748402353
 31
0.0
  0
LINE
  5
4FA
330
6F
100
AcDbEntity
  8
_MotorCAD578_
100
AcDbLine
 10
-21.4795164342658
 20
131.051060271424
 30
0.0
 11
-30.3065839578949
 21
129.295247373279
 31
0.0
  0
LINE
  5
4FC
330
6F
100
AcDbEntity
  8
_MotorCAD579_
100
AcDbLine
 10
-24.0839659256786
 20
-128.767019368402
 30
0.0
 11
-27.0263217668882
 21
-128.181748402353
 31
0.0
  0
LINE
  5
4FE
330
6F
100
AcDbEntity
  8
_MotorCAD580_
100
AcDbLine
 10
-21.4795164342657
 20
-131.051060271424
 30
0.0
 11
-30.3065839578948
 21
-129.295247373279
 31
0.0
  0
LINE
  5
500
330
6F
100
AcDbEntity
  8
_MotorCAD581_
100
AcDbLine
 10
-7.07045553683285
 20
130.80898803306
 30
0.0
 11
-10.0640323065486
 21
130.61277864537
 31
0.0
  0
LINE
  5
502
330
6F
100
AcDbEntity
  8
_MotorCAD582_
100
AcDbLine
 10
-4.1901603099177
 20
132.7335397745859
 30
0.0
 11
-13.1708906190651
 21
132.144911611514
 31
0.0
  0
LINE
  5
504
330
6F
100
AcDbEntity
  8
_MotorCAD583_
100
AcDbLine
 10
-7.07045553683295
 20
-130.80898803306
 30
0.0
 11
-10.0640323065487
 21
-130.61277864537
 31
0.0
  0
LINE
  5
506
330
6F
100
AcDbEntity
  8
_MotorCAD584_
100
AcDbLine
 10
-4.19016030991762
 20
-132.7335397745859
 30
0.0
 11
-13.170890619065
 21
-132.144911611514
 31
0.0
  0
LINE
  5
508
330
6F
100
AcDbEntity
  8
_MotorCAD585_
100
AcDbLine
 10
10.0640323065487
 20
130.61277864537
 30
0.0
 11
7.070455536833
 21
130.80898803306
 31
0.0
  0
LINE
  5
50A
330
6F
100
AcDbEntity
  8
_MotorCAD586_
100
AcDbLine
 10
13.1708906190651
 20
132.144911611514
 30
0.0
 11
4.190160309917669
 21
132.7335397745859
 31
0.0
  0
LINE
  5
50C
330
6F
100
AcDbEntity
  8
_MotorCAD587_
100
AcDbLine
 10
10.0640323065486
 20
-130.61277864537
 30
0.0
 11
7.07045553683285
 21
-130.80898803306
 31
0.0
  0
LINE
  5
50E
330
6F
100
AcDbEntity
  8
_MotorCAD588_
100
AcDbLine
 10
13.1708906190651
 20
-132.144911611514
 30
0.0
 11
4.1901603099177
 21
-132.7335397745859
 31
0.0
  0
LINE
  5
510
330
6F
100
AcDbEntity
  8
_MotorCAD589_
100
AcDbLine
 10
27.0263217668883
 20
128.181748402353
 30
0.0
 11
24.0839659256787
 21
128.767019368402
 31
0.0
  0
LINE
  5
512
330
6F
100
AcDbEntity
  8
_MotorCAD590_
100
AcDbLine
 10
30.3065839578948
 20
129.295247373279
 30
0.0
 11
21.4795164342658
 21
131.051060271424
 31
0.0
  0
LINE
  5
514
330
6F
100
AcDbEntity
  8
_MotorCAD591_
100
AcDbLine
 10
27.0263217668882
 20
-128.181748402353
 30
0.0
 11
24.0839659256785
 21
-128.767019368402
 31
0.0
  0
LINE
  5
516
330
6F
100
AcDbEntity
  8
_MotorCAD592_
100
AcDbLine
 10
30.3065839578948
 20
-129.295247373279
 30
0.0
 11
21.4795164342658
 21
-131.051060271424
 31
0.0
  0
LINE
  5
518
330
6F
100
AcDbEntity
  8
_MotorCAD593_
100
AcDbLine
 10
43.5261833686844
 20
123.557492905478
 30
0.0
 11
40.6853929801992
 21
124.521811301387
 31
0.0
  0
LINE
  5
51A
330
6F
100
AcDbEntity
  8
_MotorCAD594_
100
AcDbLine
 10
46.9237232426325
 20
124.233305605072
 30
0.0
 11
38.4013520771766
 21
127.1262607928
 31
0.0
  0
LINE
  5
51C
330
6F
100
AcDbEntity
  8
_MotorCAD595_
100
AcDbLine
 10
43.5261833686843
 20
-123.557492905478
 30
0.0
 11
40.68539298019899
 21
-124.521811301388
 31
0.0
  0
LINE
  5
51E
330
6F
100
AcDbEntity
  8
_MotorCAD596_
100
AcDbLine
 10
46.9237232426325
 20
-124.233305605072
 30
0.0
 11
38.4013520771766
 21
-127.1262607928
 31
0.0
  0
LINE
  5
520
330
6F
100
AcDbEntity
  8
_MotorCAD597_
100
AcDbLine
 10
59.2812999053044
 20
116.819134448381
 30
0.0
 11
56.5906816807065
 21
118.146000519038
 31
0.0
  0
LINE
  5
522
330
6F
100
AcDbEntity
  8
_MotorCAD598_
100
AcDbLine
 10
62.7379846129749
 20
117.045697533982
 30
0.0
 11
54.6661299391807
 21
121.026295745953
 31
0.0
  0
LINE
  5
524
330
6F
100
AcDbEntity
  8
_MotorCAD599_
100
AcDbLine
 10
59.2812999053044
 20
-116.819134448381
 30
0.0
 11
56.59068168070639
 21
-118.146000519038
 31
0.0
  0
LINE
  5
526
330
6F
100
AcDbEntity
  8
_MotorCAD600_
100
AcDbLine
 10
62.7379846129749
 20
-117.045697533982
 30
0.0
 11
54.66612993918079
 21
-121.026295745953
 31
0.0
  0
LINE
  5
528
330
6F
100
AcDbEntity
  8
_MotorCAD601_
100
AcDbLine
 10
74.02209696466321
 20
108.081968212489
 30
0.0
 11
71.52768812775569
 21
109.748678911548
 31
0.0
  0
LINE
  5
52A
330
6F
100
AcDbEntity
  8
_MotorCAD602_
100
AcDbLine
 10
77.47878167233371
 20
107.855405126888
 30
0.0
 11
69.9955551616108
 21
112.855537224065
 31
0.0
  0
LINE
  5
52C
330
6F
100
AcDbEntity
  8
_MotorCAD603_
100
AcDbLine
 10
74.02209696466321
 20
-108.081968212489
 30
0.0
 11
71.52768812775559
 21
-109.748678911548
 31
0.0
  0
LINE
  5
52E
330
6F
100
AcDbEntity
  8
_MotorCAD604_
100
AcDbLine
 10
77.47878167233371
 20
-107.855405126888
 30
0.0
 11
69.99555516161089
 21
-112.855537224065
 31
0.0
  0
LINE
  5
530
330
6F
100
AcDbEntity
  8
_MotorCAD605_
100
AcDbLine
 10
87.4963554221542
 20
97.4954895344992
 30
0.0
 11
85.2408359997174
 21
99.4735269797993
 31
0.0
  0
LINE
  5
532
330
6F
100
AcDbEntity
  8
_MotorCAD606_
100
AcDbLine
 10
90.8938952961023
 20
96.8196768349054
 30
0.0
 11
84.12733702879158
 21
102.753789170806
 31
0.0
  0
LINE
  5
534
330
6F
100
AcDbEntity
  8
_MotorCAD607_
100
AcDbLine
 10
87.4963554221542
 20
-97.49548953449931
 30
0.0
 11
85.2408359997173
 21
-99.4735269797994
 31
0.0
  0
LINE
  5
536
330
6F
100
AcDbEntity
  8
_MotorCAD608_
100
AcDbLine
 10
90.89389529610242
 20
-96.8196768349054
 30
0.0
 11
84.12733702879158
 21
-102.753789170806
 31
0.0
  0
LINE
  5
538
330
6F
100
AcDbEntity
  8
_MotorCAD609_
100
AcDbLine
 10
99.4735269797994
 20
85.2408359997173
 30
0.0
 11
97.49548953449931
 21
87.4963554221542
 31
0.0
  0
LINE
  5
53A
330
6F
100
AcDbEntity
  8
_MotorCAD610_
100
AcDbLine
 10
102.753789170806
 20
84.12733702879158
 30
0.0
 11
96.8196768349054
 21
90.89389529610242
 31
0.0
  0
LINE
  5
53C
330
6F
100
AcDbEntity
  8
_MotorCAD611_
100
AcDbLine
 10
99.4735269797994
 20
-85.2408359997174
 30
0.0
 11
97.4954895344992
 21
-87.49635542215429
 31
0.0
  0
LINE
  5
53E
330
6F
100
AcDbEntity
  8
_MotorCAD612_
100
AcDbLine
 10
102.753789170806
 20
-84.12733702879158
 30
0.0
 11
96.8196768349054
 21
-90.89389529610242
 31
0.0
  0
LINE
  5
540
330
6F
100
AcDbEntity
  8
_MotorCAD613_
100
AcDbLine
 10
109.748678911548
 20
71.52768812775559
 30
0.0
 11
108.081968212489
 21
74.02209696466321
 31
0.0
  0
LINE
  5
542
330
6F
100
AcDbEntity
  8
_MotorCAD614_
100
AcDbLine
 10
112.855537224065
 20
69.9955551616108
 30
0.0
 11
107.855405126888
 21
77.47878167233371
 31
0.0
  0
LINE
  5
544
330
6F
100
AcDbEntity
  8
_MotorCAD615_
100
AcDbLine
 10
109.748678911548
 20
-71.5276881277558
 30
0.0
 11
108.081968212489
 21
-74.02209696466329
 31
0.0
  0
LINE
  5
546
330
6F
100
AcDbEntity
  8
_MotorCAD616_
100
AcDbLine
 10
112.855537224065
 20
-69.9955551616108
 30
0.0
 11
107.855405126888
 21
-77.47878167233371
 31
0.0
  0
LINE
  5
548
330
6F
100
AcDbEntity
  8
_MotorCAD617_
100
AcDbLine
 10
118.146000519038
 20
-56.5906816807065
 30
0.0
 11
116.819134448381
 21
-59.2812999053045
 31
0.0
  0
LINE
  5
54A
330
6F
100
AcDbEntity
  8
_MotorCAD618_
100
AcDbLine
 10
121.026295745953
 20
-54.6661299391807
 30
0.0
 11
117.045697533982
 21
-62.7379846129749
 31
0.0
  0
LINE
  5
54C
330
6F
100
AcDbEntity
  8
_MotorCAD619_
100
AcDbLine
 10
121.026295745953
 20
54.6661299391807
 30
0.0
 11
117.045697533982
 21
62.7379846129749
 31
0.0
  0
LINE
  5
54E
330
6F
100
AcDbEntity
  8
_MotorCAD620_
100
AcDbLine
 10
118.146000519038
 20
56.59068168070639
 30
0.0
 11
116.819134448381
 21
59.2812999053043
 31
0.0
  0
LINE
  5
550
330
6F
100
AcDbEntity
  8
_MotorCAD621_
100
AcDbLine
 10
127.1262607928
 20
38.40135207717671
 30
0.0
 11
124.233305605072
 21
46.92372324263259
 31
0.0
  0
LINE
  5
552
330
6F
100
AcDbEntity
  8
_MotorCAD622_
100
AcDbLine
 10
124.521811301387
 20
40.6853929801991
 30
0.0
 11
123.557492905478
 21
43.5261833686843
 31
0.0
  0
LINE
  5
554
330
6F
100
AcDbEntity
  8
_MotorCAD623_
100
AcDbLine
 10
124.521811301387
 20
-40.6853929801991
 30
0.0
 11
123.557492905478
 21
-43.5261833686844
 31
0.0
  0
LINE
  5
556
330
6F
100
AcDbEntity
  8
_MotorCAD624_
100
AcDbLine
 10
127.1262607928
 20
-38.4013520771765
 30
0.0
 11
124.233305605072
 21
-46.9237232426325
 31
0.0
  0
LINE
  5
558
330
6F
100
AcDbEntity
  8
_MotorCAD625_
100
AcDbLine
 10
128.767019368402
 20
24.0839659256786
 30
0.0
 11
128.181748402353
 21
27.02632176688811
 31
0.0
  0
LINE
  5
55A
330
6F
100
AcDbEntity
  8
_MotorCAD626_
100
AcDbLine
 10
131.051060271424
 20
21.4795164342659
 30
0.0
 11
129.295247373279
 21
30.3065839578949
 31
0.0
  0
LINE
  5
55C
330
6F
100
AcDbEntity
  8
_MotorCAD627_
100
AcDbLine
 10
128.767019368402
 20
-24.0839659256787
 30
0.0
 11
128.181748402353
 21
-27.0263217668883
 31
0.0
  0
LINE
  5
55E
330
6F
100
AcDbEntity
  8
_MotorCAD628_
100
AcDbLine
 10
131.051060271424
 20
-21.4795164342659
 30
0.0
 11
129.295247373279
 21
-30.3065839578948
 31
0.0
  0
LINE
  5
560
330
6F
100
AcDbEntity
  8
_MotorCAD629_
100
AcDbLine
 10
130.80898803306
 20
7.070455536832839
 30
0.0
 11
130.61277864537
 21
10.0640323065486
 31
0.0
  0
LINE
  5
562
330
6F
100
AcDbEntity
  8
_MotorCAD630_
100
AcDbLine
 10
132.7335397745859
 20
4.1901603099177
 30
0.0
 11
132.144911611514
 21
13.1708906190652
 31
0.0
  0
LINE
  5
564
330
6F
100
AcDbEntity
  8
_MotorCAD631_
100
AcDbLine
 10
130.80898803306
 20
-7.070455536833009
 30
0.0
 11
130.61277864537
 21
-10.0640323065488
 31
0.0
  0
LINE
  5
566
330
6F
100
AcDbEntity
  8
_MotorCAD632_
100
AcDbLine
 10
132.7335397745859
 20
-4.19016030991793
 30
0.0
 11
132.144911611514
 21
-13.1708906190654
 31
0.0
  0
LINE
  5
568
330
6F
100
AcDbEntity
  8
_MotorCAD633_
100
AcDbLine
 10
-147.698346024294
 20
-5.42154194958448
 30
0.0
 11
-149.694063870772
 21
-5.552348208044789
 31
0.0
  0
LINE
  5
56A
330
6F
100
AcDbEntity
  8
_MotorCAD634_
100
AcDbLine
 10
-149.416100571544
 20
-9.79324863180884
 30
0.0
 11
-149.694063870772
 21
-5.552348208044789
 31
0.0
  0
LINE
  5
56C
330
6F
100
AcDbEntity
  8
_MotorCAD635_
100
AcDbLine
 10
-149.138137272315
 20
-14.0341490555729
 30
0.0
 11
-149.416100571544
 21
-9.79324863180884
 31
0.0
  0
LINE
  5
56E
330
6F
100
AcDbEntity
  8
_MotorCAD636_
100
AcDbLine
 10
-147.142419425838
 20
-13.9033427971121
 30
0.0
 11
-149.138137272315
 21
-14.0341490555729
 31
0.0
  0
LINE
  5
570
330
6F
100
AcDbEntity
  8
_MotorCAD637_
100
AcDbLine
 10
-147.142419425838
 20
-13.9033427971121
 30
0.0
 11
-147.420382725066
 21
-9.662442373348559
 31
0.0
  0
LINE
  5
572
330
6F
100
AcDbEntity
  8
_MotorCAD638_
100
AcDbLine
 10
-147.420382725066
 20
-9.662442373348559
 30
0.0
 11
-147.698346024294
 21
-5.42154194958448
 31
0.0
  0
LINE
  5
574
330
6F
100
AcDbEntity
  8
_MotorCAD639_
100
AcDbLine
 10
-146.859549664795
 20
29.2121806961349
 30
0.0
 11
-147.688683533364
 21
25.0438432544211
 31
0.0
  0
LINE
  5
576
330
6F
100
AcDbEntity
  8
_MotorCAD640_
100
AcDbLine
 10
-145.727112972557
 20
24.6536626103889
 30
0.0
 11
-147.688683533364
 21
25.0438432544211
 31
0.0
  0
LINE
  5
578
330
6F
100
AcDbEntity
  8
_MotorCAD641_
100
AcDbLine
 10
-144.897979103989
 20
28.8220000521026
 30
0.0
 11
-145.727112972557
 21
24.6536626103889
 31
0.0
  0
LINE
  5
57A
330
6F
100
AcDbEntity
  8
_MotorCAD642_
100
AcDbLine
 10
-144.06884523542
 20
32.9903374938164
 30
0.0
 11
-144.897979103989
 21
28.8220000521026
 31
0.0
  0
LINE
  5
57C
330
6F
100
AcDbEntity
  8
_MotorCAD643_
100
AcDbLine
 10
-144.06884523542
 20
32.9903374938164
 30
0.0
 11
-146.030415796227
 21
33.3805181378486
 31
0.0
  0
LINE
  5
57E
330
6F
100
AcDbEntity
  8
_MotorCAD644_
100
AcDbLine
 10
-146.030415796227
 20
33.3805181378486
 30
0.0
 11
-146.859549664795
 21
29.2121806961349
 31
0.0
  0
LINE
  5
580
330
6F
100
AcDbEntity
  8
_MotorCAD645_
100
AcDbLine
 10
-145.727112972557
 20
-24.6536626103888
 30
0.0
 11
-147.688683533364
 21
-25.0438432544211
 31
0.0
  0
LINE
  5
582
330
6F
100
AcDbEntity
  8
_MotorCAD646_
100
AcDbLine
 10
-146.859549664795
 20
-29.2121806961348
 30
0.0
 11
-147.688683533364
 21
-25.0438432544211
 31
0.0
  0
LINE
  5
584
330
6F
100
AcDbEntity
  8
_MotorCAD647_
100
AcDbLine
 10
-146.030415796227
 20
-33.38051813784851
 30
0.0
 11
-146.859549664795
 21
-29.2121806961348
 31
0.0
  0
LINE
  5
586
330
6F
100
AcDbEntity
  8
_MotorCAD648_
100
AcDbLine
 10
-144.06884523542
 20
-32.9903374938162
 30
0.0
 11
-146.030415796227
 21
-33.38051813784851
 31
0.0
  0
LINE
  5
588
330
6F
100
AcDbEntity
  8
_MotorCAD649_
100
AcDbLine
 10
-144.06884523542
 20
-32.9903374938162
 30
0.0
 11
-144.897979103989
 21
-28.8220000521026
 31
0.0
  0
LINE
  5
58A
330
6F
100
AcDbEntity
  8
_MotorCAD650_
100
AcDbLine
 10
-144.897979103989
 20
-28.8220000521026
 30
0.0
 11
-145.727112972557
 21
-24.6536626103888
 31
0.0
  0
LINE
  5
58C
330
6F
100
AcDbEntity
  8
_MotorCAD651_
100
AcDbLine
 10
-141.790191146122
 20
48.13128424960339
 30
0.0
 11
-143.156308873661
 21
44.1068311992493
 31
0.0
  0
LINE
  5
58E
330
6F
100
AcDbEntity
  8
_MotorCAD652_
100
AcDbLine
 10
-141.262448614671
 20
43.4639522686429
 30
0.0
 11
-143.156308873661
 21
44.1068311992493
 31
0.0
  0
LINE
  5
590
330
6F
100
AcDbEntity
  8
_MotorCAD653_
100
AcDbLine
 10
-139.896330887132
 20
47.48840531899709
 30
0.0
 11
-141.262448614671
 21
43.4639522686429
 31
0.0
  0
LINE
  5
592
330
6F
100
AcDbEntity
  8
_MotorCAD654_
100
AcDbLine
 10
-138.530213159594
 20
51.5128583693513
 30
0.0
 11
-139.896330887132
 21
47.48840531899709
 31
0.0
  0
LINE
  5
594
330
6F
100
AcDbEntity
  8
_MotorCAD655_
100
AcDbLine
 10
-138.530213159594
 20
51.5128583693513
 30
0.0
 11
-140.424073418584
 21
52.1557372999576
 31
0.0
  0
LINE
  5
596
330
6F
100
AcDbEntity
  8
_MotorCAD656_
100
AcDbLine
 10
-140.424073418584
 20
52.1557372999576
 30
0.0
 11
-141.790191146122
 21
48.13128424960339
 31
0.0
  0
LINE
  5
598
330
6F
100
AcDbEntity
  8
_MotorCAD657_
100
AcDbLine
 10
-141.262448614671
 20
-43.4639522686429
 30
0.0
 11
-143.156308873661
 21
-44.1068311992492
 31
0.0
  0
LINE
  5
59A
330
6F
100
AcDbEntity
  8
_MotorCAD658_
100
AcDbLine
 10
-141.790191146122
 20
-48.13128424960339
 30
0.0
 11
-143.156308873661
 21
-44.1068311992492
 31
0.0
  0
LINE
  5
59C
330
6F
100
AcDbEntity
  8
_MotorCAD659_
100
AcDbLine
 10
-140.424073418584
 20
-52.1557372999576
 30
0.0
 11
-141.790191146122
 21
-48.13128424960339
 31
0.0
  0
LINE
  5
59E
330
6F
100
AcDbEntity
  8
_MotorCAD660_
100
AcDbLine
 10
-138.530213159594
 20
-51.5128583693513
 30
0.0
 11
-140.424073418584
 21
-52.1557372999576
 31
0.0
  0
LINE
  5
5A0
330
6F
100
AcDbEntity
  8
_MotorCAD661_
100
AcDbLine
 10
-138.530213159594
 20
-51.5128583693513
 30
0.0
 11
-139.896330887132
 21
-47.48840531899709
 31
0.0
  0
LINE
  5
5A2
330
6F
100
AcDbEntity
  8
_MotorCAD662_
100
AcDbLine
 10
-139.896330887132
 20
-47.48840531899709
 30
0.0
 11
-141.262448614671
 21
-43.4639522686429
 31
0.0
  0
LINE
  5
5A4
330
6F
100
AcDbEntity
  8
_MotorCAD663_
100
AcDbLine
 10
-134.294763145272
 20
66.2268481850481
 30
0.0
 11
-136.174490078703
 21
62.4151390335342
 31
0.0
  0
LINE
  5
5A6
330
6F
100
AcDbEntity
  8
_MotorCAD664_
100
AcDbLine
 10
-134.380744595637
 20
61.5305616530962
 30
0.0
 11
-136.174490078703
 21
62.4151390335342
 31
0.0
  0
LINE
  5
5A8
330
6F
100
AcDbEntity
  8
_MotorCAD665_
100
AcDbLine
 10
-132.501017662206
 20
65.34227080461009
 30
0.0
 11
-134.380744595637
 21
61.5305616530962
 31
0.0
  0
LINE
  5
5AA
330
6F
100
AcDbEntity
  8
_MotorCAD666_
100
AcDbLine
 10
-130.621290728776
 20
69.153979956124
 30
0.0
 11
-132.501017662206
 21
65.34227080461009
 31
0.0
  0
LINE
  5
5AC
330
6F
100
AcDbEntity
  8
_MotorCAD667_
100
AcDbLine
 10
-130.621290728776
 20
69.153979956124
 30
0.0
 11
-132.415036211841
 21
70.03855733656201
 31
0.0
  0
LINE
  5
5AE
330
6F
100
AcDbEntity
  8
_MotorCAD668_
100
AcDbLine
 10
-132.415036211841
 20
70.03855733656201
 30
0.0
 11
-134.294763145272
 21
66.2268481850481
 31
0.0
  0
LINE
  5
5B0
330
6F
100
AcDbEntity
  8
_MotorCAD669_
100
AcDbLine
 10
-134.380744595637
 20
-61.5305616530961
 30
0.0
 11
-136.174490078703
 21
-62.4151390335342
 31
0.0
  0
LINE
  5
5B2
330
6F
100
AcDbEntity
  8
_MotorCAD670_
100
AcDbLine
 10
-134.294763145272
 20
-66.2268481850481
 30
0.0
 11
-136.174490078703
 21
-62.4151390335342
 31
0.0
  0
LINE
  5
5B4
330
6F
100
AcDbEntity
  8
_MotorCAD671_
100
AcDbLine
 10
-132.415036211841
 20
-70.03855733656201
 30
0.0
 11
-134.294763145272
 21
-66.2268481850481
 31
0.0
  0
LINE
  5
5B6
330
6F
100
AcDbEntity
  8
_MotorCAD672_
100
AcDbLine
 10
-130.621290728776
 20
-69.153979956124
 30
0.0
 11
-132.415036211841
 21
-70.03855733656201
 31
0.0
  0
LINE
  5
5B8
330
6F
100
AcDbEntity
  8
_MotorCAD673_
100
AcDbLine
 10
-130.621290728776
 20
-69.153979956124
 30
0.0
 11
-132.501017662206
 21
-65.34227080461009
 31
0.0
  0
LINE
  5
5BA
330
6F
100
AcDbEntity
  8
_MotorCAD674_
100
AcDbLine
 10
-132.501017662206
 20
-65.34227080461009
 30
0.0
 11
-134.380744595637
 21
-61.5305616530961
 31
0.0
  0
LINE
  5
5BC
330
6F
100
AcDbEntity
  8
_MotorCAD675_
100
AcDbLine
 10
-124.501514513463
 20
83.18925238649551
 30
0.0
 11
-126.862688003796
 21
79.65550653420971
 31
0.0
  0
LINE
  5
5BE
330
6F
100
AcDbEntity
  8
_MotorCAD676_
100
AcDbLine
 10
-125.199748779191
 20
78.5443660681705
 30
0.0
 11
-126.862688003796
 21
79.65550653420971
 31
0.0
  0
LINE
  5
5C0
330
6F
100
AcDbEntity
  8
_MotorCAD677_
100
AcDbLine
 10
-122.838575288858
 20
82.0781119204563
 30
0.0
 11
-125.199748779191
 21
78.5443660681705
 31
0.0
  0
LINE
  5
5C2
330
6F
100
AcDbEntity
  8
_MotorCAD678_
100
AcDbLine
 10
-120.477401798524
 20
85.61185777274209
 30
0.0
 11
-122.838575288858
 21
82.0781119204563
 31
0.0
  0
LINE
  5
5C4
330
6F
100
AcDbEntity
  8
_MotorCAD679_
100
AcDbLine
 10
-120.477401798524
 20
85.61185777274209
 30
0.0
 11
-122.14034102313
 21
86.7229982387813
 31
0.0
  0
LINE
  5
5C6
330
6F
100
AcDbEntity
  8
_MotorCAD680_
100
AcDbLine
 10
-122.14034102313
 20
86.7229982387813
 30
0.0
 11
-124.501514513463
 21
83.18925238649551
 31
0.0
  0
LINE
  5
5C8
330
6F
100
AcDbEntity
  8
_MotorCAD681_
100
AcDbLine
 10
-125.199748779191
 20
-78.5443660681704
 30
0.0
 11
-126.862688003796
 21
-79.65550653420971
 31
0.0
  0
LINE
  5
5CA
330
6F
100
AcDbEntity
  8
_MotorCAD682_
100
AcDbLine
 10
-124.501514513463
 20
-83.18925238649551
 30
0.0
 11
-126.862688003796
 21
-79.65550653420971
 31
0.0
  0
LINE
  5
5CC
330
6F
100
AcDbEntity
  8
_MotorCAD683_
100
AcDbLine
 10
-122.14034102313
 20
-86.7229982387813
 30
0.0
 11
-124.501514513463
 21
-83.18925238649551
 31
0.0
  0
LINE
  5
5CE
330
6F
100
AcDbEntity
  8
_MotorCAD684_
100
AcDbLine
 10
-120.477401798525
 20
-85.61185777274209
 30
0.0
 11
-122.14034102313
 21
-86.7229982387813
 31
0.0
  0
LINE
  5
5D0
330
6F
100
AcDbEntity
  8
_MotorCAD685_
100
AcDbLine
 10
-120.477401798525
 20
-85.61185777274209
 30
0.0
 11
-122.838575288858
 21
-82.0781119204563
 31
0.0
  0
LINE
  5
5D2
330
6F
100
AcDbEntity
  8
_MotorCAD686_
100
AcDbLine
 10
-122.838575288858
 20
-82.0781119204563
 30
0.0
 11
-125.199748779191
 21
-78.5443660681704
 31
0.0
  0
LINE
  5
5D4
330
6F
100
AcDbEntity
  8
_MotorCAD687_
100
AcDbLine
 10
-112.578010449988
 20
98.72826541519172
 30
0.0
 11
-115.380230164163
 21
95.53294623340608
 31
0.0
  0
LINE
  5
5D6
330
6F
100
AcDbEntity
  8
_MotorCAD688_
100
AcDbLine
 10
-113.876550549205
 20
94.214254603206
 30
0.0
 11
-115.380230164163
 21
95.53294623340608
 31
0.0
  0
LINE
  5
5D8
330
6F
100
AcDbEntity
  8
_MotorCAD689_
100
AcDbLine
 10
-111.07433083503
 20
97.4095737849916
 30
0.0
 11
-113.876550549205
 21
94.214254603206
 31
0.0
  0
LINE
  5
5DA
330
6F
100
AcDbEntity
  8
_MotorCAD690_
100
AcDbLine
 10
-108.272111120854
 20
100.604892966777
 30
0.0
 11
-111.07433083503
 21
97.4095737849916
 31
0.0
  0
LINE
  5
5DC
330
6F
100
AcDbEntity
  8
_MotorCAD691_
100
AcDbLine
 10
-108.272111120854
 20
100.604892966777
 30
0.0
 11
-109.775790735812
 21
101.923584596977
 31
0.0
  0
LINE
  5
5DE
330
6F
100
AcDbEntity
  8
_MotorCAD692_
100
AcDbLine
 10
-109.775790735812
 20
101.923584596977
 30
0.0
 11
-112.578010449988
 21
98.72826541519172
 31
0.0
  0
LINE
  5
5E0
330
6F
100
AcDbEntity
  8
_MotorCAD693_
100
AcDbLine
 10
-113.876550549205
 20
-94.21425460320591
 30
0.0
 11
-115.380230164163
 21
-95.53294623340608
 31
0.0
  0
LINE
  5
5E2
330
6F
100
AcDbEntity
  8
_MotorCAD694_
100
AcDbLine
 10
-112.578010449988
 20
-98.72826541519172
 30
0.0
 11
-115.380230164163
 21
-95.53294623340608
 31
0.0
  0
LINE
  5
5E4
330
6F
100
AcDbEntity
  8
_MotorCAD695_
100
AcDbLine
 10
-109.775790735812
 20
-101.923584596977
 30
0.0
 11
-112.578010449988
 21
-98.72826541519172
 31
0.0
  0
LINE
  5
5E6
330
6F
100
AcDbEntity
  8
_MotorCAD696_
100
AcDbLine
 10
-108.272111120854
 20
-100.604892966777
 30
0.0
 11
-109.775790735812
 21
-101.923584596977
 31
0.0
  0
LINE
  5
5E8
330
6F
100
AcDbEntity
  8
_MotorCAD697_
100
AcDbLine
 10
-108.272111120854
 20
-100.604892966777
 30
0.0
 11
-111.07433083503
 21
-97.4095737849916
 31
0.0
  0
LINE
  5
5EA
330
6F
100
AcDbEntity
  8
_MotorCAD698_
100
AcDbLine
 10
-111.07433083503
 20
-97.4095737849916
 30
0.0
 11
-113.876550549205
 21
-94.21425460320591
 31
0.0
  0
LINE
  5
5EC
330
6F
100
AcDbEntity
  8
_MotorCAD699_
100
AcDbLine
 10
-100.604892966777
 20
-108.272111120854
 30
0.0
 11
-101.923584596977
 21
-109.775790735812
 31
0.0
  0
LINE
  5
5EE
330
6F
100
AcDbEntity
  8
_MotorCAD700_
100
AcDbLine
 10
-98.72826541519172
 20
-112.578010449988
 30
0.0
 11
-101.923584596977
 21
-109.775790735812
 31
0.0
  0
LINE
  5
5F0
330
6F
100
AcDbEntity
  8
_MotorCAD701_
100
AcDbLine
 10
-95.53294623340608
 20
-115.380230164163
 30
0.0
 11
-98.72826541519172
 21
-112.578010449988
 31
0.0
  0
LINE
  5
5F2
330
6F
100
AcDbEntity
  8
_MotorCAD702_
100
AcDbLine
 10
-94.214254603206
 20
-113.876550549205
 30
0.0
 11
-95.53294623340608
 21
-115.380230164163
 31
0.0
  0
LINE
  5
5F4
330
6F
100
AcDbEntity
  8
_MotorCAD703_
100
AcDbLine
 10
-94.214254603206
 20
-113.876550549205
 30
0.0
 11
-97.4095737849916
 21
-111.07433083503
 31
0.0
  0
LINE
  5
5F6
330
6F
100
AcDbEntity
  8
_MotorCAD704_
100
AcDbLine
 10
-97.4095737849916
 20
-111.07433083503
 30
0.0
 11
-100.604892966777
 21
-108.272111120854
 31
0.0
  0
LINE
  5
5F8
330
6F
100
AcDbEntity
  8
_MotorCAD705_
100
AcDbLine
 10
-98.72826541519172
 20
112.578010449988
 30
0.0
 11
-101.923584596977
 21
109.775790735812
 31
0.0
  0
LINE
  5
5FA
330
6F
100
AcDbEntity
  8
_MotorCAD706_
100
AcDbLine
 10
-100.604892966777
 20
108.272111120854
 30
0.0
 11
-101.923584596977
 21
109.775790735812
 31
0.0
  0
LINE
  5
5FC
330
6F
100
AcDbEntity
  8
_MotorCAD707_
100
AcDbLine
 10
-97.4095737849916
 20
111.07433083503
 30
0.0
 11
-100.604892966777
 21
108.272111120854
 31
0.0
  0
LINE
  5
5FE
330
6F
100
AcDbEntity
  8
_MotorCAD708_
100
AcDbLine
 10
-94.21425460320591
 20
113.876550549205
 30
0.0
 11
-97.4095737849916
 21
111.07433083503
 31
0.0
  0
LINE
  5
600
330
6F
100
AcDbEntity
  8
_MotorCAD709_
100
AcDbLine
 10
-94.21425460320591
 20
113.876550549205
 30
0.0
 11
-95.53294623340608
 21
115.380230164163
 31
0.0
  0
LINE
  5
602
330
6F
100
AcDbEntity
  8
_MotorCAD710_
100
AcDbLine
 10
-95.53294623340608
 20
115.380230164163
 30
0.0
 11
-98.72826541519172
 21
112.578010449988
 31
0.0
  0
LINE
  5
604
330
6F
100
AcDbEntity
  8
_MotorCAD711_
100
AcDbLine
 10
-85.61185777274209
 20
-120.477401798524
 30
0.0
 11
-86.7229982387813
 21
-122.14034102313
 31
0.0
  0
LINE
  5
606
330
6F
100
AcDbEntity
  8
_MotorCAD712_
100
AcDbLine
 10
-83.18925238649551
 20
-124.501514513463
 30
0.0
 11
-86.7229982387813
 21
-122.14034102313
 31
0.0
  0
LINE
  5
608
330
6F
100
AcDbEntity
  8
_MotorCAD713_
100
AcDbLine
 10
-79.65550653420971
 20
-126.862688003796
 30
0.0
 11
-83.18925238649551
 21
-124.501514513463
 31
0.0
  0
LINE
  5
60A
330
6F
100
AcDbEntity
  8
_MotorCAD714_
100
AcDbLine
 10
-78.5443660681705
 20
-125.199748779191
 30
0.0
 11
-79.65550653420971
 21
-126.862688003796
 31
0.0
  0
LINE
  5
60C
330
6F
100
AcDbEntity
  8
_MotorCAD715_
100
AcDbLine
 10
-78.5443660681705
 20
-125.199748779191
 30
0.0
 11
-82.0781119204563
 21
-122.838575288858
 31
0.0
  0
LINE
  5
60E
330
6F
100
AcDbEntity
  8
_MotorCAD716_
100
AcDbLine
 10
-82.0781119204563
 20
-122.838575288858
 30
0.0
 11
-85.61185777274209
 21
-120.477401798524
 31
0.0
  0
LINE
  5
610
330
6F
100
AcDbEntity
  8
_MotorCAD717_
100
AcDbLine
 10
-83.18925238649541
 20
124.501514513463
 30
0.0
 11
-86.7229982387813
 21
122.14034102313
 31
0.0
  0
LINE
  5
612
330
6F
100
AcDbEntity
  8
_MotorCAD718_
100
AcDbLine
 10
-85.611857772742
 20
120.477401798525
 30
0.0
 11
-86.7229982387813
 21
122.14034102313
 31
0.0
  0
LINE
  5
614
330
6F
100
AcDbEntity
  8
_MotorCAD719_
100
AcDbLine
 10
-82.07811192045619
 20
122.838575288858
 30
0.0
 11
-85.611857772742
 21
120.477401798525
 31
0.0
  0
LINE
  5
616
330
6F
100
AcDbEntity
  8
_MotorCAD720_
100
AcDbLine
 10
-78.5443660681704
 20
125.199748779191
 30
0.0
 11
-82.07811192045619
 21
122.838575288858
 31
0.0
  0
LINE
  5
618
330
6F
100
AcDbEntity
  8
_MotorCAD721_
100
AcDbLine
 10
-78.5443660681704
 20
125.199748779191
 30
0.0
 11
-79.65550653420959
 21
126.862688003796
 31
0.0
  0
LINE
  5
61A
330
6F
100
AcDbEntity
  8
_MotorCAD722_
100
AcDbLine
 10
-79.65550653420959
 20
126.862688003796
 30
0.0
 11
-83.18925238649541
 21
124.501514513463
 31
0.0
  0
LINE
  5
61C
330
6F
100
AcDbEntity
  8
_MotorCAD723_
100
AcDbLine
 10
-69.1539799561241
 20
-130.621290728776
 30
0.0
 11
-70.03855733656209
 21
-132.415036211841
 31
0.0
  0
LINE
  5
61E
330
6F
100
AcDbEntity
  8
_MotorCAD724_
100
AcDbLine
 10
-66.22684818504819
 20
-134.294763145272
 30
0.0
 11
-70.03855733656209
 21
-132.415036211841
 31
0.0
  0
LINE
  5
620
330
6F
100
AcDbEntity
  8
_MotorCAD725_
100
AcDbLine
 10
-62.41513903353429
 20
-136.1744900787019
 30
0.0
 11
-66.22684818504819
 21
-134.294763145272
 31
0.0
  0
LINE
  5
622
330
6F
100
AcDbEntity
  8
_MotorCAD726_
100
AcDbLine
 10
-61.53056165309629
 20
-134.380744595637
 30
0.0
 11
-62.41513903353429
 21
-136.1744900787019
 31
0.0
  0
LINE
  5
624
330
6F
100
AcDbEntity
  8
_MotorCAD727_
100
AcDbLine
 10
-61.53056165309629
 20
-134.380744595637
 30
0.0
 11
-65.34227080461021
 21
-132.501017662206
 31
0.0
  0
LINE
  5
626
330
6F
100
AcDbEntity
  8
_MotorCAD728_
100
AcDbLine
 10
-65.34227080461021
 20
-132.501017662206
 30
0.0
 11
-69.1539799561241
 21
-130.621290728776
 31
0.0
  0
LINE
  5
628
330
6F
100
AcDbEntity
  8
_MotorCAD729_
100
AcDbLine
 10
-65.34227080461009
 20
132.501017662206
 30
0.0
 11
-69.153979956124
 21
130.621290728776
 31
0.0
  0
LINE
  5
62A
330
6F
100
AcDbEntity
  8
_MotorCAD730_
100
AcDbLine
 10
-61.5305616530962
 20
134.380744595637
 30
0.0
 11
-65.34227080461009
 21
132.501017662206
 31
0.0
  0
LINE
  5
62C
330
6F
100
AcDbEntity
  8
_MotorCAD731_
100
AcDbLine
 10
-61.5305616530962
 20
134.380744595637
 30
0.0
 11
-62.4151390335342
 21
136.1744900787019
 31
0.0
  0
LINE
  5
62E
330
6F
100
AcDbEntity
  8
_MotorCAD732_
100
AcDbLine
 10
-62.4151390335342
 20
136.1744900787019
 30
0.0
 11
-66.2268481850481
 21
134.294763145272
 31
0.0
  0
LINE
  5
630
330
6F
100
AcDbEntity
  8
_MotorCAD733_
100
AcDbLine
 10
-66.2268481850481
 20
134.294763145272
 30
0.0
 11
-70.03855733656201
 21
132.415036211841
 31
0.0
  0
LINE
  5
632
330
6F
100
AcDbEntity
  8
_MotorCAD734_
100
AcDbLine
 10
-69.153979956124
 20
130.621290728776
 30
0.0
 11
-70.03855733656201
 21
132.415036211841
 31
0.0
  0
LINE
  5
634
330
6F
100
AcDbEntity
  8
_MotorCAD735_
100
AcDbLine
 10
-47.48840531899709
 20
139.896330887132
 30
0.0
 11
-51.5128583693512
 21
138.530213159594
 31
0.0
  0
LINE
  5
636
330
6F
100
AcDbEntity
  8
_MotorCAD736_
100
AcDbLine
 10
-43.4639522686429
 20
141.262448614671
 30
0.0
 11
-47.48840531899709
 21
139.896330887132
 31
0.0
  0
LINE
  5
638
330
6F
100
AcDbEntity
  8
_MotorCAD737_
100
AcDbLine
 10
-43.4639522686429
 20
141.262448614671
 30
0.0
 11
-44.1068311992492
 21
143.156308873661
 31
0.0
  0
LINE
  5
63A
330
6F
100
AcDbEntity
  8
_MotorCAD738_
100
AcDbLine
 10
-44.1068311992492
 20
143.156308873661
 30
0.0
 11
-48.13128424960339
 21
141.790191146122
 31
0.0
  0
LINE
  5
63C
330
6F
100
AcDbEntity
  8
_MotorCAD739_
100
AcDbLine
 10
-48.13128424960339
 20
141.790191146122
 30
0.0
 11
-52.1557372999576
 21
140.424073418584
 31
0.0
  0
LINE
  5
63E
330
6F
100
AcDbEntity
  8
_MotorCAD740_
100
AcDbLine
 10
-51.5128583693512
 20
138.530213159594
 30
0.0
 11
-52.1557372999576
 21
140.424073418584
 31
0.0
  0
LINE
  5
640
330
6F
100
AcDbEntity
  8
_MotorCAD741_
100
AcDbLine
 10
-51.5128583693512
 20
-138.530213159594
 30
0.0
 11
-52.1557372999575
 21
-140.424073418584
 31
0.0
  0
LINE
  5
642
330
6F
100
AcDbEntity
  8
_MotorCAD742_
100
AcDbLine
 10
-48.13128424960329
 20
-141.790191146122
 30
0.0
 11
-52.1557372999575
 21
-140.424073418584
 31
0.0
  0
LINE
  5
644
330
6F
100
AcDbEntity
  8
_MotorCAD743_
100
AcDbLine
 10
-44.1068311992492
 20
-143.156308873661
 30
0.0
 11
-48.13128424960329
 21
-141.790191146122
 31
0.0
  0
LINE
  5
646
330
6F
100
AcDbEntity
  8
_MotorCAD744_
100
AcDbLine
 10
-43.4639522686429
 20
-141.262448614671
 30
0.0
 11
-44.1068311992492
 21
-143.156308873661
 31
0.0
  0
LINE
  5
648
330
6F
100
AcDbEntity
  8
_MotorCAD745_
100
AcDbLine
 10
-43.4639522686429
 20
-141.262448614671
 30
0.0
 11
-47.488405318997
 21
-139.896330887132
 31
0.0
  0
LINE
  5
64A
330
6F
100
AcDbEntity
  8
_MotorCAD746_
100
AcDbLine
 10
-47.488405318997
 20
-139.896330887132
 30
0.0
 11
-51.5128583693512
 21
-138.530213159594
 31
0.0
  0
LINE
  5
64C
330
6F
100
AcDbEntity
  8
_MotorCAD747_
100
AcDbLine
 10
-29.2121806961348
 20
146.859549664795
 30
0.0
 11
-33.3805181378486
 21
146.030415796227
 31
0.0
  0
LINE
  5
64E
330
6F
100
AcDbEntity
  8
_MotorCAD748_
100
AcDbLine
 10
-32.9903374938163
 20
144.06884523542
 30
0.0
 11
-33.3805181378486
 21
146.030415796227
 31
0.0
  0
LINE
  5
650
330
6F
100
AcDbEntity
  8
_MotorCAD749_
100
AcDbLine
 10
-28.8220000521026
 20
144.897979103989
 30
0.0
 11
-32.9903374938163
 21
144.06884523542
 31
0.0
  0
LINE
  5
652
330
6F
100
AcDbEntity
  8
_MotorCAD750_
100
AcDbLine
 10
-24.6536626103889
 20
145.727112972557
 30
0.0
 11
-28.8220000521026
 21
144.897979103989
 31
0.0
  0
LINE
  5
654
330
6F
100
AcDbEntity
  8
_MotorCAD751_
100
AcDbLine
 10
-24.6536626103889
 20
145.727112972557
 30
0.0
 11
-25.0438432544211
 21
147.688683533364
 31
0.0
  0
LINE
  5
656
330
6F
100
AcDbEntity
  8
_MotorCAD752_
100
AcDbLine
 10
-25.0438432544211
 20
147.688683533364
 30
0.0
 11
-29.2121806961348
 21
146.859549664795
 31
0.0
  0
LINE
  5
658
330
6F
100
AcDbEntity
  8
_MotorCAD753_
100
AcDbLine
 10
-32.9903374938163
 20
-144.06884523542
 30
0.0
 11
-33.3805181378486
 21
-146.030415796227
 31
0.0
  0
LINE
  5
65A
330
6F
100
AcDbEntity
  8
_MotorCAD754_
100
AcDbLine
 10
-29.2121806961348
 20
-146.859549664795
 30
0.0
 11
-33.3805181378486
 21
-146.030415796227
 31
0.0
  0
LINE
  5
65C
330
6F
100
AcDbEntity
  8
_MotorCAD755_
100
AcDbLine
 10
-25.0438432544211
 20
-147.688683533364
 30
0.0
 11
-29.2121806961348
 21
-146.859549664795
 31
0.0
  0
LINE
  5
65E
330
6F
100
AcDbEntity
  8
_MotorCAD756_
100
AcDbLine
 10
-24.6536626103889
 20
-145.727112972557
 30
0.0
 11
-25.0438432544211
 21
-147.688683533364
 31
0.0
  0
LINE
  5
660
330
6F
100
AcDbEntity
  8
_MotorCAD757_
100
AcDbLine
 10
-24.6536626103889
 20
-145.727112972557
 30
0.0
 11
-28.8220000521026
 21
-144.897979103989
 31
0.0
  0
LINE
  5
662
330
6F
100
AcDbEntity
  8
_MotorCAD758_
100
AcDbLine
 10
-28.8220000521026
 20
-144.897979103989
 30
0.0
 11
-32.9903374938163
 21
-144.06884523542
 31
0.0
  0
LINE
  5
664
330
6F
100
AcDbEntity
  8
_MotorCAD759_
100
AcDbLine
 10
-13.9033427971127
 20
-147.142419425838
 30
0.0
 11
-14.0341490555729
 21
-149.138137272315
 31
0.0
  0
LINE
  5
666
330
6F
100
AcDbEntity
  8
_MotorCAD760_
100
AcDbLine
 10
-9.793248631808868
 20
-149.416100571544
 30
0.0
 11
-14.0341490555729
 21
-149.138137272315
 31
0.0
  0
LINE
  5
668
330
6F
100
AcDbEntity
  8
_MotorCAD761_
100
AcDbLine
 10
-5.552348208044809
 20
-149.694063870772
 30
0.0
 11
-9.793248631808868
 21
-149.416100571544
 31
0.0
  0
LINE
  5
66A
330
6F
100
AcDbEntity
  8
_MotorCAD762_
100
AcDbLine
 10
-5.421541949584558
 20
-147.698346024294
 30
0.0
 11
-5.552348208044809
 21
-149.694063870772
 31
0.0
  0
LINE
  5
66C
330
6F
100
AcDbEntity
  8
_MotorCAD763_
100
AcDbLine
 10
-5.421541949584558
 20
-147.698346024294
 30
0.0
 11
-9.66244237334858
 21
-147.420382725066
 31
0.0
  0
LINE
  5
66E
330
6F
100
AcDbEntity
  8
_MotorCAD764_
100
AcDbLine
 10
-9.66244237334858
 20
-147.420382725066
 30
0.0
 11
-13.9033427971127
 21
-147.142419425838
 31
0.0
  0
LINE
  5
670
330
6F
100
AcDbEntity
  8
_MotorCAD765_
100
AcDbLine
 10
-9.793248631808848
 20
149.416100571544
 30
0.0
 11
-14.0341490555729
 21
149.138137272315
 31
0.0
  0
LINE
  5
672
330
6F
100
AcDbEntity
  8
_MotorCAD766_
100
AcDbLine
 10
-13.9033427971126
 20
147.142419425838
 30
0.0
 11
-14.0341490555729
 21
149.138137272315
 31
0.0
  0
LINE
  5
674
330
6F
100
AcDbEntity
  8
_MotorCAD767_
100
AcDbLine
 10
-9.66244237334857
 20
147.420382725066
 30
0.0
 11
-13.9033427971126
 21
147.142419425838
 31
0.0
  0
LINE
  5
676
330
6F
100
AcDbEntity
  8
_MotorCAD768_
100
AcDbLine
 10
-5.421541949584489
 20
147.698346024294
 30
0.0
 11
-9.66244237334857
 21
147.420382725066
 31
0.0
  0
LINE
  5
678
330
6F
100
AcDbEntity
  8
_MotorCAD769_
100
AcDbLine
 10
-5.421541949584489
 20
147.698346024294
 30
0.0
 11
-5.552348208044799
 21
149.694063870772
 31
0.0
  0
LINE
  5
67A
330
6F
100
AcDbEntity
  8
_MotorCAD770_
100
AcDbLine
 10
-5.552348208044799
 20
149.694063870772
 30
0.0
 11
-9.793248631808848
 21
149.416100571544
 31
0.0
  0
LINE
  5
67C
330
6F
100
AcDbEntity
  8
_MotorCAD771_
100
AcDbLine
 10
9.793248631808831
 20
-149.416100571544
 30
0.0
 11
5.55234820804478
 21
-149.694063870772
 31
0.0
  0
LINE
  5
67E
330
6F
100
AcDbEntity
  8
_MotorCAD772_
100
AcDbLine
 10
14.0341490555729
 20
-149.138137272315
 30
0.0
 11
9.793248631808831
 21
-149.416100571544
 31
0.0
  0
LINE
  5
680
330
6F
100
AcDbEntity
  8
_MotorCAD773_
100
AcDbLine
 10
14.0341490555729
 20
-149.138137272315
 30
0.0
 11
13.9033427971126
 21
-147.142419425838
 31
0.0
  0
LINE
  5
682
330
6F
100
AcDbEntity
  8
_MotorCAD774_
100
AcDbLine
 10
13.9033427971126
 20
-147.142419425838
 30
0.0
 11
9.66244237334855
 21
-147.420382725066
 31
0.0
  0
LINE
  5
684
330
6F
100
AcDbEntity
  8
_MotorCAD775_
100
AcDbLine
 10
9.66244237334855
 20
-147.420382725066
 30
0.0
 11
5.42154194958447
 21
-147.698346024294
 31
0.0
  0
LINE
  5
686
330
6F
100
AcDbEntity
  8
_MotorCAD776_
100
AcDbLine
 10
5.55234820804478
 20
-149.694063870772
 30
0.0
 11
5.42154194958447
 21
-147.698346024294
 31
0.0
  0
LINE
  5
688
330
6F
100
AcDbEntity
  8
_MotorCAD777_
100
AcDbLine
 10
13.9033427971127
 20
147.142419425838
 30
0.0
 11
9.6624423733486
 21
147.420382725066
 31
0.0
  0
LINE
  5
68A
330
6F
100
AcDbEntity
  8
_MotorCAD778_
100
AcDbLine
 10
14.0341490555729
 20
149.138137272315
 30
0.0
 11
13.9033427971127
 21
147.142419425838
 31
0.0
  0
LINE
  5
68C
330
6F
100
AcDbEntity
  8
_MotorCAD779_
100
AcDbLine
 10
14.0341490555729
 20
149.138137272315
 30
0.0
 11
9.79324863180888
 21
149.416100571544
 31
0.0
  0
LINE
  5
68E
330
6F
100
AcDbEntity
  8
_MotorCAD780_
100
AcDbLine
 10
9.79324863180888
 20
149.416100571544
 30
0.0
 11
5.552348208044819
 21
149.694063870772
 31
0.0
  0
LINE
  5
690
330
6F
100
AcDbEntity
  8
_MotorCAD781_
100
AcDbLine
 10
5.552348208044819
 20
149.694063870772
 30
0.0
 11
5.421541949584569
 21
147.698346024294
 31
0.0
  0
LINE
  5
692
330
6F
100
AcDbEntity
  8
_MotorCAD782_
100
AcDbLine
 10
9.6624423733486
 20
147.420382725066
 30
0.0
 11
5.421541949584569
 21
147.698346024294
 31
0.0
  0
LINE
  5
694
330
6F
100
AcDbEntity
  8
_MotorCAD783_
100
AcDbLine
 10
29.2121806961348
 20
-146.859549664795
 30
0.0
 11
25.0438432544211
 21
-147.688683533364
 31
0.0
  0
LINE
  5
696
330
6F
100
AcDbEntity
  8
_MotorCAD784_
100
AcDbLine
 10
33.38051813784851
 20
-146.030415796227
 30
0.0
 11
29.2121806961348
 21
-146.859549664795
 31
0.0
  0
LINE
  5
698
330
6F
100
AcDbEntity
  8
_MotorCAD785_
100
AcDbLine
 10
33.38051813784851
 20
-146.030415796227
 30
0.0
 11
32.9903374938162
 21
-144.06884523542
 31
0.0
  0
LINE
  5
69A
330
6F
100
AcDbEntity
  8
_MotorCAD786_
100
AcDbLine
 10
32.9903374938162
 20
-144.06884523542
 30
0.0
 11
28.8220000521026
 21
-144.897979103989
 31
0.0
  0
LINE
  5
69C
330
6F
100
AcDbEntity
  8
_MotorCAD787_
100
AcDbLine
 10
28.8220000521026
 20
-144.897979103989
 30
0.0
 11
24.6536626103888
 21
-145.727112972557
 31
0.0
  0
LINE
  5
69E
330
6F
100
AcDbEntity
  8
_MotorCAD788_
100
AcDbLine
 10
25.0438432544211
 20
-147.688683533364
 30
0.0
 11
24.6536626103888
 21
-145.727112972557
 31
0.0
  0
LINE
  5
6A0
330
6F
100
AcDbEntity
  8
_MotorCAD789_
100
AcDbLine
 10
32.9903374938163
 20
144.06884523542
 30
0.0
 11
28.8220000521026
 21
144.897979103989
 31
0.0
  0
LINE
  5
6A2
330
6F
100
AcDbEntity
  8
_MotorCAD790_
100
AcDbLine
 10
33.3805181378486
 20
146.030415796227
 30
0.0
 11
32.9903374938163
 21
144.06884523542
 31
0.0
  0
LINE
  5
6A4
330
6F
100
AcDbEntity
  8
_MotorCAD791_
100
AcDbLine
 10
33.3805181378486
 20
146.030415796227
 30
0.0
 11
29.2121806961348
 21
146.859549664795
 31
0.0
  0
LINE
  5
6A6
330
6F
100
AcDbEntity
  8
_MotorCAD792_
100
AcDbLine
 10
29.2121806961348
 20
146.859549664795
 30
0.0
 11
25.0438432544211
 21
147.688683533364
 31
0.0
  0
LINE
  5
6A8
330
6F
100
AcDbEntity
  8
_MotorCAD793_
100
AcDbLine
 10
25.0438432544211
 20
147.688683533364
 30
0.0
 11
24.6536626103889
 21
145.727112972557
 31
0.0
  0
LINE
  5
6AA
330
6F
100
AcDbEntity
  8
_MotorCAD794_
100
AcDbLine
 10
28.8220000521026
 20
144.897979103989
 30
0.0
 11
24.6536626103889
 21
145.727112972557
 31
0.0
  0
LINE
  5
6AC
330
6F
100
AcDbEntity
  8
_MotorCAD795_
100
AcDbLine
 10
48.13128424960329
 20
-141.790191146122
 30
0.0
 11
44.1068311992491
 21
-143.156308873661
 31
0.0
  0
LINE
  5
6AE
330
6F
100
AcDbEntity
  8
_MotorCAD796_
100
AcDbLine
 10
52.1557372999575
 20
-140.424073418584
 30
0.0
 11
48.13128424960329
 21
-141.790191146122
 31
0.0
  0
LINE
  5
6B0
330
6F
100
AcDbEntity
  8
_MotorCAD797_
100
AcDbLine
 10
52.1557372999575
 20
-140.424073418584
 30
0.0
 11
51.5128583693512
 21
-138.530213159594
 31
0.0
  0
LINE
  5
6B2
330
6F
100
AcDbEntity
  8
_MotorCAD798_
100
AcDbLine
 10
51.5128583693512
 20
-138.530213159594
 30
0.0
 11
47.488405318997
 21
-139.896330887132
 31
0.0
  0
LINE
  5
6B4
330
6F
100
AcDbEntity
  8
_MotorCAD799_
100
AcDbLine
 10
47.488405318997
 20
-139.896330887132
 30
0.0
 11
43.4639522686428
 21
-141.262448614671
 31
0.0
  0
LINE
  5
6B6
330
6F
100
AcDbEntity
  8
_MotorCAD800_
100
AcDbLine
 10
44.1068311992491
 20
-143.156308873661
 30
0.0
 11
43.4639522686428
 21
-141.262448614671
 31
0.0
  0
LINE
  5
6B8
330
6F
100
AcDbEntity
  8
_MotorCAD801_
100
AcDbLine
 10
51.5128583693513
 20
138.530213159594
 30
0.0
 11
47.48840531899709
 21
139.896330887132
 31
0.0
  0
LINE
  5
6BA
330
6F
100
AcDbEntity
  8
_MotorCAD802_
100
AcDbLine
 10
52.1557372999576
 20
140.424073418584
 30
0.0
 11
51.5128583693513
 21
138.530213159594
 31
0.0
  0
LINE
  5
6BC
330
6F
100
AcDbEntity
  8
_MotorCAD803_
100
AcDbLine
 10
52.1557372999576
 20
140.424073418584
 30
0.0
 11
48.13128424960339
 21
141.790191146122
 31
0.0
  0
LINE
  5
6BE
330
6F
100
AcDbEntity
  8
_MotorCAD804_
100
AcDbLine
 10
48.13128424960339
 20
141.790191146122
 30
0.0
 11
44.1068311992492
 21
143.156308873661
 31
0.0
  0
LINE
  5
6C0
330
6F
100
AcDbEntity
  8
_MotorCAD805_
100
AcDbLine
 10
44.1068311992492
 20
143.156308873661
 30
0.0
 11
43.4639522686429
 21
141.262448614671
 31
0.0
  0
LINE
  5
6C2
330
6F
100
AcDbEntity
  8
_MotorCAD806_
100
AcDbLine
 10
47.48840531899709
 20
139.896330887132
 30
0.0
 11
43.4639522686429
 21
141.262448614671
 31
0.0
  0
LINE
  5
6C4
330
6F
100
AcDbEntity
  8
_MotorCAD807_
100
AcDbLine
 10
66.22684818504819
 20
-134.294763145272
 30
0.0
 11
62.4151390335342
 21
-136.1744900787019
 31
0.0
  0
LINE
  5
6C6
330
6F
100
AcDbEntity
  8
_MotorCAD808_
100
AcDbLine
 10
70.03855733656209
 20
-132.415036211841
 30
0.0
 11
66.22684818504819
 21
-134.294763145272
 31
0.0
  0
LINE
  5
6C8
330
6F
100
AcDbEntity
  8
_MotorCAD809_
100
AcDbLine
 10
70.03855733656209
 20
-132.415036211841
 30
0.0
 11
69.153979956124
 21
-130.621290728776
 31
0.0
  0
LINE
  5
6CA
330
6F
100
AcDbEntity
  8
_MotorCAD810_
100
AcDbLine
 10
69.153979956124
 20
-130.621290728776
 30
0.0
 11
65.34227080461021
 21
-132.501017662206
 31
0.0
  0
LINE
  5
6CC
330
6F
100
AcDbEntity
  8
_MotorCAD811_
100
AcDbLine
 10
65.34227080461021
 20
-132.501017662206
 30
0.0
 11
61.5305616530962
 21
-134.380744595637
 31
0.0
  0
LINE
  5
6CE
330
6F
100
AcDbEntity
  8
_MotorCAD812_
100
AcDbLine
 10
62.4151390335342
 20
-136.1744900787019
 30
0.0
 11
61.5305616530962
 21
-134.380744595637
 31
0.0
  0
LINE
  5
6D0
330
6F
100
AcDbEntity
  8
_MotorCAD813_
100
AcDbLine
 10
69.1539799561241
 20
130.621290728776
 30
0.0
 11
65.34227080461009
 21
132.501017662206
 31
0.0
  0
LINE
  5
6D2
330
6F
100
AcDbEntity
  8
_MotorCAD814_
100
AcDbLine
 10
70.03855733656201
 20
132.415036211841
 30
0.0
 11
69.1539799561241
 21
130.621290728776
 31
0.0
  0
LINE
  5
6D4
330
6F
100
AcDbEntity
  8
_MotorCAD815_
100
AcDbLine
 10
70.03855733656201
 20
132.415036211841
 30
0.0
 11
66.2268481850481
 21
134.294763145272
 31
0.0
  0
LINE
  5
6D6
330
6F
100
AcDbEntity
  8
_MotorCAD816_
100
AcDbLine
 10
66.2268481850481
 20
134.294763145272
 30
0.0
 11
62.4151390335342
 21
136.1744900787019
 31
0.0
  0
LINE
  5
6D8
330
6F
100
AcDbEntity
  8
_MotorCAD817_
100
AcDbLine
 10
62.4151390335342
 20
136.1744900787019
 30
0.0
 11
61.53056165309629
 21
134.380744595637
 31
0.0
  0
LINE
  5
6DA
330
6F
100
AcDbEntity
  8
_MotorCAD818_
100
AcDbLine
 10
65.34227080461009
 20
132.501017662206
 30
0.0
 11
61.53056165309629
 21
134.380744595637
 31
0.0
  0
LINE
  5
6DC
330
6F
100
AcDbEntity
  8
_MotorCAD819_
100
AcDbLine
 10
83.18925238649551
 20
-124.501514513463
 30
0.0
 11
79.65550653420971
 21
-126.862688003796
 31
0.0
  0
LINE
  5
6DE
330
6F
100
AcDbEntity
  8
_MotorCAD820_
100
AcDbLine
 10
86.7229982387813
 20
-122.14034102313
 30
0.0
 11
83.18925238649551
 21
-124.501514513463
 31
0.0
  0
LINE
  5
6E0
330
6F
100
AcDbEntity
  8
_MotorCAD821_
100
AcDbLine
 10
86.7229982387813
 20
-122.14034102313
 30
0.0
 11
85.61185777274209
 21
-120.477401798525
 31
0.0
  0
LINE
  5
6E2
330
6F
100
AcDbEntity
  8
_MotorCAD822_
100
AcDbLine
 10
85.61185777274209
 20
-120.477401798525
 30
0.0
 11
82.0781119204563
 21
-122.838575288858
 31
0.0
  0
LINE
  5
6E4
330
6F
100
AcDbEntity
  8
_MotorCAD823_
100
AcDbLine
 10
82.0781119204563
 20
-122.838575288858
 30
0.0
 11
78.5443660681704
 21
-125.199748779191
 31
0.0
  0
LINE
  5
6E6
330
6F
100
AcDbEntity
  8
_MotorCAD824_
100
AcDbLine
 10
79.65550653420971
 20
-126.862688003796
 30
0.0
 11
78.5443660681704
 21
-125.199748779191
 31
0.0
  0
LINE
  5
6E8
330
6F
100
AcDbEntity
  8
_MotorCAD825_
100
AcDbLine
 10
85.61185777274209
 20
120.477401798525
 30
0.0
 11
82.0781119204563
 21
122.838575288858
 31
0.0
  0
LINE
  5
6EA
330
6F
100
AcDbEntity
  8
_MotorCAD826_
100
AcDbLine
 10
86.7229982387813
 20
122.14034102313
 30
0.0
 11
85.61185777274209
 21
120.477401798525
 31
0.0
  0
LINE
  5
6EC
330
6F
100
AcDbEntity
  8
_MotorCAD827_
100
AcDbLine
 10
86.7229982387813
 20
122.14034102313
 30
0.0
 11
83.18925238649551
 21
124.501514513463
 31
0.0
  0
LINE
  5
6EE
330
6F
100
AcDbEntity
  8
_MotorCAD828_
100
AcDbLine
 10
83.18925238649551
 20
124.501514513463
 30
0.0
 11
79.65550653420971
 21
126.862688003796
 31
0.0
  0
LINE
  5
6F0
330
6F
100
AcDbEntity
  8
_MotorCAD829_
100
AcDbLine
 10
79.65550653420971
 20
126.862688003796
 30
0.0
 11
78.5443660681705
 21
125.199748779191
 31
0.0
  0
LINE
  5
6F2
330
6F
100
AcDbEntity
  8
_MotorCAD830_
100
AcDbLine
 10
82.0781119204563
 20
122.838575288858
 30
0.0
 11
78.5443660681705
 21
125.199748779191
 31
0.0
  0
LINE
  5
6F4
330
6F
100
AcDbEntity
  8
_MotorCAD831_
100
AcDbLine
 10
98.72826541519172
 20
-112.578010449988
 30
0.0
 11
95.53294623340608
 21
-115.380230164163
 31
0.0
  0
LINE
  5
6F6
330
6F
100
AcDbEntity
  8
_MotorCAD832_
100
AcDbLine
 10
101.923584596977
 20
-109.775790735812
 30
0.0
 11
98.72826541519172
 21
-112.578010449988
 31
0.0
  0
LINE
  5
6F8
330
6F
100
AcDbEntity
  8
_MotorCAD833_
100
AcDbLine
 10
101.923584596977
 20
-109.775790735812
 30
0.0
 11
100.604892966777
 21
-108.272111120854
 31
0.0
  0
LINE
  5
6FA
330
6F
100
AcDbEntity
  8
_MotorCAD834_
100
AcDbLine
 10
100.604892966777
 20
-108.272111120854
 30
0.0
 11
97.4095737849916
 21
-111.07433083503
 31
0.0
  0
LINE
  5
6FC
330
6F
100
AcDbEntity
  8
_MotorCAD835_
100
AcDbLine
 10
97.4095737849916
 20
-111.07433083503
 30
0.0
 11
94.21425460320591
 21
-113.876550549205
 31
0.0
  0
LINE
  5
6FE
330
6F
100
AcDbEntity
  8
_MotorCAD836_
100
AcDbLine
 10
95.53294623340608
 20
-115.380230164163
 30
0.0
 11
94.21425460320591
 21
-113.876550549205
 31
0.0
  0
LINE
  5
700
330
6F
100
AcDbEntity
  8
_MotorCAD837_
100
AcDbLine
 10
100.604892966777
 20
108.272111120854
 30
0.0
 11
97.4095737849916
 21
111.07433083503
 31
0.0
  0
LINE
  5
702
330
6F
100
AcDbEntity
  8
_MotorCAD838_
100
AcDbLine
 10
101.923584596977
 20
109.775790735812
 30
0.0
 11
100.604892966777
 21
108.272111120854
 31
0.0
  0
LINE
  5
704
330
6F
100
AcDbEntity
  8
_MotorCAD839_
100
AcDbLine
 10
101.923584596977
 20
109.775790735812
 30
0.0
 11
98.72826541519172
 21
112.578010449988
 31
0.0
  0
LINE
  5
706
330
6F
100
AcDbEntity
  8
_MotorCAD840_
100
AcDbLine
 10
98.72826541519172
 20
112.578010449988
 30
0.0
 11
95.53294623340608
 21
115.380230164163
 31
0.0
  0
LINE
  5
708
330
6F
100
AcDbEntity
  8
_MotorCAD841_
100
AcDbLine
 10
95.53294623340608
 20
115.380230164163
 30
0.0
 11
94.214254603206
 21
113.876550549205
 31
0.0
  0
LINE
  5
70A
330
6F
100
AcDbEntity
  8
_MotorCAD842_
100
AcDbLine
 10
97.4095737849916
 20
111.07433083503
 30
0.0
 11
94.214254603206
 21
113.876550549205
 31
0.0
  0
LINE
  5
70C
330
6F
100
AcDbEntity
  8
_MotorCAD843_
100
AcDbLine
 10
112.578010449988
 20
-98.72826541519172
 30
0.0
 11
109.775790735812
 21
-101.923584596977
 31
0.0
  0
LINE
  5
70E
330
6F
100
AcDbEntity
  8
_MotorCAD844_
100
AcDbLine
 10
115.380230164163
 20
-95.53294623340608
 30
0.0
 11
112.578010449988
 21
-98.72826541519172
 31
0.0
  0
LINE
  5
710
330
6F
100
AcDbEntity
  8
_MotorCAD845_
100
AcDbLine
 10
115.380230164163
 20
-95.53294623340608
 30
0.0
 11
113.876550549205
 21
-94.214254603206
 31
0.0
  0
LINE
  5
712
330
6F
100
AcDbEntity
  8
_MotorCAD846_
100
AcDbLine
 10
113.876550549205
 20
-94.214254603206
 30
0.0
 11
111.07433083503
 21
-97.4095737849916
 31
0.0
  0
LINE
  5
714
330
6F
100
AcDbEntity
  8
_MotorCAD847_
100
AcDbLine
 10
111.07433083503
 20
-97.4095737849916
 30
0.0
 11
108.272111120854
 21
-100.604892966777
 31
0.0
  0
LINE
  5
716
330
6F
100
AcDbEntity
  8
_MotorCAD848_
100
AcDbLine
 10
109.775790735812
 20
-101.923584596977
 30
0.0
 11
108.272111120854
 21
-100.604892966777
 31
0.0
  0
LINE
  5
718
330
6F
100
AcDbEntity
  8
_MotorCAD849_
100
AcDbLine
 10
113.876550549205
 20
94.21425460320591
 30
0.0
 11
111.07433083503
 21
97.4095737849916
 31
0.0
  0
LINE
  5
71A
330
6F
100
AcDbEntity
  8
_MotorCAD850_
100
AcDbLine
 10
115.380230164163
 20
95.53294623340608
 30
0.0
 11
113.876550549205
 21
94.21425460320591
 31
0.0
  0
LINE
  5
71C
330
6F
100
AcDbEntity
  8
_MotorCAD851_
100
AcDbLine
 10
115.380230164163
 20
95.53294623340608
 30
0.0
 11
112.578010449988
 21
98.72826541519172
 31
0.0
  0
LINE
  5
71E
330
6F
100
AcDbEntity
  8
_MotorCAD852_
100
AcDbLine
 10
112.578010449988
 20
98.72826541519172
 30
0.0
 11
109.775790735812
 21
101.923584596977
 31
0.0
  0
LINE
  5
720
330
6F
100
AcDbEntity
  8
_MotorCAD853_
100
AcDbLine
 10
109.775790735812
 20
101.923584596977
 30
0.0
 11
108.272111120854
 21
100.604892966777
 31
0.0
  0
LINE
  5
722
330
6F
100
AcDbEntity
  8
_MotorCAD854_
100
AcDbLine
 10
111.07433083503
 20
97.4095737849916
 30
0.0
 11
108.272111120854
 21
100.604892966777
 31
0.0
  0
LINE
  5
724
330
6F
100
AcDbEntity
  8
_MotorCAD855_
100
AcDbLine
 10
124.501514513463
 20
-83.18925238649551
 30
0.0
 11
122.14034102313
 21
-86.7229982387813
 31
0.0
  0
LINE
  5
726
330
6F
100
AcDbEntity
  8
_MotorCAD856_
100
AcDbLine
 10
126.862688003796
 20
-79.65550653420971
 30
0.0
 11
124.501514513463
 21
-83.18925238649551
 31
0.0
  0
LINE
  5
728
330
6F
100
AcDbEntity
  8
_MotorCAD857_
100
AcDbLine
 10
126.862688003796
 20
-79.65550653420971
 30
0.0
 11
125.199748779191
 21
-78.5443660681705
 31
0.0
  0
LINE
  5
72A
330
6F
100
AcDbEntity
  8
_MotorCAD858_
100
AcDbLine
 10
125.199748779191
 20
-78.5443660681705
 30
0.0
 11
122.838575288858
 21
-82.0781119204563
 31
0.0
  0
LINE
  5
72C
330
6F
100
AcDbEntity
  8
_MotorCAD859_
100
AcDbLine
 10
122.838575288858
 20
-82.0781119204563
 30
0.0
 11
120.477401798524
 21
-85.61185777274209
 31
0.0
  0
LINE
  5
72E
330
6F
100
AcDbEntity
  8
_MotorCAD860_
100
AcDbLine
 10
122.14034102313
 20
-86.7229982387813
 30
0.0
 11
120.477401798524
 21
-85.61185777274209
 31
0.0
  0
LINE
  5
730
330
6F
100
AcDbEntity
  8
_MotorCAD861_
100
AcDbLine
 10
125.199748779191
 20
78.5443660681704
 30
0.0
 11
122.838575288858
 21
82.0781119204563
 31
0.0
  0
LINE
  5
732
330
6F
100
AcDbEntity
  8
_MotorCAD862_
100
AcDbLine
 10
126.862688003796
 20
79.65550653420959
 30
0.0
 11
125.199748779191
 21
78.5443660681704
 31
0.0
  0
LINE
  5
734
330
6F
100
AcDbEntity
  8
_MotorCAD863_
100
AcDbLine
 10
126.862688003796
 20
79.65550653420959
 30
0.0
 11
124.501514513463
 21
83.18925238649541
 31
0.0
  0
LINE
  5
736
330
6F
100
AcDbEntity
  8
_MotorCAD864_
100
AcDbLine
 10
124.501514513463
 20
83.18925238649541
 30
0.0
 11
122.14034102313
 21
86.7229982387812
 31
0.0
  0
LINE
  5
738
330
6F
100
AcDbEntity
  8
_MotorCAD865_
100
AcDbLine
 10
122.14034102313
 20
86.7229982387812
 30
0.0
 11
120.477401798525
 21
85.611857772742
 31
0.0
  0
LINE
  5
73A
330
6F
100
AcDbEntity
  8
_MotorCAD866_
100
AcDbLine
 10
122.838575288858
 20
82.0781119204563
 30
0.0
 11
120.477401798525
 21
85.611857772742
 31
0.0
  0
LINE
  5
73C
330
6F
100
AcDbEntity
  8
_MotorCAD867_
100
AcDbLine
 10
134.294763145272
 20
-66.22684818504819
 30
0.0
 11
132.415036211841
 21
-70.03855733656209
 31
0.0
  0
LINE
  5
73E
330
6F
100
AcDbEntity
  8
_MotorCAD868_
100
AcDbLine
 10
136.1744900787019
 20
-62.41513903353429
 30
0.0
 11
134.294763145272
 21
-66.22684818504819
 31
0.0
  0
LINE
  5
740
330
6F
100
AcDbEntity
  8
_MotorCAD869_
100
AcDbLine
 10
136.1744900787019
 20
-62.41513903353429
 30
0.0
 11
134.380744595637
 21
-61.53056165309629
 31
0.0
  0
LINE
  5
742
330
6F
100
AcDbEntity
  8
_MotorCAD870_
100
AcDbLine
 10
134.380744595637
 20
-61.53056165309629
 30
0.0
 11
132.501017662206
 21
-65.34227080461021
 31
0.0
  0
LINE
  5
744
330
6F
100
AcDbEntity
  8
_MotorCAD871_
100
AcDbLine
 10
132.501017662206
 20
-65.34227080461021
 30
0.0
 11
130.621290728776
 21
-69.1539799561241
 31
0.0
  0
LINE
  5
746
330
6F
100
AcDbEntity
  8
_MotorCAD872_
100
AcDbLine
 10
132.415036211841
 20
-70.03855733656209
 30
0.0
 11
130.621290728776
 21
-69.1539799561241
 31
0.0
  0
LINE
  5
748
330
6F
100
AcDbEntity
  8
_MotorCAD873_
100
AcDbLine
 10
134.380744595637
 20
61.5305616530962
 30
0.0
 11
132.501017662206
 21
65.34227080461009
 31
0.0
  0
LINE
  5
74A
330
6F
100
AcDbEntity
  8
_MotorCAD874_
100
AcDbLine
 10
136.174490078703
 20
62.4151390335342
 30
0.0
 11
134.380744595637
 21
61.5305616530962
 31
0.0
  0
LINE
  5
74C
330
6F
100
AcDbEntity
  8
_MotorCAD875_
100
AcDbLine
 10
136.174490078703
 20
62.4151390335342
 30
0.0
 11
134.294763145272
 21
66.2268481850481
 31
0.0
  0
LINE
  5
74E
330
6F
100
AcDbEntity
  8
_MotorCAD876_
100
AcDbLine
 10
134.294763145272
 20
66.2268481850481
 30
0.0
 11
132.415036211841
 21
70.03855733656209
 31
0.0
  0
LINE
  5
750
330
6F
100
AcDbEntity
  8
_MotorCAD877_
100
AcDbLine
 10
132.415036211841
 20
70.03855733656209
 30
0.0
 11
130.621290728776
 21
69.153979956124
 31
0.0
  0
LINE
  5
752
330
6F
100
AcDbEntity
  8
_MotorCAD878_
100
AcDbLine
 10
132.501017662206
 20
65.34227080461009
 30
0.0
 11
130.621290728776
 21
69.153979956124
 31
0.0
  0
LINE
  5
754
330
6F
100
AcDbEntity
  8
_MotorCAD879_
100
AcDbLine
 10
141.262448614671
 20
43.4639522686428
 30
0.0
 11
139.896330887132
 21
47.48840531899709
 31
0.0
  0
LINE
  5
756
330
6F
100
AcDbEntity
  8
_MotorCAD880_
100
AcDbLine
 10
143.156308873661
 20
44.1068311992492
 30
0.0
 11
141.262448614671
 21
43.4639522686428
 31
0.0
  0
LINE
  5
758
330
6F
100
AcDbEntity
  8
_MotorCAD881_
100
AcDbLine
 10
143.156308873661
 20
44.1068311992492
 30
0.0
 11
141.790191146122
 21
48.13128424960339
 31
0.0
  0
LINE
  5
75A
330
6F
100
AcDbEntity
  8
_MotorCAD882_
100
AcDbLine
 10
141.790191146122
 20
48.13128424960339
 30
0.0
 11
140.424073418584
 21
52.15573729995771
 31
0.0
  0
LINE
  5
75C
330
6F
100
AcDbEntity
  8
_MotorCAD883_
100
AcDbLine
 10
140.424073418584
 20
52.15573729995771
 30
0.0
 11
138.530213159594
 21
51.5128583693513
 31
0.0
  0
LINE
  5
75E
330
6F
100
AcDbEntity
  8
_MotorCAD884_
100
AcDbLine
 10
139.896330887132
 20
47.48840531899709
 30
0.0
 11
138.530213159594
 21
51.5128583693513
 31
0.0
  0
LINE
  5
760
330
6F
100
AcDbEntity
  8
_MotorCAD885_
100
AcDbLine
 10
141.790191146122
 20
-48.13128424960329
 30
0.0
 11
140.424073418584
 21
-52.1557372999575
 31
0.0
  0
LINE
  5
762
330
6F
100
AcDbEntity
  8
_MotorCAD886_
100
AcDbLine
 10
143.156308873661
 20
-44.1068311992492
 30
0.0
 11
141.790191146122
 21
-48.13128424960329
 31
0.0
  0
LINE
  5
764
330
6F
100
AcDbEntity
  8
_MotorCAD887_
100
AcDbLine
 10
143.156308873661
 20
-44.1068311992492
 30
0.0
 11
141.262448614671
 21
-43.4639522686429
 31
0.0
  0
LINE
  5
766
330
6F
100
AcDbEntity
  8
_MotorCAD888_
100
AcDbLine
 10
141.262448614671
 20
-43.4639522686429
 30
0.0
 11
139.896330887132
 21
-47.488405318997
 31
0.0
  0
LINE
  5
768
330
6F
100
AcDbEntity
  8
_MotorCAD889_
100
AcDbLine
 10
139.896330887132
 20
-47.488405318997
 30
0.0
 11
138.530213159594
 21
-51.5128583693512
 31
0.0
  0
LINE
  5
76A
330
6F
100
AcDbEntity
  8
_MotorCAD890_
100
AcDbLine
 10
140.424073418584
 20
-52.1557372999575
 30
0.0
 11
138.530213159594
 21
-51.5128583693512
 31
0.0
  0
LINE
  5
76C
330
6F
100
AcDbEntity
  8
_MotorCAD891_
100
AcDbLine
 10
146.030415796227
 20
33.3805181378486
 30
0.0
 11
144.06884523542
 21
32.9903374938163
 31
0.0
  0
LINE
  5
76E
330
6F
100
AcDbEntity
  8
_MotorCAD892_
100
AcDbLine
 10
144.897979103989
 20
28.8220000521026
 30
0.0
 11
144.06884523542
 21
32.9903374938163
 31
0.0
  0
LINE
  5
770
330
6F
100
AcDbEntity
  8
_MotorCAD893_
100
AcDbLine
 10
145.727112972557
 20
24.6536626103889
 30
0.0
 11
144.897979103989
 21
28.8220000521026
 31
0.0
  0
LINE
  5
772
330
6F
100
AcDbEntity
  8
_MotorCAD894_
100
AcDbLine
 10
147.688683533364
 20
25.0438432544212
 30
0.0
 11
145.727112972557
 21
24.6536626103889
 31
0.0
  0
LINE
  5
774
330
6F
100
AcDbEntity
  8
_MotorCAD895_
100
AcDbLine
 10
147.688683533364
 20
25.0438432544212
 30
0.0
 11
146.859549664795
 21
29.2121806961348
 31
0.0
  0
LINE
  5
776
330
6F
100
AcDbEntity
  8
_MotorCAD896_
100
AcDbLine
 10
146.859549664795
 20
29.2121806961348
 30
0.0
 11
146.030415796227
 21
33.3805181378486
 31
0.0
  0
LINE
  5
778
330
6F
100
AcDbEntity
  8
_MotorCAD897_
100
AcDbLine
 10
146.859549664795
 20
-29.2121806961348
 30
0.0
 11
146.030415796227
 21
-33.38051813784851
 31
0.0
  0
LINE
  5
77A
330
6F
100
AcDbEntity
  8
_MotorCAD898_
100
AcDbLine
 10
147.688683533364
 20
-25.0438432544211
 30
0.0
 11
146.859549664795
 21
-29.2121806961348
 31
0.0
  0
LINE
  5
77C
330
6F
100
AcDbEntity
  8
_MotorCAD899_
100
AcDbLine
 10
147.688683533364
 20
-25.0438432544211
 30
0.0
 11
145.727112972557
 21
-24.6536626103889
 31
0.0
  0
LINE
  5
77E
330
6F
100
AcDbEntity
  8
_MotorCAD900_
100
AcDbLine
 10
145.727112972557
 20
-24.6536626103889
 30
0.0
 11
144.897979103989
 21
-28.8220000521026
 31
0.0
  0
LINE
  5
780
330
6F
100
AcDbEntity
  8
_MotorCAD901_
100
AcDbLine
 10
144.897979103989
 20
-28.8220000521026
 30
0.0
 11
144.06884523542
 21
-32.9903374938163
 31
0.0
  0
LINE
  5
782
330
6F
100
AcDbEntity
  8
_MotorCAD902_
100
AcDbLine
 10
146.030415796227
 20
-33.38051813784851
 30
0.0
 11
144.06884523542
 21
-32.9903374938163
 31
0.0
  0
LINE
  5
784
330
6F
100
AcDbEntity
  8
_MotorCAD903_
100
AcDbLine
 10
149.416100571544
 20
-9.79324863180888
 30
0.0
 11
149.138137272315
 21
-14.0341490555725
 31
0.0
  0
LINE
  5
786
330
6F
100
AcDbEntity
  8
_MotorCAD904_
100
AcDbLine
 10
149.694063870772
 20
-5.552348208044799
 30
0.0
 11
149.416100571544
 21
-9.79324863180888
 31
0.0
  0
LINE
  5
788
330
6F
100
AcDbEntity
  8
_MotorCAD905_
100
AcDbLine
 10
149.694063870772
 20
-5.552348208044799
 30
0.0
 11
147.698346024294
 21
-5.421541949584569
 31
0.0
  0
LINE
  5
78A
330
6F
100
AcDbEntity
  8
_MotorCAD906_
100
AcDbLine
 10
147.698346024294
 20
-5.421541949584569
 30
0.0
 11
147.420382725066
 21
-9.662442373348589
 31
0.0
  0
LINE
  5
78C
330
6F
100
AcDbEntity
  8
_MotorCAD907_
100
AcDbLine
 10
147.420382725066
 20
-9.662442373348589
 30
0.0
 11
147.142419425838
 21
-13.9033427971127
 31
0.0
  0
LINE
  5
78E
330
6F
100
AcDbEntity
  8
_MotorCAD908_
100
AcDbLine
 10
149.138137272315
 20
-14.0341490555725
 30
0.0
 11
147.142419425838
 21
-13.9033427971127
 31
0.0
  0
LINE
  5
790
330
6F
100
AcDbEntity
  8
_MotorCAD909_
100
AcDbLine
 10
147.698346024294
 20
5.421541949584499
 30
0.0
 11
147.420382725066
 21
9.66244237334858
 31
0.0
  0
LINE
  5
792
330
6F
100
AcDbEntity
  8
_MotorCAD910_
100
AcDbLine
 10
149.694063870772
 20
5.552348208044799
 30
0.0
 11
147.698346024294
 21
5.421541949584499
 31
0.0
  0
LINE
  5
794
330
6F
100
AcDbEntity
  8
_MotorCAD911_
100
AcDbLine
 10
149.694063870772
 20
5.552348208044799
 30
0.0
 11
149.416100571544
 21
9.793248631808859
 31
0.0
  0
LINE
  5
796
330
6F
100
AcDbEntity
  8
_MotorCAD912_
100
AcDbLine
 10
149.416100571544
 20
9.793248631808859
 30
0.0
 11
149.138137272315
 21
14.0341490555729
 31
0.0
  0
LINE
  5
798
330
6F
100
AcDbEntity
  8
_MotorCAD913_
100
AcDbLine
 10
149.138137272315
 20
14.0341490555729
 30
0.0
 11
147.142419425838
 21
13.9033427971126
 31
0.0
  0
LINE
  5
79A
330
6F
100
AcDbEntity
  8
_MotorCAD914_
100
AcDbLine
 10
147.420382725066
 20
9.66244237334858
 30
0.0
 11
147.142419425838
 21
13.9033427971126
 31
0.0
  0
LINE
  5
79C
330
6F
100
AcDbEntity
  8
_MotorCAD915_
100
AcDbLine
 10
130.173153822352
 20
25.8930501960803
 30
0.0
 11
129.295247373279
 21
30.3065839578949
 31
0.0
  0
LINE
  5
7A0
330
6F
100
AcDbEntity
  8
_MotorCAD917_
100
AcDbLine
 10
125.679783198936
 20
42.6625376599046
 30
0.0
 11
124.233305605072
 21
46.92372324263259
 31
0.0
  0
LINE
  5
7A4
330
6F
100
AcDbEntity
  8
_MotorCAD919_
100
AcDbLine
 10
119.035996639968
 20
58.70205727607779
 30
0.0
 11
117.045697533982
 21
62.73798461297499
 31
0.0
  0
LINE
  5
7A8
330
6F
100
AcDbEntity
  8
_MotorCAD921_
100
AcDbLine
 10
110.355471175476
 20
73.7371684169722
 30
0.0
 11
107.855405126888
 21
77.4787816723338
 31
0.0
  0
LINE
  5
7AC
330
6F
100
AcDbEntity
  8
_MotorCAD923_
100
AcDbLine
 10
99.78673300285571
 20
87.51061616244699
 30
0.0
 11
96.8196768349053
 21
90.89389529610242
 31
0.0
  0
LINE
  5
7B0
330
6F
100
AcDbEntity
  8
_MotorCAD925_
100
AcDbLine
 10
87.51061616244699
 20
99.78673300285571
 30
0.0
 11
84.12733702879149
 21
102.753789170806
 31
0.0
  0
LINE
  5
7B4
330
6F
100
AcDbEntity
  8
_MotorCAD927_
100
AcDbLine
 10
73.7371684169723
 20
110.355471175476
 30
0.0
 11
69.9955551616108
 21
112.855537224065
 31
0.0
  0
LINE
  5
7B8
330
6F
100
AcDbEntity
  8
_MotorCAD929_
100
AcDbLine
 10
58.70205727607779
 20
119.035996639968
 30
0.0
 11
54.6661299391806
 21
121.026295745953
 31
0.0
  0
LINE
  5
7BC
330
6F
100
AcDbEntity
  8
_MotorCAD931_
100
AcDbLine
 10
42.6625376599046
 20
125.679783198936
 30
0.0
 11
38.4013520771765
 21
127.1262607928
 31
0.0
  0
LINE
  5
7C0
330
6F
100
AcDbEntity
  8
_MotorCAD933_
100
AcDbLine
 10
25.8930501960803
 20
130.173153822352
 30
0.0
 11
21.4795164342657
 21
131.051060271424
 31
0.0
  0
LINE
  5
7C4
330
6F
100
AcDbEntity
  8
_MotorCAD935_
100
AcDbLine
 10
8.68052546449139
 20
132.43922569305
 30
0.0
 11
4.19016030991758
 21
132.7335397745859
 31
0.0
  0
LINE
  5
7C8
330
6F
100
AcDbEntity
  8
_MotorCAD937_
100
AcDbLine
 10
-8.68052546449136
 20
132.43922569305
 30
0.0
 11
-13.1708906190652
 21
132.144911611514
 31
0.0
  0
LINE
  5
7CC
330
6F
100
AcDbEntity
  8
_MotorCAD939_
100
AcDbLine
 10
-25.8930501960803
 20
130.173153822352
 30
0.0
 11
-30.30658395789501
 21
129.295247373279
 31
0.0
  0
LINE
  5
7D0
330
6F
100
AcDbEntity
  8
_MotorCAD941_
100
AcDbLine
 10
-42.6625376599046
 20
125.679783198936
 30
0.0
 11
-46.92372324263259
 21
124.233305605072
 31
0.0
  0
LINE
  5
7D4
330
6F
100
AcDbEntity
  8
_MotorCAD943_
100
AcDbLine
 10
-58.70205727607779
 20
119.035996639968
 30
0.0
 11
-62.73798461297499
 21
117.045697533982
 31
0.0
  0
LINE
  5
7D8
330
6F
100
AcDbEntity
  8
_MotorCAD945_
100
AcDbLine
 10
-73.7371684169722
 20
110.355471175476
 30
0.0
 11
-77.4787816723338
 21
107.855405126888
 31
0.0
  0
LINE
  5
7DC
330
6F
100
AcDbEntity
  8
_MotorCAD947_
100
AcDbLine
 10
-87.51061616244699
 20
99.78673300285571
 30
0.0
 11
-90.89389529610242
 21
96.8196768349053
 31
0.0
  0
LINE
  5
7E0
330
6F
100
AcDbEntity
  8
_MotorCAD949_
100
AcDbLine
 10
-99.78673300285571
 20
87.51061616244699
 30
0.0
 11
-102.753789170806
 21
84.12733702879149
 31
0.0
  0
LINE
  5
7E4
330
6F
100
AcDbEntity
  8
_MotorCAD951_
100
AcDbLine
 10
-110.355471175476
 20
73.7371684169723
 30
0.0
 11
-112.855537224065
 21
69.9955551616108
 31
0.0
  0
LINE
  5
7E8
330
6F
100
AcDbEntity
  8
_MotorCAD953_
100
AcDbLine
 10
-119.035996639968
 20
58.70205727607779
 30
0.0
 11
-121.026295745953
 21
54.6661299391806
 31
0.0
  0
LINE
  5
7EC
330
6F
100
AcDbEntity
  8
_MotorCAD955_
100
AcDbLine
 10
-125.679783198936
 20
42.6625376599046
 30
0.0
 11
-127.1262607928
 21
38.4013520771765
 31
0.0
  0
LINE
  5
7F0
330
6F
100
AcDbEntity
  8
_MotorCAD957_
100
AcDbLine
 10
-130.173153822352
 20
25.8930501960804
 30
0.0
 11
-131.051060271424
 21
21.4795164342657
 31
0.0
  0
LINE
  5
7F4
330
6F
100
AcDbEntity
  8
_MotorCAD959_
100
AcDbLine
 10
-132.43922569305
 20
8.680525464491369
 30
0.0
 11
-132.7335397745859
 21
4.19016030991756
 31
0.0
  0
LINE
  5
7F8
330
6F
100
AcDbEntity
  8
_MotorCAD961_
100
AcDbLine
 10
-132.43922569305
 20
-8.680525464491349
 30
0.0
 11
-132.144911611514
 21
-13.1708906190652
 31
0.0
  0
LINE
  5
7FC
330
6F
100
AcDbEntity
  8
_MotorCAD963_
100
AcDbLine
 10
-130.173153822352
 20
-25.8930501960803
 30
0.0
 11
-129.295247373279
 21
-30.3065839578949
 31
0.0
  0
LINE
  5
800
330
6F
100
AcDbEntity
  8
_MotorCAD965_
100
AcDbLine
 10
-125.679783198936
 20
-42.6625376599046
 30
0.0
 11
-124.233305605072
 21
-46.92372324263259
 31
0.0
  0
LINE
  5
804
330
6F
100
AcDbEntity
  8
_MotorCAD967_
100
AcDbLine
 10
-119.035996639968
 20
-58.70205727607779
 30
0.0
 11
-117.045697533982
 21
-62.73798461297499
 31
0.0
  0
LINE
  5
808
330
6F
100
AcDbEntity
  8
_MotorCAD969_
100
AcDbLine
 10
-110.355471175476
 20
-73.7371684169723
 30
0.0
 11
-107.855405126888
 21
-77.4787816723338
 31
0.0
  0
LINE
  5
80C
330
6F
100
AcDbEntity
  8
_MotorCAD971_
100
AcDbLine
 10
-99.78673300285571
 20
-87.51061616244699
 30
0.0
 11
-96.8196768349053
 21
-90.89389529610242
 31
0.0
  0
LINE
  5
810
330
6F
100
AcDbEntity
  8
_MotorCAD973_
100
AcDbLine
 10
-87.51061616244699
 20
-99.78673300285571
 30
0.0
 11
-84.12733702879149
 21
-102.753789170806
 31
0.0
  0
LINE
  5
814
330
6F
100
AcDbEntity
  8
_MotorCAD975_
100
AcDbLine
 10
-73.7371684169723
 20
-110.355471175476
 30
0.0
 11
-69.9955551616108
 21
-112.855537224065
 31
0.0
  0
LINE
  5
818
330
6F
100
AcDbEntity
  8
_MotorCAD977_
100
AcDbLine
 10
-58.70205727607779
 20
-119.035996639968
 30
0.0
 11
-54.6661299391807
 21
-121.026295745953
 31
0.0
  0
LINE
  5
81C
330
6F
100
AcDbEntity
  8
_MotorCAD979_
100
AcDbLine
 10
-42.6625376599045
 20
-125.679783198936
 30
0.0
 11
-38.4013520771765
 21
-127.1262607928
 31
0.0
  0
LINE
  5
820
330
6F
100
AcDbEntity
  8
_MotorCAD981_
100
AcDbLine
 10
-25.8930501960803
 20
-130.173153822352
 30
0.0
 11
-21.4795164342657
 21
-131.051060271424
 31
0.0
  0
LINE
  5
824
330
6F
100
AcDbEntity
  8
_MotorCAD983_
100
AcDbLine
 10
-8.680525464491369
 20
-132.43922569305
 30
0.0
 11
-4.190160309917569
 21
-132.7335397745859
 31
0.0
  0
LINE
  5
828
330
6F
100
AcDbEntity
  8
_MotorCAD985_
100
AcDbLine
 10
8.68052546449134
 20
-132.43922569305
 30
0.0
 11
13.1708906190652
 21
-132.144911611514
 31
0.0
  0
LINE
  5
82C
330
6F
100
AcDbEntity
  8
_MotorCAD987_
100
AcDbLine
 10
25.8930501960803
 20
-130.173153822352
 30
0.0
 11
30.3065839578949
 21
-129.295247373279
 31
0.0
  0
LINE
  5
830
330
6F
100
AcDbEntity
  8
_MotorCAD989_
100
AcDbLine
 10
42.6625376599045
 20
-125.679783198936
 30
0.0
 11
46.92372324263259
 21
-124.233305605072
 31
0.0
  0
LINE
  5
834
330
6F
100
AcDbEntity
  8
_MotorCAD991_
100
AcDbLine
 10
58.70205727607779
 20
-119.035996639968
 30
0.0
 11
62.73798461297499
 21
-117.045697533982
 31
0.0
  0
LINE
  5
838
330
6F
100
AcDbEntity
  8
_MotorCAD993_
100
AcDbLine
 10
73.7371684169723
 20
-110.355471175476
 30
0.0
 11
77.4787816723338
 21
-107.855405126888
 31
0.0
  0
LINE
  5
83C
330
6F
100
AcDbEntity
  8
_MotorCAD995_
100
AcDbLine
 10
87.51061616244699
 20
-99.78673300285571
 30
0.0
 11
90.89389529610242
 21
-96.8196768349053
 31
0.0
  0
LINE
  5
840
330
6F
100
AcDbEntity
  8
_MotorCAD997_
100
AcDbLine
 10
99.78673300285558
 20
-87.51061616244699
 30
0.0
 11
102.753789170806
 21
-84.12733702879149
 31
0.0
  0
LINE
  5
844
330
6F
100
AcDbEntity
  8
_MotorCAD999_
100
AcDbLine
 10
110.355471175476
 20
-73.7371684169723
 30
0.0
 11
112.855537224065
 21
-69.9955551616108
 31
0.0
  0
LINE
  5
848
330
6F
100
AcDbEntity
  8
_MotorCAD1001_
100
AcDbLine
 10
119.035996639968
 20
-58.70205727607779
 30
0.0
 11
121.026295745953
 21
-54.6661299391807
 31
0.0
  0
LINE
  5
84C
330
6F
100
AcDbEntity
  8
_MotorCAD1003_
100
AcDbLine
 10
125.679783198936
 20
-42.6625376599045
 30
0.0
 11
127.1262607928
 21
-38.4013520771765
 31
0.0
  0
LINE
  5
850
330
6F
100
AcDbEntity
  8
_MotorCAD1005_
100
AcDbLine
 10
130.173153822352
 20
-25.8930501960803
 30
0.0
 11
131.051060271424
 21
-21.4795164342657
 31
0.0
  0
LINE
  5
854
330
6F
100
AcDbEntity
  8
_MotorCAD1007_
100
AcDbLine
 10
132.43922569305
 20
-8.68052546449139
 30
0.0
 11
132.7335397745859
 21
-4.19016030991758
 31
0.0
  0
LINE
  5
858
330
6F
100
AcDbEntity
  8
_MotorCAD1009_
100
AcDbLine
 10
131.051060271424
 20
21.4795164342658
 30
0.0
 11
130.173153822352
 21
25.8930501960803
 31
0.0
  0
LINE
  5
85A
330
6F
100
AcDbEntity
  8
_MotorCAD1010_
100
AcDbLine
 10
127.1262607928
 20
38.4013520771766
 30
0.0
 11
125.679783198936
 21
42.6625376599046
 31
0.0
  0
LINE
  5
85C
330
6F
100
AcDbEntity
  8
_MotorCAD1011_
100
AcDbLine
 10
121.026295745953
 20
54.6661299391807
 30
0.0
 11
119.035996639968
 21
58.70205727607779
 31
0.0
  0
LINE
  5
85E
330
6F
100
AcDbEntity
  8
_MotorCAD1012_
100
AcDbLine
 10
112.855537224065
 20
69.9955551616108
 30
0.0
 11
110.355471175476
 21
73.7371684169722
 31
0.0
  0
LINE
  5
860
330
6F
100
AcDbEntity
  8
_MotorCAD1013_
100
AcDbLine
 10
102.753789170806
 20
84.12733702879158
 30
0.0
 11
99.78673300285571
 21
87.51061616244699
 31
0.0
  0
LINE
  5
862
330
6F
100
AcDbEntity
  8
_MotorCAD1014_
100
AcDbLine
 10
90.89389529610242
 20
96.8196768349053
 30
0.0
 11
87.51061616244699
 21
99.78673300285571
 31
0.0
  0
LINE
  5
864
330
6F
100
AcDbEntity
  8
_MotorCAD1015_
100
AcDbLine
 10
77.47878167233371
 20
107.855405126888
 30
0.0
 11
73.7371684169723
 21
110.355471175476
 31
0.0
  0
LINE
  5
866
330
6F
100
AcDbEntity
  8
_MotorCAD1016_
100
AcDbLine
 10
62.7379846129749
 20
117.045697533982
 30
0.0
 11
58.70205727607779
 21
119.035996639968
 31
0.0
  0
LINE
  5
868
330
6F
100
AcDbEntity
  8
_MotorCAD1017_
100
AcDbLine
 10
46.92372324263259
 20
124.233305605072
 30
0.0
 11
42.6625376599046
 21
125.679783198936
 31
0.0
  0
LINE
  5
86A
330
6F
100
AcDbEntity
  8
_MotorCAD1018_
100
AcDbLine
 10
30.3065839578949
 20
129.295247373279
 30
0.0
 11
25.8930501960803
 21
130.173153822352
 31
0.0
  0
LINE
  5
86C
330
6F
100
AcDbEntity
  8
_MotorCAD1019_
100
AcDbLine
 10
13.1708906190651
 20
132.144911611514
 30
0.0
 11
8.68052546449139
 21
132.43922569305
 31
0.0
  0
LINE
  5
86E
330
6F
100
AcDbEntity
  8
_MotorCAD1020_
100
AcDbLine
 10
-4.19016030991762
 20
132.7335397745859
 30
0.0
 11
-8.68052546449136
 21
132.43922569305
 31
0.0
  0
LINE
  5
870
330
6F
100
AcDbEntity
  8
_MotorCAD1021_
100
AcDbLine
 10
-21.4795164342658
 20
131.051060271424
 30
0.0
 11
-25.8930501960803
 21
130.173153822352
 31
0.0
  0
LINE
  5
872
330
6F
100
AcDbEntity
  8
_MotorCAD1022_
100
AcDbLine
 10
-38.4013520771766
 20
127.1262607928
 30
0.0
 11
-42.6625376599046
 21
125.679783198936
 31
0.0
  0
LINE
  5
874
330
6F
100
AcDbEntity
  8
_MotorCAD1023_
100
AcDbLine
 10
-54.6661299391807
 20
121.026295745953
 30
0.0
 11
-58.70205727607779
 21
119.035996639968
 31
0.0
  0
LINE
  5
876
330
6F
100
AcDbEntity
  8
_MotorCAD1024_
100
AcDbLine
 10
-69.9955551616108
 20
112.855537224065
 30
0.0
 11
-73.7371684169722
 21
110.355471175476
 31
0.0
  0
LINE
  5
878
330
6F
100
AcDbEntity
  8
_MotorCAD1025_
100
AcDbLine
 10
-84.12733702879158
 20
102.753789170806
 30
0.0
 11
-87.51061616244699
 21
99.78673300285571
 31
0.0
  0
LINE
  5
87A
330
6F
100
AcDbEntity
  8
_MotorCAD1026_
100
AcDbLine
 10
-96.8196768349053
 20
90.89389529610242
 30
0.0
 11
-99.78673300285571
 21
87.51061616244699
 31
0.0
  0
LINE
  5
87C
330
6F
100
AcDbEntity
  8
_MotorCAD1027_
100
AcDbLine
 10
-107.855405126888
 20
77.4787816723338
 30
0.0
 11
-110.355471175476
 21
73.7371684169723
 31
0.0
  0
LINE
  5
87E
330
6F
100
AcDbEntity
  8
_MotorCAD1028_
100
AcDbLine
 10
-117.045697533982
 20
62.7379846129749
 30
0.0
 11
-119.035996639968
 21
58.70205727607779
 31
0.0
  0
LINE
  5
880
330
6F
100
AcDbEntity
  8
_MotorCAD1029_
100
AcDbLine
 10
-124.233305605072
 20
46.92372324263259
 30
0.0
 11
-125.679783198936
 21
42.6625376599046
 31
0.0
  0
LINE
  5
882
330
6F
100
AcDbEntity
  8
_MotorCAD1030_
100
AcDbLine
 10
-129.295247373279
 20
30.3065839578949
 30
0.0
 11
-130.173153822352
 21
25.8930501960804
 31
0.0
  0
LINE
  5
884
330
6F
100
AcDbEntity
  8
_MotorCAD1031_
100
AcDbLine
 10
-132.144911611514
 20
13.1708906190651
 30
0.0
 11
-132.43922569305
 21
8.680525464491369
 31
0.0
  0
LINE
  5
886
330
6F
100
AcDbEntity
  8
_MotorCAD1032_
100
AcDbLine
 10
-132.7335397745859
 20
-4.19016030991762
 30
0.0
 11
-132.43922569305
 21
-8.680525464491349
 31
0.0
  0
LINE
  5
888
330
6F
100
AcDbEntity
  8
_MotorCAD1033_
100
AcDbLine
 10
-131.051060271424
 20
-21.4795164342657
 30
0.0
 11
-130.173153822352
 21
-25.8930501960803
 31
0.0
  0
LINE
  5
88A
330
6F
100
AcDbEntity
  8
_MotorCAD1034_
100
AcDbLine
 10
-127.1262607928
 20
-38.4013520771766
 30
0.0
 11
-125.679783198936
 21
-42.6625376599046
 31
0.0
  0
LINE
  5
88C
330
6F
100
AcDbEntity
  8
_MotorCAD1035_
100
AcDbLine
 10
-121.026295745953
 20
-54.6661299391807
 30
0.0
 11
-119.035996639968
 21
-58.70205727607779
 31
0.0
  0
LINE
  5
88E
330
6F
100
AcDbEntity
  8
_MotorCAD1036_
100
AcDbLine
 10
-112.855537224065
 20
-69.9955551616108
 30
0.0
 11
-110.355471175476
 21
-73.7371684169723
 31
0.0
  0
LINE
  5
890
330
6F
100
AcDbEntity
  8
_MotorCAD1037_
100
AcDbLine
 10
-102.753789170806
 20
-84.12733702879158
 30
0.0
 11
-99.78673300285571
 21
-87.51061616244699
 31
0.0
  0
LINE
  5
892
330
6F
100
AcDbEntity
  8
_MotorCAD1038_
100
AcDbLine
 10
-90.89389529610242
 20
-96.8196768349053
 30
0.0
 11
-87.51061616244699
 21
-99.78673300285571
 31
0.0
  0
LINE
  5
894
330
6F
100
AcDbEntity
  8
_MotorCAD1039_
100
AcDbLine
 10
-77.4787816723338
 20
-107.855405126888
 30
0.0
 11
-73.7371684169723
 21
-110.355471175476
 31
0.0
  0
LINE
  5
896
330
6F
100
AcDbEntity
  8
_MotorCAD1040_
100
AcDbLine
 10
-62.73798461297499
 20
-117.045697533982
 30
0.0
 11
-58.70205727607779
 21
-119.035996639968
 31
0.0
  0
LINE
  5
898
330
6F
100
AcDbEntity
  8
_MotorCAD1041_
100
AcDbLine
 10
-46.9237232426325
 20
-124.233305605072
 30
0.0
 11
-42.6625376599045
 21
-125.679783198936
 31
0.0
  0
LINE
  5
89A
330
6F
100
AcDbEntity
  8
_MotorCAD1042_
100
AcDbLine
 10
-30.3065839578949
 20
-129.295247373279
 30
0.0
 11
-25.8930501960803
 21
-130.173153822352
 31
0.0
  0
LINE
  5
89C
330
6F
100
AcDbEntity
  8
_MotorCAD1043_
100
AcDbLine
 10
-13.1708906190651
 20
-132.144911611514
 30
0.0
 11
-8.680525464491369
 21
-132.43922569305
 31
0.0
  0
LINE
  5
89E
330
6F
100
AcDbEntity
  8
_MotorCAD1044_
100
AcDbLine
 10
4.190160309917609
 20
-132.7335397745859
 30
0.0
 11
8.68052546449134
 21
-132.43922569305
 31
0.0
  0
LINE
  5
8A0
330
6F
100
AcDbEntity
  8
_MotorCAD1045_
100
AcDbLine
 10
21.4795164342657
 20
-131.051060271424
 30
0.0
 11
25.8930501960803
 21
-130.173153822352
 31
0.0
  0
LINE
  5
8A2
330
6F
100
AcDbEntity
  8
_MotorCAD1046_
100
AcDbLine
 10
38.4013520771765
 20
-127.1262607928
 30
0.0
 11
42.6625376599045
 21
-125.679783198936
 31
0.0
  0
LINE
  5
8A4
330
6F
100
AcDbEntity
  8
_MotorCAD1047_
100
AcDbLine
 10
54.6661299391807
 20
-121.026295745953
 30
0.0
 11
58.70205727607779
 21
-119.035996639968
 31
0.0
  0
LINE
  5
8A6
330
6F
100
AcDbEntity
  8
_MotorCAD1048_
100
AcDbLine
 10
69.9955551616108
 20
-112.855537224065
 30
0.0
 11
73.7371684169723
 21
-110.355471175476
 31
0.0
  0
LINE
  5
8A8
330
6F
100
AcDbEntity
  8
_MotorCAD1049_
100
AcDbLine
 10
84.12733702879149
 20
-102.753789170806
 30
0.0
 11
87.51061616244699
 21
-99.78673300285571
 31
0.0
  0
LINE
  5
8AA
330
6F
100
AcDbEntity
  8
_MotorCAD1050_
100
AcDbLine
 10
96.8196768349053
 20
-90.89389529610242
 30
0.0
 11
99.78673300285558
 21
-87.51061616244699
 31
0.0
  0
LINE
  5
8AC
330
6F
100
AcDbEntity
  8
_MotorCAD1051_
100
AcDbLine
 10
107.855405126888
 20
-77.4787816723338
 30
0.0
 11
110.355471175476
 21
-73.7371684169723
 31
0.0
  0
LINE
  5
8AE
330
6F
100
AcDbEntity
  8
_MotorCAD1052_
100
AcDbLine
 10
117.045697533982
 20
-62.73798461297499
 30
0.0
 11
119.035996639968
 21
-58.70205727607779
 31
0.0
  0
LINE
  5
8B0
330
6F
100
AcDbEntity
  8
_MotorCAD1053_
100
AcDbLine
 10
124.233305605072
 20
-46.9237232426325
 30
0.0
 11
125.679783198936
 21
-42.6625376599045
 31
0.0
  0
LINE
  5
8B2
330
6F
100
AcDbEntity
  8
_MotorCAD1054_
100
AcDbLine
 10
129.295247373279
 20
-30.3065839578949
 30
0.0
 11
130.173153822352
 21
-25.8930501960803
 31
0.0
  0
LINE
  5
8B4
330
6F
100
AcDbEntity
  8
_MotorCAD1055_
100
AcDbLine
 10
132.144911611514
 20
-13.1708906190651
 30
0.0
 11
132.43922569305
 21
-8.68052546449139
 31
0.0
  0
ENDSEC
  0
SECTION
  2
OBJECTS
  0
DICTIONARY
  5
C
330
0
100
AcDbDictionary
281
     1
  3
ACAD_CIP_PREVIOUS_PRODUCT_INFO
350
8B6
  3
ACAD_COLOR
350
62
  3
ACAD_DETAILVIEWSTYLE
350
69
  3
ACAD_GROUP
350
D
  3
ACAD_LAST_SAVED_VERSION_INFO
350
8B7
  3
ACAD_LAYOUT
350
61
  3
ACAD_MATERIAL
350
10
  3
ACAD_MLEADERSTYLE
350
65
  3
ACAD_MLINESTYLE
350
5E
  3
ACAD_PLOTSETTINGS
350
60
  3
ACAD_PLOTSTYLENAME
350
E
  3
ACAD_SCALELIST
350
42
  3
ACAD_SECTIONVIEWSTYLE
350
67
  3
ACAD_TABLESTYLE
350
63
  3
ACAD_VISUALSTYLE
350
29
  3
ACDB_RECOMPOSE_DATA
350
1113
  3
AcDbVariableDictionary
350
10FA
  0
DICTIONARY
  5
110B
330
2
100
AcDbDictionary
280
     1
281
     1
  3
ACAD_LAYERSTATES
360
110C
  0
DICTIONARY
  5
8B8
330
54
100
AcDbDictionary
280
     1
281
     1
  3
ADSK_XREC_LAYER_RECONCILED
360
8B9
  0
DICTIONARY
  5
8BA
330
75
100
AcDbDictionary
280
     1
281
     1
  3
ADSK_XREC_LAYER_RECONCILED
360
8BB
  0
DICTIONARY
  5
8BC
330
77
100
AcDbDictionary
280
     1
281
     1
  3
ADSK_XREC_LAYER_RECONCILED
360
8BD
  0
DICTIONARY
  5
8BE
330
79
100
AcDbDictionary
280
     1
281
     1
  3
ADSK_XREC_LAYER_RECONCILED
360
8BF
  0
DICTIONARY
  5
8C0
330
7B
100
AcDbDictionary
280
     1
281
     1
  3
ADSK_XREC_LAYER_RECONCILED
360
8C1
  0
DICTIONARY
  5
8C2
330
7D
100
AcDbDictionary
280
     1
281
     1
  3
ADSK_XREC_LAYER_RECONCILED
360
8C3
  0
DICTIONARY
  5
8C4
330
7F
100
AcDbDictionary
280
     1
281
     1
  3
ADSK_XREC_LAYER_RECONCILED
360
8C5
  0
DICTIONARY
  5
8C6
330
81
100
AcDbDictionary
280
     1
281
     1
  3
ADSK_XREC_LAYER_RECONCILED
360
8C7
  0
DICTIONARY
  5
8C8
330
83
100
AcDbDictionary
280
     1
281
     1
  3
ADSK_XREC_LAYER_RECONCILED
360
8C9
  0
DICTIONARY
  5
8CA
330
85
100
AcDbDictionary
280
     1
281
     1
  3
ADSK_XREC_LAYER_RECONCILED
360
8CB
  0
DICTIONARY
  5
8CC
330
87
100
AcDbDictionary
280
     1
281
     1
  3
ADSK_XREC_LAYER_RECONCILED
360
8CD
  0
DICTIONARY
  5
8CE
330
89
100
AcDbDictionary
280
     1
281
     1
  3
ADSK_XREC_LAYER_RECONCILED
360
8CF
  0
DICTIONARY
  5
8D0
330
8B
100
AcDbDictionary
280
     1
281
     1
  3
ADSK_XREC_LAYER_RECONCILED
360
8D1
  0
DICTIONARY
  5
8D2
330
8D
100
AcDbDictionary
280
     1
281
     1
  3
ADSK_XREC_LAYER_RECONCILED
360
8D3
  0
DICTIONARY
  5
8D4
330
8F
100
AcDbDictionary
280
     1
281
     1
  3
ADSK_XREC_LAYER_RECONCILED
360
8D5
  0
DICTIONARY
  5
8D6
330
91
100
AcDbDictionary
280
     1
281
     1
  3
ADSK_XREC_LAYER_RECONCILED
360
8D7
  0
DICTIONARY
  5
8D8
330
93
100
AcDbDictionary
280
     1
281
     1
  3
ADSK_XREC_LAYER_RECONCILED
360
8D9
  0
DICTIONARY
  5
8DA
330
95
100
AcDbDictionary
280
     1
281
     1
  3
ADSK_XREC_LAYER_RECONCILED
360
8DB
  0
DICTIONARY
  5
8DC
330
97
100
AcDbDictionary
280
     1
281
     1
  3
ADSK_XREC_LAYER_RECONCILED
360
8DD
  0
DICTIONARY
  5
8DE
330
99
100
AcDbDictionary
280
     1
281
     1
  3
ADSK_XREC_LAYER_RECONCILED
360
8DF
  0
DICTIONARY
  5
8E0
330
9B
100
AcDbDictionary
280
     1
281
     1
  3
ADSK_XREC_LAYER_RECONCILED
360
8E1
  0
DICTIONARY
  5
8E2
330
9D
100
AcDbDictionary
280
     1
281
     1
  3
ADSK_XREC_LAYER_RECONCILED
360
8E3
  0
DICTIONARY
  5
8E4
330
9F
100
AcDbDictionary
280
     1
281
     1
  3
ADSK_XREC_LAYER_RECONCILED
360
8E5
  0
DICTIONARY
  5
8E6
330
A1
100
AcDbDictionary
280
     1
281
     1
  3
ADSK_XREC_LAYER_RECONCILED
360
8E7
  0
DICTIONARY
  5
8E8
330
A3
100
AcDbDictionary
280
     1
281
     1
  3
ADSK_XREC_LAYER_RECONCILED
360
8E9
  0
DICTIONARY
  5
8EA
330
A5
100
AcDbDictionary
280
     1
281
     1
  3
ADSK_XREC_LAYER_RECONCILED
360
8EB
  0
DICTIONARY
  5
8EC
330
A7
100
AcDbDictionary
280
     1
281
     1
  3
ADSK_XREC_LAYER_RECONCILED
360
8ED
  0
DICTIONARY
  5
8EE
330
A9
100
AcDbDictionary
280
     1
281
     1
  3
ADSK_XREC_LAYER_RECONCILED
360
8EF
  0
DICTIONARY
  5
8F0
330
AB
100
AcDbDictionary
280
     1
281
     1
  3
ADSK_XREC_LAYER_RECONCILED
360
8F1
  0
DICTIONARY
  5
8F2
330
AD
100
AcDbDictionary
280
     1
281
     1
  3
ADSK_XREC_LAYER_RECONCILED
360
8F3
  0
DICTIONARY
  5
8F4
330
AF
100
AcDbDictionary
280
     1
281
     1
  3
ADSK_XREC_LAYER_RECONCILED
360
8F5
  0
DICTIONARY
  5
8F6
330
B1
100
AcDbDictionary
280
     1
281
     1
  3
ADSK_XREC_LAYER_RECONCILED
360
8F7
  0
DICTIONARY
  5
8F8
330
B3
100
AcDbDictionary
280
     1
281
     1
  3
ADSK_XREC_LAYER_RECONCILED
360
8F9
  0
DICTIONARY
  5
8FA
330
B5
100
AcDbDictionary
280
     1
281
     1
  3
ADSK_XREC_LAYER_RECONCILED
360
8FB
  0
DICTIONARY
  5
8FC
330
B7
100
AcDbDictionary
280
     1
281
     1
  3
ADSK_XREC_LAYER_RECONCILED
360
8FD
  0
DICTIONARY
  5
8FE
330
B9
100
AcDbDictionary
280
     1
281
     1
  3
ADSK_XREC_LAYER_RECONCILED
360
8FF
  0
DICTIONARY
  5
900
330
BB
100
AcDbDictionary
280
     1
281
     1
  3
ADSK_XREC_LAYER_RECONCILED
360
901
  0
DICTIONARY
  5
902
330
BD
100
AcDbDictionary
280
     1
281
     1
  3
ADSK_XREC_LAYER_RECONCILED
360
903
  0
DICTIONARY
  5
904
330
BF
100
AcDbDictionary
280
     1
281
     1
  3
ADSK_XREC_LAYER_RECONCILED
360
905
  0
DICTIONARY
  5
906
330
C1
100
AcDbDictionary
280
     1
281
     1
  3
ADSK_XREC_LAYER_RECONCILED
360
907
  0
DICTIONARY
  5
908
330
C3
100
AcDbDictionary
280
     1
281
     1
  3
ADSK_XREC_LAYER_RECONCILED
360
909
  0
DICTIONARY
  5
90A
330
C5
100
AcDbDictionary
280
     1
281
     1
  3
ADSK_XREC_LAYER_RECONCILED
360
90B
  0
DICTIONARY
  5
90C
330
C7
100
AcDbDictionary
280
     1
281
     1
  3
ADSK_XREC_LAYER_RECONCILED
360
90D
  0
DICTIONARY
  5
90E
330
C9
100
AcDbDictionary
280
     1
281
     1
  3
ADSK_XREC_LAYER_RECONCILED
360
90F
  0
DICTIONARY
  5
910
330
CB
100
AcDbDictionary
280
     1
281
     1
  3
ADSK_XREC_LAYER_RECONCILED
360
911
  0
DICTIONARY
  5
912
330
CD
100
AcDbDictionary
280
     1
281
     1
  3
ADSK_XREC_LAYER_RECONCILED
360
913
  0
DICTIONARY
  5
914
330
CF
100
AcDbDictionary
280
     1
281
     1
  3
ADSK_XREC_LAYER_RECONCILED
360
915
  0
DICTIONARY
  5
916
330
D1
100
AcDbDictionary
280
     1
281
     1
  3
ADSK_XREC_LAYER_RECONCILED
360
917
  0
DICTIONARY
  5
918
330
D3
100
AcDbDictionary
280
     1
281
     1
  3
ADSK_XREC_LAYER_RECONCILED
360
919
  0
DICTIONARY
  5
91A
330
D5
100
AcDbDictionary
280
     1
281
     1
  3
ADSK_XREC_LAYER_RECONCILED
360
91B
  0
DICTIONARY
  5
91C
330
D7
100
AcDbDictionary
280
     1
281
     1
  3
ADSK_XREC_LAYER_RECONCILED
360
91D
  0
DICTIONARY
  5
91E
330
D9
100
AcDbDictionary
280
     1
281
     1
  3
ADSK_XREC_LAYER_RECONCILED
360
91F
  0
DICTIONARY
  5
920
330
DB
100
AcDbDictionary
280
     1
281
     1
  3
ADSK_XREC_LAYER_RECONCILED
360
921
  0
DICTIONARY
  5
922
330
DD
100
AcDbDictionary
280
     1
281
     1
  3
ADSK_XREC_LAYER_RECONCILED
360
923
  0
DICTIONARY
  5
924
330
DF
100
AcDbDictionary
280
     1
281
     1
  3
ADSK_XREC_LAYER_RECONCILED
360
925
  0
DICTIONARY
  5
926
330
E1
100
AcDbDictionary
280
     1
281
     1
  3
ADSK_XREC_LAYER_RECONCILED
360
927
  0
DICTIONARY
  5
928
330
E3
100
AcDbDictionary
280
     1
281
     1
  3
ADSK_XREC_LAYER_RECONCILED
360
929
  0
DICTIONARY
  5
92A
330
E5
100
AcDbDictionary
280
     1
281
     1
  3
ADSK_XREC_LAYER_RECONCILED
360
92B
  0
DICTIONARY
  5
92C
330
E7
100
AcDbDictionary
280
     1
281
     1
  3
ADSK_XREC_LAYER_RECONCILED
360
92D
  0
DICTIONARY
  5
92E
330
E9
100
AcDbDictionary
280
     1
281
     1
  3
ADSK_XREC_LAYER_RECONCILED
360
92F
  0
DICTIONARY
  5
930
330
EB
100
AcDbDictionary
280
     1
281
     1
  3
ADSK_XREC_LAYER_RECONCILED
360
931
  0
DICTIONARY
  5
932
330
ED
100
AcDbDictionary
280
     1
281
     1
  3
ADSK_XREC_LAYER_RECONCILED
360
933
  0
DICTIONARY
  5
934
330
EF
100
AcDbDictionary
280
     1
281
     1
  3
ADSK_XREC_LAYER_RECONCILED
360
935
  0
DICTIONARY
  5
936
330
F1
100
AcDbDictionary
280
     1
281
     1
  3
ADSK_XREC_LAYER_RECONCILED
360
937
  0
DICTIONARY
  5
938
330
F3
100
AcDbDictionary
280
     1
281
     1
  3
ADSK_XREC_LAYER_RECONCILED
360
939
  0
DICTIONARY
  5
93A
330
F5
100
AcDbDictionary
280
     1
281
     1
  3
ADSK_XREC_LAYER_RECONCILED
360
93B
  0
DICTIONARY
  5
93C
330
F7
100
AcDbDictionary
280
     1
281
     1
  3
ADSK_XREC_LAYER_RECONCILED
360
93D
  0
DICTIONARY
  5
93E
330
F9
100
AcDbDictionary
280
     1
281
     1
  3
ADSK_XREC_LAYER_RECONCILED
360
93F
  0
DICTIONARY
  5
940
330
FB
100
AcDbDictionary
280
     1
281
     1
  3
ADSK_XREC_LAYER_RECONCILED
360
941
  0
DICTIONARY
  5
942
330
FD
100
AcDbDictionary
280
     1
281
     1
  3
ADSK_XREC_LAYER_RECONCILED
360
943
  0
DICTIONARY
  5
944
330
FF
100
AcDbDictionary
280
     1
281
     1
  3
ADSK_XREC_LAYER_RECONCILED
360
945
  0
DICTIONARY
  5
946
330
101
100
AcDbDictionary
280
     1
281
     1
  3
ADSK_XREC_LAYER_RECONCILED
360
947
  0
DICTIONARY
  5
948
330
103
100
AcDbDictionary
280
     1
281
     1
  3
ADSK_XREC_LAYER_RECONCILED
360
949
  0
DICTIONARY
  5
94A
330
105
100
AcDbDictionary
280
     1
281
     1
  3
ADSK_XREC_LAYER_RECONCILED
360
94B
  0
DICTIONARY
  5
94C
330
107
100
AcDbDictionary
280
     1
281
     1
  3
ADSK_XREC_LAYER_RECONCILED
360
94D
  0
DICTIONARY
  5
94E
330
109
100
AcDbDictionary
280
     1
281
     1
  3
ADSK_XREC_LAYER_RECONCILED
360
94F
  0
DICTIONARY
  5
950
330
10B
100
AcDbDictionary
280
     1
281
     1
  3
ADSK_XREC_LAYER_RECONCILED
360
951
  0
DICTIONARY
  5
952
330
10D
100
AcDbDictionary
280
     1
281
     1
  3
ADSK_XREC_LAYER_RECONCILED
360
953
  0
DICTIONARY
  5
954
330
10F
100
AcDbDictionary
280
     1
281
     1
  3
ADSK_XREC_LAYER_RECONCILED
360
955
  0
DICTIONARY
  5
956
330
111
100
AcDbDictionary
280
     1
281
     1
  3
ADSK_XREC_LAYER_RECONCILED
360
957
  0
DICTIONARY
  5
958
330
113
100
AcDbDictionary
280
     1
281
     1
  3
ADSK_XREC_LAYER_RECONCILED
360
959
  0
DICTIONARY
  5
95A
330
115
100
AcDbDictionary
280
     1
281
     1
  3
ADSK_XREC_LAYER_RECONCILED
360
95B
  0
DICTIONARY
  5
95C
330
117
100
AcDbDictionary
280
     1
281
     1
  3
ADSK_XREC_LAYER_RECONCILED
360
95D
  0
DICTIONARY
  5
95E
330
119
100
AcDbDictionary
280
     1
281
     1
  3
ADSK_XREC_LAYER_RECONCILED
360
95F
  0
DICTIONARY
  5
960
330
11B
100
AcDbDictionary
280
     1
281
     1
  3
ADSK_XREC_LAYER_RECONCILED
360
961
  0
DICTIONARY
  5
962
330
11D
100
AcDbDictionary
280
     1
281
     1
  3
ADSK_XREC_LAYER_RECONCILED
360
963
  0
DICTIONARY
  5
964
330
11F
100
AcDbDictionary
280
     1
281
     1
  3
ADSK_XREC_LAYER_RECONCILED
360
965
  0
DICTIONARY
  5
966
330
121
100
AcDbDictionary
280
     1
281
     1
  3
ADSK_XREC_LAYER_RECONCILED
360
967
  0
DICTIONARY
  5
968
330
123
100
AcDbDictionary
280
     1
281
     1
  3
ADSK_XREC_LAYER_RECONCILED
360
969
  0
DICTIONARY
  5
96A
330
125
100
AcDbDictionary
280
     1
281
     1
  3
ADSK_XREC_LAYER_RECONCILED
360
96B
  0
DICTIONARY
  5
96C
330
127
100
AcDbDictionary
280
     1
281
     1
  3
ADSK_XREC_LAYER_RECONCILED
360
96D
  0
DICTIONARY
  5
96E
330
129
100
AcDbDictionary
280
     1
281
     1
  3
ADSK_XREC_LAYER_RECONCILED
360
96F
  0
DICTIONARY
  5
970
330
12B
100
AcDbDictionary
280
     1
281
     1
  3
ADSK_XREC_LAYER_RECONCILED
360
971
  0
DICTIONARY
  5
972
330
12D
100
AcDbDictionary
280
     1
281
     1
  3
ADSK_XREC_LAYER_RECONCILED
360
973
  0
DICTIONARY
  5
974
330
12F
100
AcDbDictionary
280
     1
281
     1
  3
ADSK_XREC_LAYER_RECONCILED
360
975
  0
DICTIONARY
  5
976
330
131
100
AcDbDictionary
280
     1
281
     1
  3
ADSK_XREC_LAYER_RECONCILED
360
977
  0
DICTIONARY
  5
978
330
133
100
AcDbDictionary
280
     1
281
     1
  3
ADSK_XREC_LAYER_RECONCILED
360
979
  0
DICTIONARY
  5
97A
330
135
100
AcDbDictionary
280
     1
281
     1
  3
ADSK_XREC_LAYER_RECONCILED
360
97B
  0
DICTIONARY
  5
97C
330
137
100
AcDbDictionary
280
     1
281
     1
  3
ADSK_XREC_LAYER_RECONCILED
360
97D
  0
DICTIONARY
  5
97E
330
139
100
AcDbDictionary
280
     1
281
     1
  3
ADSK_XREC_LAYER_RECONCILED
360
97F
  0
DICTIONARY
  5
980
330
13B
100
AcDbDictionary
280
     1
281
     1
  3
ADSK_XREC_LAYER_RECONCILED
360
981
  0
DICTIONARY
  5
982
330
13D
100
AcDbDictionary
280
     1
281
     1
  3
ADSK_XREC_LAYER_RECONCILED
360
983
  0
DICTIONARY
  5
984
330
13F
100
AcDbDictionary
280
     1
281
     1
  3
ADSK_XREC_LAYER_RECONCILED
360
985
  0
DICTIONARY
  5
986
330
141
100
AcDbDictionary
280
     1
281
     1
  3
ADSK_XREC_LAYER_RECONCILED
360
987
  0
DICTIONARY
  5
988
330
143
100
AcDbDictionary
280
     1
281
     1
  3
ADSK_XREC_LAYER_RECONCILED
360
989
  0
DICTIONARY
  5
98A
330
145
100
AcDbDictionary
280
     1
281
     1
  3
ADSK_XREC_LAYER_RECONCILED
360
98B
  0
DICTIONARY
  5
98C
330
147
100
AcDbDictionary
280
     1
281
     1
  3
ADSK_XREC_LAYER_RECONCILED
360
98D
  0
DICTIONARY
  5
98E
330
149
100
AcDbDictionary
280
     1
281
     1
  3
ADSK_XREC_LAYER_RECONCILED
360
98F
  0
DICTIONARY
  5
990
330
14B
100
AcDbDictionary
280
     1
281
     1
  3
ADSK_XREC_LAYER_RECONCILED
360
991
  0
DICTIONARY
  5
992
330
14D
100
AcDbDictionary
280
     1
281
     1
  3
ADSK_XREC_LAYER_RECONCILED
360
993
  0
DICTIONARY
  5
994
330
14F
100
AcDbDictionary
280
     1
281
     1
  3
ADSK_XREC_LAYER_RECONCILED
360
995
  0
DICTIONARY
  5
996
330
151
100
AcDbDictionary
280
     1
281
     1
  3
ADSK_XREC_LAYER_RECONCILED
360
997
  0
DICTIONARY
  5
998
330
153
100
AcDbDictionary
280
     1
281
     1
  3
ADSK_XREC_LAYER_RECONCILED
360
999
  0
DICTIONARY
  5
99A
330
155
100
AcDbDictionary
280
     1
281
     1
  3
ADSK_XREC_LAYER_RECONCILED
360
99B
  0
DICTIONARY
  5
99C
330
157
100
AcDbDictionary
280
     1
281
     1
  3
ADSK_XREC_LAYER_RECONCILED
360
99D
  0
DICTIONARY
  5
99E
330
159
100
AcDbDictionary
280
     1
281
     1
  3
ADSK_XREC_LAYER_RECONCILED
360
99F
  0
DICTIONARY
  5
9A0
330
15B
100
AcDbDictionary
280
     1
281
     1
  3
ADSK_XREC_LAYER_RECONCILED
360
9A1
  0
DICTIONARY
  5
9A2
330
15D
100
AcDbDictionary
280
     1
281
     1
  3
ADSK_XREC_LAYER_RECONCILED
360
9A3
  0
DICTIONARY
  5
9A4
330
15F
100
AcDbDictionary
280
     1
281
     1
  3
ADSK_XREC_LAYER_RECONCILED
360
9A5
  0
DICTIONARY
  5
9A6
330
161
100
AcDbDictionary
280
     1
281
     1
  3
ADSK_XREC_LAYER_RECONCILED
360
9A7
  0
DICTIONARY
  5
9A8
330
163
100
AcDbDictionary
280
     1
281
     1
  3
ADSK_XREC_LAYER_RECONCILED
360
9A9
  0
DICTIONARY
  5
9AA
330
165
100
AcDbDictionary
280
     1
281
     1
  3
ADSK_XREC_LAYER_RECONCILED
360
9AB
  0
DICTIONARY
  5
9AC
330
167
100
AcDbDictionary
280
     1
281
     1
  3
ADSK_XREC_LAYER_RECONCILED
360
9AD
  0
DICTIONARY
  5
9AE
330
169
100
AcDbDictionary
280
     1
281
     1
  3
ADSK_XREC_LAYER_RECONCILED
360
9AF
  0
DICTIONARY
  5
9B0
330
16B
100
AcDbDictionary
280
     1
281
     1
  3
ADSK_XREC_LAYER_RECONCILED
360
9B1
  0
DICTIONARY
  5
9B2
330
16D
100
AcDbDictionary
280
     1
281
     1
  3
ADSK_XREC_LAYER_RECONCILED
360
9B3
  0
DICTIONARY
  5
9B4
330
16F
100
AcDbDictionary
280
     1
281
     1
  3
ADSK_XREC_LAYER_RECONCILED
360
9B5
  0
DICTIONARY
  5
9B6
330
171
100
AcDbDictionary
280
     1
281
     1
  3
ADSK_XREC_LAYER_RECONCILED
360
9B7
  0
DICTIONARY
  5
9B8
330
173
100
AcDbDictionary
280
     1
281
     1
  3
ADSK_XREC_LAYER_RECONCILED
360
9B9
  0
DICTIONARY
  5
9BA
330
175
100
AcDbDictionary
280
     1
281
     1
  3
ADSK_XREC_LAYER_RECONCILED
360
9BB
  0
DICTIONARY
  5
9BC
330
177
100
AcDbDictionary
280
     1
281
     1
  3
ADSK_XREC_LAYER_RECONCILED
360
9BD
  0
DICTIONARY
  5
9BE
330
179
100
AcDbDictionary
280
     1
281
     1
  3
ADSK_XREC_LAYER_RECONCILED
360
9BF
  0
DICTIONARY
  5
9C0
330
17B
100
AcDbDictionary
280
     1
281
     1
  3
ADSK_XREC_LAYER_RECONCILED
360
9C1
  0
DICTIONARY
  5
9C2
330
17D
100
AcDbDictionary
280
     1
281
     1
  3
ADSK_XREC_LAYER_RECONCILED
360
9C3
  0
DICTIONARY
  5
9C4
330
17F
100
AcDbDictionary
280
     1
281
     1
  3
ADSK_XREC_LAYER_RECONCILED
360
9C5
  0
DICTIONARY
  5
9C6
330
181
100
AcDbDictionary
280
     1
281
     1
  3
ADSK_XREC_LAYER_RECONCILED
360
9C7
  0
DICTIONARY
  5
9C8
330
183
100
AcDbDictionary
280
     1
281
     1
  3
ADSK_XREC_LAYER_RECONCILED
360
9C9
  0
DICTIONARY
  5
9CA
330
185
100
AcDbDictionary
280
     1
281
     1
  3
ADSK_XREC_LAYER_RECONCILED
360
9CB
  0
DICTIONARY
  5
9CC
330
187
100
AcDbDictionary
280
     1
281
     1
  3
ADSK_XREC_LAYER_RECONCILED
360
9CD
  0
DICTIONARY
  5
9CE
330
189
100
AcDbDictionary
280
     1
281
     1
  3
ADSK_XREC_LAYER_RECONCILED
360
9CF
  0
DICTIONARY
  5
9D0
330
18B
100
AcDbDictionary
280
     1
281
     1
  3
ADSK_XREC_LAYER_RECONCILED
360
9D1
  0
DICTIONARY
  5
9D2
330
18D
100
AcDbDictionary
280
     1
281
     1
  3
ADSK_XREC_LAYER_RECONCILED
360
9D3
  0
DICTIONARY
  5
9D4
330
18F
100
AcDbDictionary
280
     1
281
     1
  3
ADSK_XREC_LAYER_RECONCILED
360
9D5
  0
DICTIONARY
  5
9D6
330
191
100
AcDbDictionary
280
     1
281
     1
  3
ADSK_XREC_LAYER_RECONCILED
360
9D7
  0
DICTIONARY
  5
9D8
330
193
100
AcDbDictionary
280
     1
281
     1
  3
ADSK_XREC_LAYER_RECONCILED
360
9D9
  0
DICTIONARY
  5
9DA
330
195
100
AcDbDictionary
280
     1
281
     1
  3
ADSK_XREC_LAYER_RECONCILED
360
9DB
  0
DICTIONARY
  5
9DC
330
197
100
AcDbDictionary
280
     1
281
     1
  3
ADSK_XREC_LAYER_RECONCILED
360
9DD
  0
DICTIONARY
  5
9DE
330
199
100
AcDbDictionary
280
     1
281
     1
  3
ADSK_XREC_LAYER_RECONCILED
360
9DF
  0
DICTIONARY
  5
9E0
330
19B
100
AcDbDictionary
280
     1
281
     1
  3
ADSK_XREC_LAYER_RECONCILED
360
9E1
  0
DICTIONARY
  5
9E2
330
19D
100
AcDbDictionary
280
     1
281
     1
  3
ADSK_XREC_LAYER_RECONCILED
360
9E3
  0
DICTIONARY
  5
9E4
330
19F
100
AcDbDictionary
280
     1
281
     1
  3
ADSK_XREC_LAYER_RECONCILED
360
9E5
  0
DICTIONARY
  5
9E6
330
1A1
100
AcDbDictionary
280
     1
281
     1
  3
ADSK_XREC_LAYER_RECONCILED
360
9E7
  0
DICTIONARY
  5
9E8
330
1A3
100
AcDbDictionary
280
     1
281
     1
  3
ADSK_XREC_LAYER_RECONCILED
360
9E9
  0
DICTIONARY
  5
9EA
330
1A5
100
AcDbDictionary
280
     1
281
     1
  3
ADSK_XREC_LAYER_RECONCILED
360
9EB
  0
DICTIONARY
  5
9EC
330
1A7
100
AcDbDictionary
280
     1
281
     1
  3
ADSK_XREC_LAYER_RECONCILED
360
9ED
  0
DICTIONARY
  5
9EE
330
1A9
100
AcDbDictionary
280
     1
281
     1
  3
ADSK_XREC_LAYER_RECONCILED
360
9EF
  0
DICTIONARY
  5
9F0
330
1AB
100
AcDbDictionary
280
     1
281
     1
  3
ADSK_XREC_LAYER_RECONCILED
360
9F1
  0
DICTIONARY
  5
9F2
330
1AD
100
AcDbDictionary
280
     1
281
     1
  3
ADSK_XREC_LAYER_RECONCILED
360
9F3
  0
DICTIONARY
  5
9F4
330
1AF
100
AcDbDictionary
280
     1
281
     1
  3
ADSK_XREC_LAYER_RECONCILED
360
9F5
  0
DICTIONARY
  5
9F6
330
1B1
100
AcDbDictionary
280
     1
281
     1
  3
ADSK_XREC_LAYER_RECONCILED
360
9F7
  0
DICTIONARY
  5
9F8
330
1B3
100
AcDbDictionary
280
     1
281
     1
  3
ADSK_XREC_LAYER_RECONCILED
360
9F9
  0
DICTIONARY
  5
9FA
330
1B5
100
AcDbDictionary
280
     1
281
     1
  3
ADSK_XREC_LAYER_RECONCILED
360
9FB
  0
DICTIONARY
  5
9FC
330
1B7
100
AcDbDictionary
280
     1
281
     1
  3
ADSK_XREC_LAYER_RECONCILED
360
9FD
  0
DICTIONARY
  5
9FE
330
1B9
100
AcDbDictionary
280
     1
281
     1
  3
ADSK_XREC_LAYER_RECONCILED
360
9FF
  0
DICTIONARY
  5
A00
330
1BB
100
AcDbDictionary
280
     1
281
     1
  3
ADSK_XREC_LAYER_RECONCILED
360
A01
  0
DICTIONARY
  5
A02
330
1BD
100
AcDbDictionary
280
     1
281
     1
  3
ADSK_XREC_LAYER_RECONCILED
360
A03
  0
DICTIONARY
  5
A04
330
1BF
100
AcDbDictionary
280
     1
281
     1
  3
ADSK_XREC_LAYER_RECONCILED
360
A05
  0
DICTIONARY
  5
A06
330
1C1
100
AcDbDictionary
280
     1
281
     1
  3
ADSK_XREC_LAYER_RECONCILED
360
A07
  0
DICTIONARY
  5
A08
330
1C3
100
AcDbDictionary
280
     1
281
     1
  3
ADSK_XREC_LAYER_RECONCILED
360
A09
  0
DICTIONARY
  5
A0A
330
1C5
100
AcDbDictionary
280
     1
281
     1
  3
ADSK_XREC_LAYER_RECONCILED
360
A0B
  0
DICTIONARY
  5
A0C
330
1C7
100
AcDbDictionary
280
     1
281
     1
  3
ADSK_XREC_LAYER_RECONCILED
360
A0D
  0
DICTIONARY
  5
A0E
330
1C9
100
AcDbDictionary
280
     1
281
     1
  3
ADSK_XREC_LAYER_RECONCILED
360
A0F
  0
DICTIONARY
  5
A10
330
1CB
100
AcDbDictionary
280
     1
281
     1
  3
ADSK_XREC_LAYER_RECONCILED
360
A11
  0
DICTIONARY
  5
A12
330
1CD
100
AcDbDictionary
280
     1
281
     1
  3
ADSK_XREC_LAYER_RECONCILED
360
A13
  0
DICTIONARY
  5
A14
330
1CF
100
AcDbDictionary
280
     1
281
     1
  3
ADSK_XREC_LAYER_RECONCILED
360
A15
  0
DICTIONARY
  5
A16
330
1D1
100
AcDbDictionary
280
     1
281
     1
  3
ADSK_XREC_LAYER_RECONCILED
360
A17
  0
DICTIONARY
  5
A18
330
1D3
100
AcDbDictionary
280
     1
281
     1
  3
ADSK_XREC_LAYER_RECONCILED
360
A19
  0
DICTIONARY
  5
A1A
330
1D5
100
AcDbDictionary
280
     1
281
     1
  3
ADSK_XREC_LAYER_RECONCILED
360
A1B
  0
DICTIONARY
  5
A1C
330
1D7
100
AcDbDictionary
280
     1
281
     1
  3
ADSK_XREC_LAYER_RECONCILED
360
A1D
  0
DICTIONARY
  5
A1E
330
1D9
100
AcDbDictionary
280
     1
281
     1
  3
ADSK_XREC_LAYER_RECONCILED
360
A1F
  0
DICTIONARY
  5
A20
330
1DB
100
AcDbDictionary
280
     1
281
     1
  3
ADSK_XREC_LAYER_RECONCILED
360
A21
  0
DICTIONARY
  5
A22
330
1DD
100
AcDbDictionary
280
     1
281
     1
  3
ADSK_XREC_LAYER_RECONCILED
360
A23
  0
DICTIONARY
  5
A24
330
1DF
100
AcDbDictionary
280
     1
281
     1
  3
ADSK_XREC_LAYER_RECONCILED
360
A25
  0
DICTIONARY
  5
A26
330
1E1
100
AcDbDictionary
280
     1
281
     1
  3
ADSK_XREC_LAYER_RECONCILED
360
A27
  0
DICTIONARY
  5
A28
330
1E3
100
AcDbDictionary
280
     1
281
     1
  3
ADSK_XREC_LAYER_RECONCILED
360
A29
  0
DICTIONARY
  5
A2A
330
1E5
100
AcDbDictionary
280
     1
281
     1
  3
ADSK_XREC_LAYER_RECONCILED
360
A2B
  0
DICTIONARY
  5
A2C
330
1E7
100
AcDbDictionary
280
     1
281
     1
  3
ADSK_XREC_LAYER_RECONCILED
360
A2D
  0
DICTIONARY
  5
A2E
330
1E9
100
AcDbDictionary
280
     1
281
     1
  3
ADSK_XREC_LAYER_RECONCILED
360
A2F
  0
DICTIONARY
  5
A30
330
1EB
100
AcDbDictionary
280
     1
281
     1
  3
ADSK_XREC_LAYER_RECONCILED
360
A31
  0
DICTIONARY
  5
A32
330
1ED
100
AcDbDictionary
280
     1
281
     1
  3
ADSK_XREC_LAYER_RECONCILED
360
A33
  0
DICTIONARY
  5
A34
330
1EF
100
AcDbDictionary
280
     1
281
     1
  3
ADSK_XREC_LAYER_RECONCILED
360
A35
  0
DICTIONARY
  5
A36
330
1F1
100
AcDbDictionary
280
     1
281
     1
  3
ADSK_XREC_LAYER_RECONCILED
360
A37
  0
DICTIONARY
  5
A38
330
1F3
100
AcDbDictionary
280
     1
281
     1
  3
ADSK_XREC_LAYER_RECONCILED
360
A39
  0
DICTIONARY
  5
A3A
330
1F5
100
AcDbDictionary
280
     1
281
     1
  3
ADSK_XREC_LAYER_RECONCILED
360
A3B
  0
DICTIONARY
  5
A3C
330
1F7
100
AcDbDictionary
280
     1
281
     1
  3
ADSK_XREC_LAYER_RECONCILED
360
A3D
  0
DICTIONARY
  5
A3E
330
1F9
100
AcDbDictionary
280
     1
281
     1
  3
ADSK_XREC_LAYER_RECONCILED
360
A3F
  0
DICTIONARY
  5
A40
330
1FB
100
AcDbDictionary
280
     1
281
     1
  3
ADSK_XREC_LAYER_RECONCILED
360
A41
  0
DICTIONARY
  5
A42
330
1FD
100
AcDbDictionary
280
     1
281
     1
  3
ADSK_XREC_LAYER_RECONCILED
360
A43
  0
DICTIONARY
  5
A44
330
1FF
100
AcDbDictionary
280
     1
281
     1
  3
ADSK_XREC_LAYER_RECONCILED
360
A45
  0
DICTIONARY
  5
A46
330
201
100
AcDbDictionary
280
     1
281
     1
  3
ADSK_XREC_LAYER_RECONCILED
360
A47
  0
DICTIONARY
  5
A48
330
203
100
AcDbDictionary
280
     1
281
     1
  3
ADSK_XREC_LAYER_RECONCILED
360
A49
  0
DICTIONARY
  5
A4A
330
205
100
AcDbDictionary
280
     1
281
     1
  3
ADSK_XREC_LAYER_RECONCILED
360
A4B
  0
DICTIONARY
  5
A4C
330
207
100
AcDbDictionary
280
     1
281
     1
  3
ADSK_XREC_LAYER_RECONCILED
360
A4D
  0
DICTIONARY
  5
A4E
330
209
100
AcDbDictionary
280
     1
281
     1
  3
ADSK_XREC_LAYER_RECONCILED
360
A4F
  0
DICTIONARY
  5
A50
330
20B
100
AcDbDictionary
280
     1
281
     1
  3
ADSK_XREC_LAYER_RECONCILED
360
A51
  0
DICTIONARY
  5
A52
330
20D
100
AcDbDictionary
280
     1
281
     1
  3
ADSK_XREC_LAYER_RECONCILED
360
A53
  0
DICTIONARY
  5
A54
330
20F
100
AcDbDictionary
280
     1
281
     1
  3
ADSK_XREC_LAYER_RECONCILED
360
A55
  0
DICTIONARY
  5
A56
330
211
100
AcDbDictionary
280
     1
281
     1
  3
ADSK_XREC_LAYER_RECONCILED
360
A57
  0
DICTIONARY
  5
A58
330
213
100
AcDbDictionary
280
     1
281
     1
  3
ADSK_XREC_LAYER_RECONCILED
360
A59
  0
DICTIONARY
  5
A5A
330
215
100
AcDbDictionary
280
     1
281
     1
  3
ADSK_XREC_LAYER_RECONCILED
360
A5B
  0
DICTIONARY
  5
A5C
330
217
100
AcDbDictionary
280
     1
281
     1
  3
ADSK_XREC_LAYER_RECONCILED
360
A5D
  0
DICTIONARY
  5
A5E
330
219
100
AcDbDictionary
280
     1
281
     1
  3
ADSK_XREC_LAYER_RECONCILED
360
A5F
  0
DICTIONARY
  5
A60
330
21B
100
AcDbDictionary
280
     1
281
     1
  3
ADSK_XREC_LAYER_RECONCILED
360
A61
  0
DICTIONARY
  5
A62
330
21D
100
AcDbDictionary
280
     1
281
     1
  3
ADSK_XREC_LAYER_RECONCILED
360
A63
  0
DICTIONARY
  5
A64
330
21F
100
AcDbDictionary
280
     1
281
     1
  3
ADSK_XREC_LAYER_RECONCILED
360
A65
  0
DICTIONARY
  5
A66
330
221
100
AcDbDictionary
280
     1
281
     1
  3
ADSK_XREC_LAYER_RECONCILED
360
A67
  0
DICTIONARY
  5
A68
330
223
100
AcDbDictionary
280
     1
281
     1
  3
ADSK_XREC_LAYER_RECONCILED
360
A69
  0
DICTIONARY
  5
A6A
330
225
100
AcDbDictionary
280
     1
281
     1
  3
ADSK_XREC_LAYER_RECONCILED
360
A6B
  0
DICTIONARY
  5
A6C
330
227
100
AcDbDictionary
280
     1
281
     1
  3
ADSK_XREC_LAYER_RECONCILED
360
A6D
  0
DICTIONARY
  5
A6E
330
229
100
AcDbDictionary
280
     1
281
     1
  3
ADSK_XREC_LAYER_RECONCILED
360
A6F
  0
DICTIONARY
  5
A70
330
22B
100
AcDbDictionary
280
     1
281
     1
  3
ADSK_XREC_LAYER_RECONCILED
360
A71
  0
DICTIONARY
  5
A72
330
22D
100
AcDbDictionary
280
     1
281
     1
  3
ADSK_XREC_LAYER_RECONCILED
360
A73
  0
DICTIONARY
  5
A74
330
22F
100
AcDbDictionary
280
     1
281
     1
  3
ADSK_XREC_LAYER_RECONCILED
360
A75
  0
DICTIONARY
  5
A76
330
231
100
AcDbDictionary
280
     1
281
     1
  3
ADSK_XREC_LAYER_RECONCILED
360
A77
  0
DICTIONARY
  5
A78
330
233
100
AcDbDictionary
280
     1
281
     1
  3
ADSK_XREC_LAYER_RECONCILED
360
A79
  0
DICTIONARY
  5
A7A
330
235
100
AcDbDictionary
280
     1
281
     1
  3
ADSK_XREC_LAYER_RECONCILED
360
A7B
  0
DICTIONARY
  5
A7C
330
237
100
AcDbDictionary
280
     1
281
     1
  3
ADSK_XREC_LAYER_RECONCILED
360
A7D
  0
DICTIONARY
  5
A7E
330
239
100
AcDbDictionary
280
     1
281
     1
  3
ADSK_XREC_LAYER_RECONCILED
360
A7F
  0
DICTIONARY
  5
A80
330
23B
100
AcDbDictionary
280
     1
281
     1
  3
ADSK_XREC_LAYER_RECONCILED
360
A81
  0
DICTIONARY
  5
A82
330
23D
100
AcDbDictionary
280
     1
281
     1
  3
ADSK_XREC_LAYER_RECONCILED
360
A83
  0
DICTIONARY
  5
A84
330
23F
100
AcDbDictionary
280
     1
281
     1
  3
ADSK_XREC_LAYER_RECONCILED
360
A85
  0
DICTIONARY
  5
A86
330
241
100
AcDbDictionary
280
     1
281
     1
  3
ADSK_XREC_LAYER_RECONCILED
360
A87
  0
DICTIONARY
  5
A88
330
243
100
AcDbDictionary
280
     1
281
     1
  3
ADSK_XREC_LAYER_RECONCILED
360
A89
  0
DICTIONARY
  5
A8A
330
245
100
AcDbDictionary
280
     1
281
     1
  3
ADSK_XREC_LAYER_RECONCILED
360
A8B
  0
DICTIONARY
  5
A8C
330
247
100
AcDbDictionary
280
     1
281
     1
  3
ADSK_XREC_LAYER_RECONCILED
360
A8D
  0
DICTIONARY
  5
A8E
330
249
100
AcDbDictionary
280
     1
281
     1
  3
ADSK_XREC_LAYER_RECONCILED
360
A8F
  0
DICTIONARY
  5
A90
330
24B
100
AcDbDictionary
280
     1
281
     1
  3
ADSK_XREC_LAYER_RECONCILED
360
A91
  0
DICTIONARY
  5
A92
330
24D
100
AcDbDictionary
280
     1
281
     1
  3
ADSK_XREC_LAYER_RECONCILED
360
A93
  0
DICTIONARY
  5
A94
330
24F
100
AcDbDictionary
280
     1
281
     1
  3
ADSK_XREC_LAYER_RECONCILED
360
A95
  0
DICTIONARY
  5
A96
330
251
100
AcDbDictionary
280
     1
281
     1
  3
ADSK_XREC_LAYER_RECONCILED
360
A97
  0
DICTIONARY
  5
A98
330
253
100
AcDbDictionary
280
     1
281
     1
  3
ADSK_XREC_LAYER_RECONCILED
360
A99
  0
DICTIONARY
  5
A9A
330
255
100
AcDbDictionary
280
     1
281
     1
  3
ADSK_XREC_LAYER_RECONCILED
360
A9B
  0
DICTIONARY
  5
A9C
330
257
100
AcDbDictionary
280
     1
281
     1
  3
ADSK_XREC_LAYER_RECONCILED
360
A9D
  0
DICTIONARY
  5
A9E
330
259
100
AcDbDictionary
280
     1
281
     1
  3
ADSK_XREC_LAYER_RECONCILED
360
A9F
  0
DICTIONARY
  5
AA0
330
25B
100
AcDbDictionary
280
     1
281
     1
  3
ADSK_XREC_LAYER_RECONCILED
360
AA1
  0
DICTIONARY
  5
AA2
330
25D
100
AcDbDictionary
280
     1
281
     1
  3
ADSK_XREC_LAYER_RECONCILED
360
AA3
  0
DICTIONARY
  5
AA4
330
25F
100
AcDbDictionary
280
     1
281
     1
  3
ADSK_XREC_LAYER_RECONCILED
360
AA5
  0
DICTIONARY
  5
AA6
330
261
100
AcDbDictionary
280
     1
281
     1
  3
ADSK_XREC_LAYER_RECONCILED
360
AA7
  0
DICTIONARY
  5
AA8
330
263
100
AcDbDictionary
280
     1
281
     1
  3
ADSK_XREC_LAYER_RECONCILED
360
AA9
  0
DICTIONARY
  5
AAA
330
265
100
AcDbDictionary
280
     1
281
     1
  3
ADSK_XREC_LAYER_RECONCILED
360
AAB
  0
DICTIONARY
  5
AAC
330
267
100
AcDbDictionary
280
     1
281
     1
  3
ADSK_XREC_LAYER_RECONCILED
360
AAD
  0
DICTIONARY
  5
AAE
330
269
100
AcDbDictionary
280
     1
281
     1
  3
ADSK_XREC_LAYER_RECONCILED
360
AAF
  0
DICTIONARY
  5
AB0
330
26B
100
AcDbDictionary
280
     1
281
     1
  3
ADSK_XREC_LAYER_RECONCILED
360
AB1
  0
DICTIONARY
  5
AB2
330
26D
100
AcDbDictionary
280
     1
281
     1
  3
ADSK_XREC_LAYER_RECONCILED
360
AB3
  0
DICTIONARY
  5
AB4
330
26F
100
AcDbDictionary
280
     1
281
     1
  3
ADSK_XREC_LAYER_RECONCILED
360
AB5
  0
DICTIONARY
  5
AB6
330
271
100
AcDbDictionary
280
     1
281
     1
  3
ADSK_XREC_LAYER_RECONCILED
360
AB7
  0
DICTIONARY
  5
AB8
330
273
100
AcDbDictionary
280
     1
281
     1
  3
ADSK_XREC_LAYER_RECONCILED
360
AB9
  0
DICTIONARY
  5
ABA
330
275
100
AcDbDictionary
280
     1
281
     1
  3
ADSK_XREC_LAYER_RECONCILED
360
ABB
  0
DICTIONARY
  5
ABC
330
277
100
AcDbDictionary
280
     1
281
     1
  3
ADSK_XREC_LAYER_RECONCILED
360
ABD
  0
DICTIONARY
  5
ABE
330
279
100
AcDbDictionary
280
     1
281
     1
  3
ADSK_XREC_LAYER_RECONCILED
360
ABF
  0
DICTIONARY
  5
AC0
330
27B
100
AcDbDictionary
280
     1
281
     1
  3
ADSK_XREC_LAYER_RECONCILED
360
AC1
  0
DICTIONARY
  5
AC2
330
27D
100
AcDbDictionary
280
     1
281
     1
  3
ADSK_XREC_LAYER_RECONCILED
360
AC3
  0
DICTIONARY
  5
AC4
330
27F
100
AcDbDictionary
280
     1
281
     1
  3
ADSK_XREC_LAYER_RECONCILED
360
AC5
  0
DICTIONARY
  5
AC6
330
281
100
AcDbDictionary
280
     1
281
     1
  3
ADSK_XREC_LAYER_RECONCILED
360
AC7
  0
DICTIONARY
  5
AC8
330
283
100
AcDbDictionary
280
     1
281
     1
  3
ADSK_XREC_LAYER_RECONCILED
360
AC9
  0
DICTIONARY
  5
ACA
330
285
100
AcDbDictionary
280
     1
281
     1
  3
ADSK_XREC_LAYER_RECONCILED
360
ACB
  0
DICTIONARY
  5
ACC
330
287
100
AcDbDictionary
280
     1
281
     1
  3
ADSK_XREC_LAYER_RECONCILED
360
ACD
  0
DICTIONARY
  5
ACE
330
289
100
AcDbDictionary
280
     1
281
     1
  3
ADSK_XREC_LAYER_RECONCILED
360
ACF
  0
DICTIONARY
  5
AD0
330
28B
100
AcDbDictionary
280
     1
281
     1
  3
ADSK_XREC_LAYER_RECONCILED
360
AD1
  0
DICTIONARY
  5
AD2
330
28D
100
AcDbDictionary
280
     1
281
     1
  3
ADSK_XREC_LAYER_RECONCILED
360
AD3
  0
DICTIONARY
  5
AD4
330
28F
100
AcDbDictionary
280
     1
281
     1
  3
ADSK_XREC_LAYER_RECONCILED
360
AD5
  0
DICTIONARY
  5
AD6
330
291
100
AcDbDictionary
280
     1
281
     1
  3
ADSK_XREC_LAYER_RECONCILED
360
AD7
  0
DICTIONARY
  5
AD8
330
293
100
AcDbDictionary
280
     1
281
     1
  3
ADSK_XREC_LAYER_RECONCILED
360
AD9
  0
DICTIONARY
  5
ADA
330
295
100
AcDbDictionary
280
     1
281
     1
  3
ADSK_XREC_LAYER_RECONCILED
360
ADB
  0
DICTIONARY
  5
ADC
330
297
100
AcDbDictionary
280
     1
281
     1
  3
ADSK_XREC_LAYER_RECONCILED
360
ADD
  0
DICTIONARY
  5
ADE
330
299
100
AcDbDictionary
280
     1
281
     1
  3
ADSK_XREC_LAYER_RECONCILED
360
ADF
  0
DICTIONARY
  5
AE0
330
29B
100
AcDbDictionary
280
     1
281
     1
  3
ADSK_XREC_LAYER_RECONCILED
360
AE1
  0
DICTIONARY
  5
AE2
330
29D
100
AcDbDictionary
280
     1
281
     1
  3
ADSK_XREC_LAYER_RECONCILED
360
AE3
  0
DICTIONARY
  5
AE4
330
29F
100
AcDbDictionary
280
     1
281
     1
  3
ADSK_XREC_LAYER_RECONCILED
360
AE5
  0
DICTIONARY
  5
AE6
330
2A1
100
AcDbDictionary
280
     1
281
     1
  3
ADSK_XREC_LAYER_RECONCILED
360
AE7
  0
DICTIONARY
  5
AE8
330
2A3
100
AcDbDictionary
280
     1
281
     1
  3
ADSK_XREC_LAYER_RECONCILED
360
AE9
  0
DICTIONARY
  5
AEA
330
2A5
100
AcDbDictionary
280
     1
281
     1
  3
ADSK_XREC_LAYER_RECONCILED
360
AEB
  0
DICTIONARY
  5
AEC
330
2A7
100
AcDbDictionary
280
     1
281
     1
  3
ADSK_XREC_LAYER_RECONCILED
360
AED
  0
DICTIONARY
  5
AEE
330
2A9
100
AcDbDictionary
280
     1
281
     1
  3
ADSK_XREC_LAYER_RECONCILED
360
AEF
  0
DICTIONARY
  5
AF0
330
2AB
100
AcDbDictionary
280
     1
281
     1
  3
ADSK_XREC_LAYER_RECONCILED
360
AF1
  0
DICTIONARY
  5
AF2
330
2AD
100
AcDbDictionary
280
     1
281
     1
  3
ADSK_XREC_LAYER_RECONCILED
360
AF3
  0
DICTIONARY
  5
AF4
330
2AF
100
AcDbDictionary
280
     1
281
     1
  3
ADSK_XREC_LAYER_RECONCILED
360
AF5
  0
DICTIONARY
  5
AF6
330
2B1
100
AcDbDictionary
280
     1
281
     1
  3
ADSK_XREC_LAYER_RECONCILED
360
AF7
  0
DICTIONARY
  5
AF8
330
2B3
100
AcDbDictionary
280
     1
281
     1
  3
ADSK_XREC_LAYER_RECONCILED
360
AF9
  0
DICTIONARY
  5
AFA
330
2B5
100
AcDbDictionary
280
     1
281
     1
  3
ADSK_XREC_LAYER_RECONCILED
360
AFB
  0
DICTIONARY
  5
AFC
330
2B7
100
AcDbDictionary
280
     1
281
     1
  3
ADSK_XREC_LAYER_RECONCILED
360
AFD
  0
DICTIONARY
  5
AFE
330
2B9
100
AcDbDictionary
280
     1
281
     1
  3
ADSK_XREC_LAYER_RECONCILED
360
AFF
  0
DICTIONARY
  5
B00
330
2BB
100
AcDbDictionary
280
     1
281
     1
  3
ADSK_XREC_LAYER_RECONCILED
360
B01
  0
DICTIONARY
  5
B02
330
2BD
100
AcDbDictionary
280
     1
281
     1
  3
ADSK_XREC_LAYER_RECONCILED
360
B03
  0
DICTIONARY
  5
B04
330
2BF
100
AcDbDictionary
280
     1
281
     1
  3
ADSK_XREC_LAYER_RECONCILED
360
B05
  0
DICTIONARY
  5
B06
330
2C1
100
AcDbDictionary
280
     1
281
     1
  3
ADSK_XREC_LAYER_RECONCILED
360
B07
  0
DICTIONARY
  5
B08
330
2C3
100
AcDbDictionary
280
     1
281
     1
  3
ADSK_XREC_LAYER_RECONCILED
360
B09
  0
DICTIONARY
  5
B0A
330
2C5
100
AcDbDictionary
280
     1
281
     1
  3
ADSK_XREC_LAYER_RECONCILED
360
B0B
  0
DICTIONARY
  5
B0C
330
2C7
100
AcDbDictionary
280
     1
281
     1
  3
ADSK_XREC_LAYER_RECONCILED
360
B0D
  0
DICTIONARY
  5
B0E
330
2C9
100
AcDbDictionary
280
     1
281
     1
  3
ADSK_XREC_LAYER_RECONCILED
360
B0F
  0
DICTIONARY
  5
B10
330
2CB
100
AcDbDictionary
280
     1
281
     1
  3
ADSK_XREC_LAYER_RECONCILED
360
B11
  0
DICTIONARY
  5
B12
330
2CD
100
AcDbDictionary
280
     1
281
     1
  3
ADSK_XREC_LAYER_RECONCILED
360
B13
  0
DICTIONARY
  5
B14
330
2CF
100
AcDbDictionary
280
     1
281
     1
  3
ADSK_XREC_LAYER_RECONCILED
360
B15
  0
DICTIONARY
  5
B16
330
2D1
100
AcDbDictionary
280
     1
281
     1
  3
ADSK_XREC_LAYER_RECONCILED
360
B17
  0
DICTIONARY
  5
B18
330
2D3
100
AcDbDictionary
280
     1
281
     1
  3
ADSK_XREC_LAYER_RECONCILED
360
B19
  0
DICTIONARY
  5
B1A
330
2D5
100
AcDbDictionary
280
     1
281
     1
  3
ADSK_XREC_LAYER_RECONCILED
360
B1B
  0
DICTIONARY
  5
B1C
330
2D7
100
AcDbDictionary
280
     1
281
     1
  3
ADSK_XREC_LAYER_RECONCILED
360
B1D
  0
DICTIONARY
  5
B1E
330
2D9
100
AcDbDictionary
280
     1
281
     1
  3
ADSK_XREC_LAYER_RECONCILED
360
B1F
  0
DICTIONARY
  5
B20
330
2DB
100
AcDbDictionary
280
     1
281
     1
  3
ADSK_XREC_LAYER_RECONCILED
360
B21
  0
DICTIONARY
  5
B22
330
2DD
100
AcDbDictionary
280
     1
281
     1
  3
ADSK_XREC_LAYER_RECONCILED
360
B23
  0
DICTIONARY
  5
B24
330
2DF
100
AcDbDictionary
280
     1
281
     1
  3
ADSK_XREC_LAYER_RECONCILED
360
B25
  0
DICTIONARY
  5
B26
330
2E1
100
AcDbDictionary
280
     1
281
     1
  3
ADSK_XREC_LAYER_RECONCILED
360
B27
  0
DICTIONARY
  5
B28
330
2E3
100
AcDbDictionary
280
     1
281
     1
  3
ADSK_XREC_LAYER_RECONCILED
360
B29
  0
DICTIONARY
  5
B2A
330
2E5
100
AcDbDictionary
280
     1
281
     1
  3
ADSK_XREC_LAYER_RECONCILED
360
B2B
  0
DICTIONARY
  5
B2C
330
2E7
100
AcDbDictionary
280
     1
281
     1
  3
ADSK_XREC_LAYER_RECONCILED
360
B2D
  0
DICTIONARY
  5
B2E
330
2E9
100
AcDbDictionary
280
     1
281
     1
  3
ADSK_XREC_LAYER_RECONCILED
360
B2F
  0
DICTIONARY
  5
B30
330
2EB
100
AcDbDictionary
280
     1
281
     1
  3
ADSK_XREC_LAYER_RECONCILED
360
B31
  0
DICTIONARY
  5
B32
330
2ED
100
AcDbDictionary
280
     1
281
     1
  3
ADSK_XREC_LAYER_RECONCILED
360
B33
  0
DICTIONARY
  5
B34
330
2EF
100
AcDbDictionary
280
     1
281
     1
  3
ADSK_XREC_LAYER_RECONCILED
360
B35
  0
DICTIONARY
  5
B36
330
2F1
100
AcDbDictionary
280
     1
281
     1
  3
ADSK_XREC_LAYER_RECONCILED
360
B37
  0
DICTIONARY
  5
B38
330
2F3
100
AcDbDictionary
280
     1
281
     1
  3
ADSK_XREC_LAYER_RECONCILED
360
B39
  0
DICTIONARY
  5
B3A
330
2F5
100
AcDbDictionary
280
     1
281
     1
  3
ADSK_XREC_LAYER_RECONCILED
360
B3B
  0
DICTIONARY
  5
B3C
330
2F7
100
AcDbDictionary
280
     1
281
     1
  3
ADSK_XREC_LAYER_RECONCILED
360
B3D
  0
DICTIONARY
  5
B3E
330
2F9
100
AcDbDictionary
280
     1
281
     1
  3
ADSK_XREC_LAYER_RECONCILED
360
B3F
  0
DICTIONARY
  5
B40
330
2FB
100
AcDbDictionary
280
     1
281
     1
  3
ADSK_XREC_LAYER_RECONCILED
360
B41
  0
DICTIONARY
  5
B42
330
2FD
100
AcDbDictionary
280
     1
281
     1
  3
ADSK_XREC_LAYER_RECONCILED
360
B43
  0
DICTIONARY
  5
B44
330
2FF
100
AcDbDictionary
280
     1
281
     1
  3
ADSK_XREC_LAYER_RECONCILED
360
B45
  0
DICTIONARY
  5
B46
330
301
100
AcDbDictionary
280
     1
281
     1
  3
ADSK_XREC_LAYER_RECONCILED
360
B47
  0
DICTIONARY
  5
B48
330
303
100
AcDbDictionary
280
     1
281
     1
  3
ADSK_XREC_LAYER_RECONCILED
360
B49
  0
DICTIONARY
  5
B4A
330
305
100
AcDbDictionary
280
     1
281
     1
  3
ADSK_XREC_LAYER_RECONCILED
360
B4B
  0
DICTIONARY
  5
B4C
330
307
100
AcDbDictionary
280
     1
281
     1
  3
ADSK_XREC_LAYER_RECONCILED
360
B4D
  0
DICTIONARY
  5
B4E
330
309
100
AcDbDictionary
280
     1
281
     1
  3
ADSK_XREC_LAYER_RECONCILED
360
B4F
  0
DICTIONARY
  5
B50
330
30B
100
AcDbDictionary
280
     1
281
     1
  3
ADSK_XREC_LAYER_RECONCILED
360
B51
  0
DICTIONARY
  5
B52
330
30D
100
AcDbDictionary
280
     1
281
     1
  3
ADSK_XREC_LAYER_RECONCILED
360
B53
  0
DICTIONARY
  5
B54
330
30F
100
AcDbDictionary
280
     1
281
     1
  3
ADSK_XREC_LAYER_RECONCILED
360
B55
  0
DICTIONARY
  5
B56
330
311
100
AcDbDictionary
280
     1
281
     1
  3
ADSK_XREC_LAYER_RECONCILED
360
B57
  0
DICTIONARY
  5
B58
330
313
100
AcDbDictionary
280
     1
281
     1
  3
ADSK_XREC_LAYER_RECONCILED
360
B59
  0
DICTIONARY
  5
B5A
330
315
100
AcDbDictionary
280
     1
281
     1
  3
ADSK_XREC_LAYER_RECONCILED
360
B5B
  0
DICTIONARY
  5
B5C
330
317
100
AcDbDictionary
280
     1
281
     1
  3
ADSK_XREC_LAYER_RECONCILED
360
B5D
  0
DICTIONARY
  5
B5E
330
319
100
AcDbDictionary
280
     1
281
     1
  3
ADSK_XREC_LAYER_RECONCILED
360
B5F
  0
DICTIONARY
  5
B60
330
31B
100
AcDbDictionary
280
     1
281
     1
  3
ADSK_XREC_LAYER_RECONCILED
360
B61
  0
DICTIONARY
  5
B62
330
31D
100
AcDbDictionary
280
     1
281
     1
  3
ADSK_XREC_LAYER_RECONCILED
360
B63
  0
DICTIONARY
  5
B64
330
31F
100
AcDbDictionary
280
     1
281
     1
  3
ADSK_XREC_LAYER_RECONCILED
360
B65
  0
DICTIONARY
  5
B66
330
321
100
AcDbDictionary
280
     1
281
     1
  3
ADSK_XREC_LAYER_RECONCILED
360
B67
  0
DICTIONARY
  5
B68
330
323
100
AcDbDictionary
280
     1
281
     1
  3
ADSK_XREC_LAYER_RECONCILED
360
B69
  0
DICTIONARY
  5
B6A
330
325
100
AcDbDictionary
280
     1
281
     1
  3
ADSK_XREC_LAYER_RECONCILED
360
B6B
  0
DICTIONARY
  5
B6C
330
327
100
AcDbDictionary
280
     1
281
     1
  3
ADSK_XREC_LAYER_RECONCILED
360
B6D
  0
DICTIONARY
  5
B6E
330
329
100
AcDbDictionary
280
     1
281
     1
  3
ADSK_XREC_LAYER_RECONCILED
360
B6F
  0
DICTIONARY
  5
B70
330
32B
100
AcDbDictionary
280
     1
281
     1
  3
ADSK_XREC_LAYER_RECONCILED
360
B71
  0
DICTIONARY
  5
B72
330
32D
100
AcDbDictionary
280
     1
281
     1
  3
ADSK_XREC_LAYER_RECONCILED
360
B73
  0
DICTIONARY
  5
B74
330
32F
100
AcDbDictionary
280
     1
281
     1
  3
ADSK_XREC_LAYER_RECONCILED
360
B75
  0
DICTIONARY
  5
B76
330
331
100
AcDbDictionary
280
     1
281
     1
  3
ADSK_XREC_LAYER_RECONCILED
360
B77
  0
DICTIONARY
  5
B78
330
333
100
AcDbDictionary
280
     1
281
     1
  3
ADSK_XREC_LAYER_RECONCILED
360
B79
  0
DICTIONARY
  5
B7A
330
335
100
AcDbDictionary
280
     1
281
     1
  3
ADSK_XREC_LAYER_RECONCILED
360
B7B
  0
DICTIONARY
  5
B7C
330
337
100
AcDbDictionary
280
     1
281
     1
  3
ADSK_XREC_LAYER_RECONCILED
360
B7D
  0
DICTIONARY
  5
B7E
330
339
100
AcDbDictionary
280
     1
281
     1
  3
ADSK_XREC_LAYER_RECONCILED
360
B7F
  0
DICTIONARY
  5
B80
330
33B
100
AcDbDictionary
280
     1
281
     1
  3
ADSK_XREC_LAYER_RECONCILED
360
B81
  0
DICTIONARY
  5
B82
330
33D
100
AcDbDictionary
280
     1
281
     1
  3
ADSK_XREC_LAYER_RECONCILED
360
B83
  0
DICTIONARY
  5
B84
330
33F
100
AcDbDictionary
280
     1
281
     1
  3
ADSK_XREC_LAYER_RECONCILED
360
B85
  0
DICTIONARY
  5
B86
330
341
100
AcDbDictionary
280
     1
281
     1
  3
ADSK_XREC_LAYER_RECONCILED
360
B87
  0
DICTIONARY
  5
B88
330
343
100
AcDbDictionary
280
     1
281
     1
  3
ADSK_XREC_LAYER_RECONCILED
360
B89
  0
DICTIONARY
  5
B8A
330
345
100
AcDbDictionary
280
     1
281
     1
  3
ADSK_XREC_LAYER_RECONCILED
360
B8B
  0
DICTIONARY
  5
B8C
330
347
100
AcDbDictionary
280
     1
281
     1
  3
ADSK_XREC_LAYER_RECONCILED
360
B8D
  0
DICTIONARY
  5
B8E
330
349
100
AcDbDictionary
280
     1
281
     1
  3
ADSK_XREC_LAYER_RECONCILED
360
B8F
  0
DICTIONARY
  5
B90
330
34B
100
AcDbDictionary
280
     1
281
     1
  3
ADSK_XREC_LAYER_RECONCILED
360
B91
  0
DICTIONARY
  5
B92
330
34D
100
AcDbDictionary
280
     1
281
     1
  3
ADSK_XREC_LAYER_RECONCILED
360
B93
  0
DICTIONARY
  5
B94
330
34F
100
AcDbDictionary
280
     1
281
     1
  3
ADSK_XREC_LAYER_RECONCILED
360
B95
  0
DICTIONARY
  5
B96
330
351
100
AcDbDictionary
280
     1
281
     1
  3
ADSK_XREC_LAYER_RECONCILED
360
B97
  0
DICTIONARY
  5
B98
330
353
100
AcDbDictionary
280
     1
281
     1
  3
ADSK_XREC_LAYER_RECONCILED
360
B99
  0
DICTIONARY
  5
B9A
330
355
100
AcDbDictionary
280
     1
281
     1
  3
ADSK_XREC_LAYER_RECONCILED
360
B9B
  0
DICTIONARY
  5
B9C
330
357
100
AcDbDictionary
280
     1
281
     1
  3
ADSK_XREC_LAYER_RECONCILED
360
B9D
  0
DICTIONARY
  5
B9E
330
359
100
AcDbDictionary
280
     1
281
     1
  3
ADSK_XREC_LAYER_RECONCILED
360
B9F
  0
DICTIONARY
  5
BA0
330
35B
100
AcDbDictionary
280
     1
281
     1
  3
ADSK_XREC_LAYER_RECONCILED
360
BA1
  0
DICTIONARY
  5
BA2
330
35D
100
AcDbDictionary
280
     1
281
     1
  3
ADSK_XREC_LAYER_RECONCILED
360
BA3
  0
DICTIONARY
  5
BA4
330
35F
100
AcDbDictionary
280
     1
281
     1
  3
ADSK_XREC_LAYER_RECONCILED
360
BA5
  0
DICTIONARY
  5
BA6
330
361
100
AcDbDictionary
280
     1
281
     1
  3
ADSK_XREC_LAYER_RECONCILED
360
BA7
  0
DICTIONARY
  5
BA8
330
363
100
AcDbDictionary
280
     1
281
     1
  3
ADSK_XREC_LAYER_RECONCILED
360
BA9
  0
DICTIONARY
  5
BAA
330
365
100
AcDbDictionary
280
     1
281
     1
  3
ADSK_XREC_LAYER_RECONCILED
360
BAB
  0
DICTIONARY
  5
BAC
330
367
100
AcDbDictionary
280
     1
281
     1
  3
ADSK_XREC_LAYER_RECONCILED
360
BAD
  0
DICTIONARY
  5
BAE
330
369
100
AcDbDictionary
280
     1
281
     1
  3
ADSK_XREC_LAYER_RECONCILED
360
BAF
  0
DICTIONARY
  5
BB0
330
36B
100
AcDbDictionary
280
     1
281
     1
  3
ADSK_XREC_LAYER_RECONCILED
360
BB1
  0
DICTIONARY
  5
BB2
330
36D
100
AcDbDictionary
280
     1
281
     1
  3
ADSK_XREC_LAYER_RECONCILED
360
BB3
  0
DICTIONARY
  5
BB4
330
36F
100
AcDbDictionary
280
     1
281
     1
  3
ADSK_XREC_LAYER_RECONCILED
360
BB5
  0
DICTIONARY
  5
BB6
330
371
100
AcDbDictionary
280
     1
281
     1
  3
ADSK_XREC_LAYER_RECONCILED
360
BB7
  0
DICTIONARY
  5
BB8
330
373
100
AcDbDictionary
280
     1
281
     1
  3
ADSK_XREC_LAYER_RECONCILED
360
BB9
  0
DICTIONARY
  5
BBA
330
375
100
AcDbDictionary
280
     1
281
     1
  3
ADSK_XREC_LAYER_RECONCILED
360
BBB
  0
DICTIONARY
  5
BBC
330
377
100
AcDbDictionary
280
     1
281
     1
  3
ADSK_XREC_LAYER_RECONCILED
360
BBD
  0
DICTIONARY
  5
BBE
330
379
100
AcDbDictionary
280
     1
281
     1
  3
ADSK_XREC_LAYER_RECONCILED
360
BBF
  0
DICTIONARY
  5
BC0
330
37B
100
AcDbDictionary
280
     1
281
     1
  3
ADSK_XREC_LAYER_RECONCILED
360
BC1
  0
DICTIONARY
  5
BC2
330
37D
100
AcDbDictionary
280
     1
281
     1
  3
ADSK_XREC_LAYER_RECONCILED
360
BC3
  0
DICTIONARY
  5
BC4
330
37F
100
AcDbDictionary
280
     1
281
     1
  3
ADSK_XREC_LAYER_RECONCILED
360
BC5
  0
DICTIONARY
  5
BC6
330
381
100
AcDbDictionary
280
     1
281
     1
  3
ADSK_XREC_LAYER_RECONCILED
360
BC7
  0
DICTIONARY
  5
BC8
330
383
100
AcDbDictionary
280
     1
281
     1
  3
ADSK_XREC_LAYER_RECONCILED
360
BC9
  0
DICTIONARY
  5
BCA
330
385
100
AcDbDictionary
280
     1
281
     1
  3
ADSK_XREC_LAYER_RECONCILED
360
BCB
  0
DICTIONARY
  5
BCC
330
387
100
AcDbDictionary
280
     1
281
     1
  3
ADSK_XREC_LAYER_RECONCILED
360
BCD
  0
DICTIONARY
  5
BCE
330
389
100
AcDbDictionary
280
     1
281
     1
  3
ADSK_XREC_LAYER_RECONCILED
360
BCF
  0
DICTIONARY
  5
BD0
330
38B
100
AcDbDictionary
280
     1
281
     1
  3
ADSK_XREC_LAYER_RECONCILED
360
BD1
  0
DICTIONARY
  5
BD2
330
38D
100
AcDbDictionary
280
     1
281
     1
  3
ADSK_XREC_LAYER_RECONCILED
360
BD3
  0
DICTIONARY
  5
BD4
330
38F
100
AcDbDictionary
280
     1
281
     1
  3
ADSK_XREC_LAYER_RECONCILED
360
BD5
  0
DICTIONARY
  5
BD6
330
391
100
AcDbDictionary
280
     1
281
     1
  3
ADSK_XREC_LAYER_RECONCILED
360
BD7
  0
DICTIONARY
  5
BD8
330
393
100
AcDbDictionary
280
     1
281
     1
  3
ADSK_XREC_LAYER_RECONCILED
360
BD9
  0
DICTIONARY
  5
BDA
330
395
100
AcDbDictionary
280
     1
281
     1
  3
ADSK_XREC_LAYER_RECONCILED
360
BDB
  0
DICTIONARY
  5
BDC
330
397
100
AcDbDictionary
280
     1
281
     1
  3
ADSK_XREC_LAYER_RECONCILED
360
BDD
  0
DICTIONARY
  5
BDE
330
399
100
AcDbDictionary
280
     1
281
     1
  3
ADSK_XREC_LAYER_RECONCILED
360
BDF
  0
DICTIONARY
  5
BE0
330
39B
100
AcDbDictionary
280
     1
281
     1
  3
ADSK_XREC_LAYER_RECONCILED
360
BE1
  0
DICTIONARY
  5
BE2
330
39D
100
AcDbDictionary
280
     1
281
     1
  3
ADSK_XREC_LAYER_RECONCILED
360
BE3
  0
DICTIONARY
  5
BE4
330
39F
100
AcDbDictionary
280
     1
281
     1
  3
ADSK_XREC_LAYER_RECONCILED
360
BE5
  0
DICTIONARY
  5
BE6
330
3A1
100
AcDbDictionary
280
     1
281
     1
  3
ADSK_XREC_LAYER_RECONCILED
360
BE7
  0
DICTIONARY
  5
BE8
330
3A3
100
AcDbDictionary
280
     1
281
     1
  3
ADSK_XREC_LAYER_RECONCILED
360
BE9
  0
DICTIONARY
  5
BEA
330
3A5
100
AcDbDictionary
280
     1
281
     1
  3
ADSK_XREC_LAYER_RECONCILED
360
BEB
  0
DICTIONARY
  5
BEC
330
3A7
100
AcDbDictionary
280
     1
281
     1
  3
ADSK_XREC_LAYER_RECONCILED
360
BED
  0
DICTIONARY
  5
BEE
330
3A9
100
AcDbDictionary
280
     1
281
     1
  3
ADSK_XREC_LAYER_RECONCILED
360
BEF
  0
DICTIONARY
  5
BF0
330
3AB
100
AcDbDictionary
280
     1
281
     1
  3
ADSK_XREC_LAYER_RECONCILED
360
BF1
  0
DICTIONARY
  5
BF2
330
3AD
100
AcDbDictionary
280
     1
281
     1
  3
ADSK_XREC_LAYER_RECONCILED
360
BF3
  0
DICTIONARY
  5
BF4
330
3AF
100
AcDbDictionary
280
     1
281
     1
  3
ADSK_XREC_LAYER_RECONCILED
360
BF5
  0
DICTIONARY
  5
BF6
330
3B1
100
AcDbDictionary
280
     1
281
     1
  3
ADSK_XREC_LAYER_RECONCILED
360
BF7
  0
DICTIONARY
  5
BF8
330
3B3
100
AcDbDictionary
280
     1
281
     1
  3
ADSK_XREC_LAYER_RECONCILED
360
BF9
  0
DICTIONARY
  5
BFA
330
3B5
100
AcDbDictionary
280
     1
281
     1
  3
ADSK_XREC_LAYER_RECONCILED
360
BFB
  0
DICTIONARY
  5
BFC
330
3B7
100
AcDbDictionary
280
     1
281
     1
  3
ADSK_XREC_LAYER_RECONCILED
360
BFD
  0
DICTIONARY
  5
BFE
330
3B9
100
AcDbDictionary
280
     1
281
     1
  3
ADSK_XREC_LAYER_RECONCILED
360
BFF
  0
DICTIONARY
  5
C00
330
3BB
100
AcDbDictionary
280
     1
281
     1
  3
ADSK_XREC_LAYER_RECONCILED
360
C01
  0
DICTIONARY
  5
C02
330
3BD
100
AcDbDictionary
280
     1
281
     1
  3
ADSK_XREC_LAYER_RECONCILED
360
C03
  0
DICTIONARY
  5
C04
330
3BF
100
AcDbDictionary
280
     1
281
     1
  3
ADSK_XREC_LAYER_RECONCILED
360
C05
  0
DICTIONARY
  5
C06
330
3C1
100
AcDbDictionary
280
     1
281
     1
  3
ADSK_XREC_LAYER_RECONCILED
360
C07
  0
DICTIONARY
  5
C08
330
3C3
100
AcDbDictionary
280
     1
281
     1
  3
ADSK_XREC_LAYER_RECONCILED
360
C09
  0
DICTIONARY
  5
C0A
330
3C5
100
AcDbDictionary
280
     1
281
     1
  3
ADSK_XREC_LAYER_RECONCILED
360
C0B
  0
DICTIONARY
  5
C0C
330
3C7
100
AcDbDictionary
280
     1
281
     1
  3
ADSK_XREC_LAYER_RECONCILED
360
C0D
  0
DICTIONARY
  5
C0E
330
3C9
100
AcDbDictionary
280
     1
281
     1
  3
ADSK_XREC_LAYER_RECONCILED
360
C0F
  0
DICTIONARY
  5
C10
330
3CB
100
AcDbDictionary
280
     1
281
     1
  3
ADSK_XREC_LAYER_RECONCILED
360
C11
  0
DICTIONARY
  5
C12
330
3CD
100
AcDbDictionary
280
     1
281
     1
  3
ADSK_XREC_LAYER_RECONCILED
360
C13
  0
DICTIONARY
  5
C14
330
3CF
100
AcDbDictionary
280
     1
281
     1
  3
ADSK_XREC_LAYER_RECONCILED
360
C15
  0
DICTIONARY
  5
C16
330
3D1
100
AcDbDictionary
280
     1
281
     1
  3
ADSK_XREC_LAYER_RECONCILED
360
C17
  0
DICTIONARY
  5
C18
330
3D3
100
AcDbDictionary
280
     1
281
     1
  3
ADSK_XREC_LAYER_RECONCILED
360
C19
  0
DICTIONARY
  5
C1A
330
3D5
100
AcDbDictionary
280
     1
281
     1
  3
ADSK_XREC_LAYER_RECONCILED
360
C1B
  0
DICTIONARY
  5
C1C
330
3D7
100
AcDbDictionary
280
     1
281
     1
  3
ADSK_XREC_LAYER_RECONCILED
360
C1D
  0
DICTIONARY
  5
C1E
330
3D9
100
AcDbDictionary
280
     1
281
     1
  3
ADSK_XREC_LAYER_RECONCILED
360
C1F
  0
DICTIONARY
  5
C20
330
3DB
100
AcDbDictionary
280
     1
281
     1
  3
ADSK_XREC_LAYER_RECONCILED
360
C21
  0
DICTIONARY
  5
C22
330
3DD
100
AcDbDictionary
280
     1
281
     1
  3
ADSK_XREC_LAYER_RECONCILED
360
C23
  0
DICTIONARY
  5
C24
330
3DF
100
AcDbDictionary
280
     1
281
     1
  3
ADSK_XREC_LAYER_RECONCILED
360
C25
  0
DICTIONARY
  5
C26
330
3E1
100
AcDbDictionary
280
     1
281
     1
  3
ADSK_XREC_LAYER_RECONCILED
360
C27
  0
DICTIONARY
  5
C28
330
3E3
100
AcDbDictionary
280
     1
281
     1
  3
ADSK_XREC_LAYER_RECONCILED
360
C29
  0
DICTIONARY
  5
C2A
330
3E5
100
AcDbDictionary
280
     1
281
     1
  3
ADSK_XREC_LAYER_RECONCILED
360
C2B
  0
DICTIONARY
  5
C2C
330
3E7
100
AcDbDictionary
280
     1
281
     1
  3
ADSK_XREC_LAYER_RECONCILED
360
C2D
  0
DICTIONARY
  5
C2E
330
3E9
100
AcDbDictionary
280
     1
281
     1
  3
ADSK_XREC_LAYER_RECONCILED
360
C2F
  0
DICTIONARY
  5
C30
330
3EB
100
AcDbDictionary
280
     1
281
     1
  3
ADSK_XREC_LAYER_RECONCILED
360
C31
  0
DICTIONARY
  5
C32
330
3ED
100
AcDbDictionary
280
     1
281
     1
  3
ADSK_XREC_LAYER_RECONCILED
360
C33
  0
DICTIONARY
  5
C34
330
3EF
100
AcDbDictionary
280
     1
281
     1
  3
ADSK_XREC_LAYER_RECONCILED
360
C35
  0
DICTIONARY
  5
C36
330
3F1
100
AcDbDictionary
280
     1
281
     1
  3
ADSK_XREC_LAYER_RECONCILED
360
C37
  0
DICTIONARY
  5
C38
330
3F3
100
AcDbDictionary
280
     1
281
     1
  3
ADSK_XREC_LAYER_RECONCILED
360
C39
  0
DICTIONARY
  5
C3A
330
3F5
100
AcDbDictionary
280
     1
281
     1
  3
ADSK_XREC_LAYER_RECONCILED
360
C3B
  0
DICTIONARY
  5
C3C
330
3F7
100
AcDbDictionary
280
     1
281
     1
  3
ADSK_XREC_LAYER_RECONCILED
360
C3D
  0
DICTIONARY
  5
C3E
330
3F9
100
AcDbDictionary
280
     1
281
     1
  3
ADSK_XREC_LAYER_RECONCILED
360
C3F
  0
DICTIONARY
  5
C40
330
3FB
100
AcDbDictionary
280
     1
281
     1
  3
ADSK_XREC_LAYER_RECONCILED
360
C41
  0
DICTIONARY
  5
C42
330
3FD
100
AcDbDictionary
280
     1
281
     1
  3
ADSK_XREC_LAYER_RECONCILED
360
C43
  0
DICTIONARY
  5
C44
330
3FF
100
AcDbDictionary
280
     1
281
     1
  3
ADSK_XREC_LAYER_RECONCILED
360
C45
  0
DICTIONARY
  5
C46
330
401
100
AcDbDictionary
280
     1
281
     1
  3
ADSK_XREC_LAYER_RECONCILED
360
C47
  0
DICTIONARY
  5
C48
330
403
100
AcDbDictionary
280
     1
281
     1
  3
ADSK_XREC_LAYER_RECONCILED
360
C49
  0
DICTIONARY
  5
C4A
330
405
100
AcDbDictionary
280
     1
281
     1
  3
ADSK_XREC_LAYER_RECONCILED
360
C4B
  0
DICTIONARY
  5
C4C
330
407
100
AcDbDictionary
280
     1
281
     1
  3
ADSK_XREC_LAYER_RECONCILED
360
C4D
  0
DICTIONARY
  5
C4E
330
409
100
AcDbDictionary
280
     1
281
     1
  3
ADSK_XREC_LAYER_RECONCILED
360
C4F
  0
DICTIONARY
  5
C50
330
40B
100
AcDbDictionary
280
     1
281
     1
  3
ADSK_XREC_LAYER_RECONCILED
360
C51
  0
DICTIONARY
  5
C52
330
40D
100
AcDbDictionary
280
     1
281
     1
  3
ADSK_XREC_LAYER_RECONCILED
360
C53
  0
DICTIONARY
  5
C54
330
40F
100
AcDbDictionary
280
     1
281
     1
  3
ADSK_XREC_LAYER_RECONCILED
360
C55
  0
DICTIONARY
  5
C56
330
411
100
AcDbDictionary
280
     1
281
     1
  3
ADSK_XREC_LAYER_RECONCILED
360
C57
  0
DICTIONARY
  5
C58
330
413
100
AcDbDictionary
280
     1
281
     1
  3
ADSK_XREC_LAYER_RECONCILED
360
C59
  0
DICTIONARY
  5
C5A
330
415
100
AcDbDictionary
280
     1
281
     1
  3
ADSK_XREC_LAYER_RECONCILED
360
C5B
  0
DICTIONARY
  5
C5C
330
417
100
AcDbDictionary
280
     1
281
     1
  3
ADSK_XREC_LAYER_RECONCILED
360
C5D
  0
DICTIONARY
  5
C5E
330
419
100
AcDbDictionary
280
     1
281
     1
  3
ADSK_XREC_LAYER_RECONCILED
360
C5F
  0
DICTIONARY
  5
C60
330
41B
100
AcDbDictionary
280
     1
281
     1
  3
ADSK_XREC_LAYER_RECONCILED
360
C61
  0
DICTIONARY
  5
C62
330
41D
100
AcDbDictionary
280
     1
281
     1
  3
ADSK_XREC_LAYER_RECONCILED
360
C63
  0
DICTIONARY
  5
C64
330
41F
100
AcDbDictionary
280
     1
281
     1
  3
ADSK_XREC_LAYER_RECONCILED
360
C65
  0
DICTIONARY
  5
C66
330
421
100
AcDbDictionary
280
     1
281
     1
  3
ADSK_XREC_LAYER_RECONCILED
360
C67
  0
DICTIONARY
  5
C68
330
423
100
AcDbDictionary
280
     1
281
     1
  3
ADSK_XREC_LAYER_RECONCILED
360
C69
  0
DICTIONARY
  5
C6A
330
425
100
AcDbDictionary
280
     1
281
     1
  3
ADSK_XREC_LAYER_RECONCILED
360
C6B
  0
DICTIONARY
  5
C6C
330
427
100
AcDbDictionary
280
     1
281
     1
  3
ADSK_XREC_LAYER_RECONCILED
360
C6D
  0
DICTIONARY
  5
C6E
330
429
100
AcDbDictionary
280
     1
281
     1
  3
ADSK_XREC_LAYER_RECONCILED
360
C6F
  0
DICTIONARY
  5
C70
330
42B
100
AcDbDictionary
280
     1
281
     1
  3
ADSK_XREC_LAYER_RECONCILED
360
C71
  0
DICTIONARY
  5
C72
330
42D
100
AcDbDictionary
280
     1
281
     1
  3
ADSK_XREC_LAYER_RECONCILED
360
C73
  0
DICTIONARY
  5
C74
330
42F
100
AcDbDictionary
280
     1
281
     1
  3
ADSK_XREC_LAYER_RECONCILED
360
C75
  0
DICTIONARY
  5
C76
330
431
100
AcDbDictionary
280
     1
281
     1
  3
ADSK_XREC_LAYER_RECONCILED
360
C77
  0
DICTIONARY
  5
C78
330
433
100
AcDbDictionary
280
     1
281
     1
  3
ADSK_XREC_LAYER_RECONCILED
360
C79
  0
DICTIONARY
  5
C7A
330
435
100
AcDbDictionary
280
     1
281
     1
  3
ADSK_XREC_LAYER_RECONCILED
360
C7B
  0
DICTIONARY
  5
C7C
330
437
100
AcDbDictionary
280
     1
281
     1
  3
ADSK_XREC_LAYER_RECONCILED
360
C7D
  0
DICTIONARY
  5
C7E
330
439
100
AcDbDictionary
280
     1
281
     1
  3
ADSK_XREC_LAYER_RECONCILED
360
C7F
  0
DICTIONARY
  5
C80
330
43B
100
AcDbDictionary
280
     1
281
     1
  3
ADSK_XREC_LAYER_RECONCILED
360
C81
  0
DICTIONARY
  5
C82
330
43D
100
AcDbDictionary
280
     1
281
     1
  3
ADSK_XREC_LAYER_RECONCILED
360
C83
  0
DICTIONARY
  5
C84
330
43F
100
AcDbDictionary
280
     1
281
     1
  3
ADSK_XREC_LAYER_RECONCILED
360
C85
  0
DICTIONARY
  5
C86
330
441
100
AcDbDictionary
280
     1
281
     1
  3
ADSK_XREC_LAYER_RECONCILED
360
C87
  0
DICTIONARY
  5
C88
330
443
100
AcDbDictionary
280
     1
281
     1
  3
ADSK_XREC_LAYER_RECONCILED
360
C89
  0
DICTIONARY
  5
C8A
330
445
100
AcDbDictionary
280
     1
281
     1
  3
ADSK_XREC_LAYER_RECONCILED
360
C8B
  0
DICTIONARY
  5
C8C
330
447
100
AcDbDictionary
280
     1
281
     1
  3
ADSK_XREC_LAYER_RECONCILED
360
C8D
  0
DICTIONARY
  5
C8E
330
449
100
AcDbDictionary
280
     1
281
     1
  3
ADSK_XREC_LAYER_RECONCILED
360
C8F
  0
DICTIONARY
  5
C90
330
44B
100
AcDbDictionary
280
     1
281
     1
  3
ADSK_XREC_LAYER_RECONCILED
360
C91
  0
DICTIONARY
  5
C92
330
44D
100
AcDbDictionary
280
     1
281
     1
  3
ADSK_XREC_LAYER_RECONCILED
360
C93
  0
DICTIONARY
  5
C94
330
44F
100
AcDbDictionary
280
     1
281
     1
  3
ADSK_XREC_LAYER_RECONCILED
360
C95
  0
DICTIONARY
  5
C96
330
451
100
AcDbDictionary
280
     1
281
     1
  3
ADSK_XREC_LAYER_RECONCILED
360
C97
  0
DICTIONARY
  5
C98
330
453
100
AcDbDictionary
280
     1
281
     1
  3
ADSK_XREC_LAYER_RECONCILED
360
C99
  0
DICTIONARY
  5
C9A
330
455
100
AcDbDictionary
280
     1
281
     1
  3
ADSK_XREC_LAYER_RECONCILED
360
C9B
  0
DICTIONARY
  5
C9C
330
457
100
AcDbDictionary
280
     1
281
     1
  3
ADSK_XREC_LAYER_RECONCILED
360
C9D
  0
DICTIONARY
  5
C9E
330
459
100
AcDbDictionary
280
     1
281
     1
  3
ADSK_XREC_LAYER_RECONCILED
360
C9F
  0
DICTIONARY
  5
CA0
330
45B
100
AcDbDictionary
280
     1
281
     1
  3
ADSK_XREC_LAYER_RECONCILED
360
CA1
  0
DICTIONARY
  5
CA2
330
45D
100
AcDbDictionary
280
     1
281
     1
  3
ADSK_XREC_LAYER_RECONCILED
360
CA3
  0
DICTIONARY
  5
CA4
330
45F
100
AcDbDictionary
280
     1
281
     1
  3
ADSK_XREC_LAYER_RECONCILED
360
CA5
  0
DICTIONARY
  5
CA6
330
461
100
AcDbDictionary
280
     1
281
     1
  3
ADSK_XREC_LAYER_RECONCILED
360
CA7
  0
DICTIONARY
  5
CA8
330
463
100
AcDbDictionary
280
     1
281
     1
  3
ADSK_XREC_LAYER_RECONCILED
360
CA9
  0
DICTIONARY
  5
CAA
330
465
100
AcDbDictionary
280
     1
281
     1
  3
ADSK_XREC_LAYER_RECONCILED
360
CAB
  0
DICTIONARY
  5
CAC
330
467
100
AcDbDictionary
280
     1
281
     1
  3
ADSK_XREC_LAYER_RECONCILED
360
CAD
  0
DICTIONARY
  5
CAE
330
469
100
AcDbDictionary
280
     1
281
     1
  3
ADSK_XREC_LAYER_RECONCILED
360
CAF
  0
DICTIONARY
  5
CB0
330
46B
100
AcDbDictionary
280
     1
281
     1
  3
ADSK_XREC_LAYER_RECONCILED
360
CB1
  0
DICTIONARY
  5
CB2
330
46D
100
AcDbDictionary
280
     1
281
     1
  3
ADSK_XREC_LAYER_RECONCILED
360
CB3
  0
DICTIONARY
  5
CB4
330
46F
100
AcDbDictionary
280
     1
281
     1
  3
ADSK_XREC_LAYER_RECONCILED
360
CB5
  0
DICTIONARY
  5
CB6
330
471
100
AcDbDictionary
280
     1
281
     1
  3
ADSK_XREC_LAYER_RECONCILED
360
CB7
  0
DICTIONARY
  5
CB8
330
473
100
AcDbDictionary
280
     1
281
     1
  3
ADSK_XREC_LAYER_RECONCILED
360
CB9
  0
DICTIONARY
  5
CBA
330
475
100
AcDbDictionary
280
     1
281
     1
  3
ADSK_XREC_LAYER_RECONCILED
360
CBB
  0
DICTIONARY
  5
CBC
330
477
100
AcDbDictionary
280
     1
281
     1
  3
ADSK_XREC_LAYER_RECONCILED
360
CBD
  0
DICTIONARY
  5
CBE
330
479
100
AcDbDictionary
280
     1
281
     1
  3
ADSK_XREC_LAYER_RECONCILED
360
CBF
  0
DICTIONARY
  5
CC0
330
47B
100
AcDbDictionary
280
     1
281
     1
  3
ADSK_XREC_LAYER_RECONCILED
360
CC1
  0
DICTIONARY
  5
CC2
330
47D
100
AcDbDictionary
280
     1
281
     1
  3
ADSK_XREC_LAYER_RECONCILED
360
CC3
  0
DICTIONARY
  5
CC4
330
47F
100
AcDbDictionary
280
     1
281
     1
  3
ADSK_XREC_LAYER_RECONCILED
360
CC5
  0
DICTIONARY
  5
CC6
330
481
100
AcDbDictionary
280
     1
281
     1
  3
ADSK_XREC_LAYER_RECONCILED
360
CC7
  0
DICTIONARY
  5
CC8
330
483
100
AcDbDictionary
280
     1
281
     1
  3
ADSK_XREC_LAYER_RECONCILED
360
CC9
  0
DICTIONARY
  5
CCA
330
485
100
AcDbDictionary
280
     1
281
     1
  3
ADSK_XREC_LAYER_RECONCILED
360
CCB
  0
DICTIONARY
  5
CCC
330
487
100
AcDbDictionary
280
     1
281
     1
  3
ADSK_XREC_LAYER_RECONCILED
360
CCD
  0
DICTIONARY
  5
CCE
330
489
100
AcDbDictionary
280
     1
281
     1
  3
ADSK_XREC_LAYER_RECONCILED
360
CCF
  0
DICTIONARY
  5
CD0
330
48B
100
AcDbDictionary
280
     1
281
     1
  3
ADSK_XREC_LAYER_RECONCILED
360
CD1
  0
DICTIONARY
  5
CD2
330
48D
100
AcDbDictionary
280
     1
281
     1
  3
ADSK_XREC_LAYER_RECONCILED
360
CD3
  0
DICTIONARY
  5
CD4
330
48F
100
AcDbDictionary
280
     1
281
     1
  3
ADSK_XREC_LAYER_RECONCILED
360
CD5
  0
DICTIONARY
  5
CD6
330
491
100
AcDbDictionary
280
     1
281
     1
  3
ADSK_XREC_LAYER_RECONCILED
360
CD7
  0
DICTIONARY
  5
CD8
330
493
100
AcDbDictionary
280
     1
281
     1
  3
ADSK_XREC_LAYER_RECONCILED
360
CD9
  0
DICTIONARY
  5
CDA
330
495
100
AcDbDictionary
280
     1
281
     1
  3
ADSK_XREC_LAYER_RECONCILED
360
CDB
  0
DICTIONARY
  5
CDC
330
497
100
AcDbDictionary
280
     1
281
     1
  3
ADSK_XREC_LAYER_RECONCILED
360
CDD
  0
DICTIONARY
  5
CDE
330
499
100
AcDbDictionary
280
     1
281
     1
  3
ADSK_XREC_LAYER_RECONCILED
360
CDF
  0
DICTIONARY
  5
CE0
330
49B
100
AcDbDictionary
280
     1
281
     1
  3
ADSK_XREC_LAYER_RECONCILED
360
CE1
  0
DICTIONARY
  5
CE2
330
49D
100
AcDbDictionary
280
     1
281
     1
  3
ADSK_XREC_LAYER_RECONCILED
360
CE3
  0
DICTIONARY
  5
CE4
330
49F
100
AcDbDictionary
280
     1
281
     1
  3
ADSK_XREC_LAYER_RECONCILED
360
CE5
  0
DICTIONARY
  5
CE6
330
4A1
100
AcDbDictionary
280
     1
281
     1
  3
ADSK_XREC_LAYER_RECONCILED
360
CE7
  0
DICTIONARY
  5
CE8
330
4A3
100
AcDbDictionary
280
     1
281
     1
  3
ADSK_XREC_LAYER_RECONCILED
360
CE9
  0
DICTIONARY
  5
CEA
330
4A5
100
AcDbDictionary
280
     1
281
     1
  3
ADSK_XREC_LAYER_RECONCILED
360
CEB
  0
DICTIONARY
  5
CEC
330
4A7
100
AcDbDictionary
280
     1
281
     1
  3
ADSK_XREC_LAYER_RECONCILED
360
CED
  0
DICTIONARY
  5
CEE
330
4A9
100
AcDbDictionary
280
     1
281
     1
  3
ADSK_XREC_LAYER_RECONCILED
360
CEF
  0
DICTIONARY
  5
CF0
330
4AB
100
AcDbDictionary
280
     1
281
     1
  3
ADSK_XREC_LAYER_RECONCILED
360
CF1
  0
DICTIONARY
  5
CF2
330
4AD
100
AcDbDictionary
280
     1
281
     1
  3
ADSK_XREC_LAYER_RECONCILED
360
CF3
  0
DICTIONARY
  5
CF4
330
4AF
100
AcDbDictionary
280
     1
281
     1
  3
ADSK_XREC_LAYER_RECONCILED
360
CF5
  0
DICTIONARY
  5
CF6
330
4B1
100
AcDbDictionary
280
     1
281
     1
  3
ADSK_XREC_LAYER_RECONCILED
360
CF7
  0
DICTIONARY
  5
CF8
330
4B3
100
AcDbDictionary
280
     1
281
     1
  3
ADSK_XREC_LAYER_RECONCILED
360
CF9
  0
DICTIONARY
  5
CFA
330
4B5
100
AcDbDictionary
280
     1
281
     1
  3
ADSK_XREC_LAYER_RECONCILED
360
CFB
  0
DICTIONARY
  5
CFC
330
4B7
100
AcDbDictionary
280
     1
281
     1
  3
ADSK_XREC_LAYER_RECONCILED
360
CFD
  0
DICTIONARY
  5
CFE
330
4B9
100
AcDbDictionary
280
     1
281
     1
  3
ADSK_XREC_LAYER_RECONCILED
360
CFF
  0
DICTIONARY
  5
D00
330
4BB
100
AcDbDictionary
280
     1
281
     1
  3
ADSK_XREC_LAYER_RECONCILED
360
D01
  0
DICTIONARY
  5
D02
330
4BD
100
AcDbDictionary
280
     1
281
     1
  3
ADSK_XREC_LAYER_RECONCILED
360
D03
  0
DICTIONARY
  5
D04
330
4BF
100
AcDbDictionary
280
     1
281
     1
  3
ADSK_XREC_LAYER_RECONCILED
360
D05
  0
DICTIONARY
  5
D06
330
4C1
100
AcDbDictionary
280
     1
281
     1
  3
ADSK_XREC_LAYER_RECONCILED
360
D07
  0
DICTIONARY
  5
D08
330
4C3
100
AcDbDictionary
280
     1
281
     1
  3
ADSK_XREC_LAYER_RECONCILED
360
D09
  0
DICTIONARY
  5
D0A
330
4C5
100
AcDbDictionary
280
     1
281
     1
  3
ADSK_XREC_LAYER_RECONCILED
360
D0B
  0
DICTIONARY
  5
D0C
330
4C7
100
AcDbDictionary
280
     1
281
     1
  3
ADSK_XREC_LAYER_RECONCILED
360
D0D
  0
DICTIONARY
  5
D0E
330
4C9
100
AcDbDictionary
280
     1
281
     1
  3
ADSK_XREC_LAYER_RECONCILED
360
D0F
  0
DICTIONARY
  5
D10
330
4CB
100
AcDbDictionary
280
     1
281
     1
  3
ADSK_XREC_LAYER_RECONCILED
360
D11
  0
DICTIONARY
  5
D12
330
4CD
100
AcDbDictionary
280
     1
281
     1
  3
ADSK_XREC_LAYER_RECONCILED
360
D13
  0
DICTIONARY
  5
D14
330
4CF
100
AcDbDictionary
280
     1
281
     1
  3
ADSK_XREC_LAYER_RECONCILED
360
D15
  0
DICTIONARY
  5
D16
330
4D1
100
AcDbDictionary
280
     1
281
     1
  3
ADSK_XREC_LAYER_RECONCILED
360
D17
  0
DICTIONARY
  5
D18
330
4D3
100
AcDbDictionary
280
     1
281
     1
  3
ADSK_XREC_LAYER_RECONCILED
360
D19
  0
DICTIONARY
  5
D1A
330
4D5
100
AcDbDictionary
280
     1
281
     1
  3
ADSK_XREC_LAYER_RECONCILED
360
D1B
  0
DICTIONARY
  5
D1C
330
4D7
100
AcDbDictionary
280
     1
281
     1
  3
ADSK_XREC_LAYER_RECONCILED
360
D1D
  0
DICTIONARY
  5
D1E
330
4D9
100
AcDbDictionary
280
     1
281
     1
  3
ADSK_XREC_LAYER_RECONCILED
360
D1F
  0
DICTIONARY
  5
D20
330
4DB
100
AcDbDictionary
280
     1
281
     1
  3
ADSK_XREC_LAYER_RECONCILED
360
D21
  0
DICTIONARY
  5
D22
330
4DD
100
AcDbDictionary
280
     1
281
     1
  3
ADSK_XREC_LAYER_RECONCILED
360
D23
  0
DICTIONARY
  5
D24
330
4DF
100
AcDbDictionary
280
     1
281
     1
  3
ADSK_XREC_LAYER_RECONCILED
360
D25
  0
DICTIONARY
  5
D26
330
4E1
100
AcDbDictionary
280
     1
281
     1
  3
ADSK_XREC_LAYER_RECONCILED
360
D27
  0
DICTIONARY
  5
D28
330
4E3
100
AcDbDictionary
280
     1
281
     1
  3
ADSK_XREC_LAYER_RECONCILED
360
D29
  0
DICTIONARY
  5
D2A
330
4E5
100
AcDbDictionary
280
     1
281
     1
  3
ADSK_XREC_LAYER_RECONCILED
360
D2B
  0
DICTIONARY
  5
D2C
330
4E7
100
AcDbDictionary
280
     1
281
     1
  3
ADSK_XREC_LAYER_RECONCILED
360
D2D
  0
DICTIONARY
  5
D2E
330
4E9
100
AcDbDictionary
280
     1
281
     1
  3
ADSK_XREC_LAYER_RECONCILED
360
D2F
  0
DICTIONARY
  5
D30
330
4EB
100
AcDbDictionary
280
     1
281
     1
  3
ADSK_XREC_LAYER_RECONCILED
360
D31
  0
DICTIONARY
  5
D32
330
4ED
100
AcDbDictionary
280
     1
281
     1
  3
ADSK_XREC_LAYER_RECONCILED
360
D33
  0
DICTIONARY
  5
D34
330
4EF
100
AcDbDictionary
280
     1
281
     1
  3
ADSK_XREC_LAYER_RECONCILED
360
D35
  0
DICTIONARY
  5
D36
330
4F1
100
AcDbDictionary
280
     1
281
     1
  3
ADSK_XREC_LAYER_RECONCILED
360
D37
  0
DICTIONARY
  5
D38
330
4F3
100
AcDbDictionary
280
     1
281
     1
  3
ADSK_XREC_LAYER_RECONCILED
360
D39
  0
DICTIONARY
  5
D3A
330
4F5
100
AcDbDictionary
280
     1
281
     1
  3
ADSK_XREC_LAYER_RECONCILED
360
D3B
  0
DICTIONARY
  5
D3C
330
4F7
100
AcDbDictionary
280
     1
281
     1
  3
ADSK_XREC_LAYER_RECONCILED
360
D3D
  0
DICTIONARY
  5
D3E
330
4F9
100
AcDbDictionary
280
     1
281
     1
  3
ADSK_XREC_LAYER_RECONCILED
360
D3F
  0
DICTIONARY
  5
D40
330
4FB
100
AcDbDictionary
280
     1
281
     1
  3
ADSK_XREC_LAYER_RECONCILED
360
D41
  0
DICTIONARY
  5
D42
330
4FD
100
AcDbDictionary
280
     1
281
     1
  3
ADSK_XREC_LAYER_RECONCILED
360
D43
  0
DICTIONARY
  5
D44
330
4FF
100
AcDbDictionary
280
     1
281
     1
  3
ADSK_XREC_LAYER_RECONCILED
360
D45
  0
DICTIONARY
  5
D46
330
501
100
AcDbDictionary
280
     1
281
     1
  3
ADSK_XREC_LAYER_RECONCILED
360
D47
  0
DICTIONARY
  5
D48
330
503
100
AcDbDictionary
280
     1
281
     1
  3
ADSK_XREC_LAYER_RECONCILED
360
D49
  0
DICTIONARY
  5
D4A
330
505
100
AcDbDictionary
280
     1
281
     1
  3
ADSK_XREC_LAYER_RECONCILED
360
D4B
  0
DICTIONARY
  5
D4C
330
507
100
AcDbDictionary
280
     1
281
     1
  3
ADSK_XREC_LAYER_RECONCILED
360
D4D
  0
DICTIONARY
  5
D4E
330
509
100
AcDbDictionary
280
     1
281
     1
  3
ADSK_XREC_LAYER_RECONCILED
360
D4F
  0
DICTIONARY
  5
D50
330
50B
100
AcDbDictionary
280
     1
281
     1
  3
ADSK_XREC_LAYER_RECONCILED
360
D51
  0
DICTIONARY
  5
D52
330
50D
100
AcDbDictionary
280
     1
281
     1
  3
ADSK_XREC_LAYER_RECONCILED
360
D53
  0
DICTIONARY
  5
D54
330
50F
100
AcDbDictionary
280
     1
281
     1
  3
ADSK_XREC_LAYER_RECONCILED
360
D55
  0
DICTIONARY
  5
D56
330
511
100
AcDbDictionary
280
     1
281
     1
  3
ADSK_XREC_LAYER_RECONCILED
360
D57
  0
DICTIONARY
  5
D58
330
513
100
AcDbDictionary
280
     1
281
     1
  3
ADSK_XREC_LAYER_RECONCILED
360
D59
  0
DICTIONARY
  5
D5A
330
515
100
AcDbDictionary
280
     1
281
     1
  3
ADSK_XREC_LAYER_RECONCILED
360
D5B
  0
DICTIONARY
  5
D5C
330
517
100
AcDbDictionary
280
     1
281
     1
  3
ADSK_XREC_LAYER_RECONCILED
360
D5D
  0
DICTIONARY
  5
D5E
330
519
100
AcDbDictionary
280
     1
281
     1
  3
ADSK_XREC_LAYER_RECONCILED
360
D5F
  0
DICTIONARY
  5
D60
330
51B
100
AcDbDictionary
280
     1
281
     1
  3
ADSK_XREC_LAYER_RECONCILED
360
D61
  0
DICTIONARY
  5
D62
330
51D
100
AcDbDictionary
280
     1
281
     1
  3
ADSK_XREC_LAYER_RECONCILED
360
D63
  0
DICTIONARY
  5
D64
330
51F
100
AcDbDictionary
280
     1
281
     1
  3
ADSK_XREC_LAYER_RECONCILED
360
D65
  0
DICTIONARY
  5
D66
330
521
100
AcDbDictionary
280
     1
281
     1
  3
ADSK_XREC_LAYER_RECONCILED
360
D67
  0
DICTIONARY
  5
D68
330
523
100
AcDbDictionary
280
     1
281
     1
  3
ADSK_XREC_LAYER_RECONCILED
360
D69
  0
DICTIONARY
  5
D6A
330
525
100
AcDbDictionary
280
     1
281
     1
  3
ADSK_XREC_LAYER_RECONCILED
360
D6B
  0
DICTIONARY
  5
D6C
330
527
100
AcDbDictionary
280
     1
281
     1
  3
ADSK_XREC_LAYER_RECONCILED
360
D6D
  0
DICTIONARY
  5
D6E
330
529
100
AcDbDictionary
280
     1
281
     1
  3
ADSK_XREC_LAYER_RECONCILED
360
D6F
  0
DICTIONARY
  5
D70
330
52B
100
AcDbDictionary
280
     1
281
     1
  3
ADSK_XREC_LAYER_RECONCILED
360
D71
  0
DICTIONARY
  5
D72
330
52D
100
AcDbDictionary
280
     1
281
     1
  3
ADSK_XREC_LAYER_RECONCILED
360
D73
  0
DICTIONARY
  5
D74
330
52F
100
AcDbDictionary
280
     1
281
     1
  3
ADSK_XREC_LAYER_RECONCILED
360
D75
  0
DICTIONARY
  5
D76
330
531
100
AcDbDictionary
280
     1
281
     1
  3
ADSK_XREC_LAYER_RECONCILED
360
D77
  0
DICTIONARY
  5
D78
330
533
100
AcDbDictionary
280
     1
281
     1
  3
ADSK_XREC_LAYER_RECONCILED
360
D79
  0
DICTIONARY
  5
D7A
330
535
100
AcDbDictionary
280
     1
281
     1
  3
ADSK_XREC_LAYER_RECONCILED
360
D7B
  0
DICTIONARY
  5
D7C
330
537
100
AcDbDictionary
280
     1
281
     1
  3
ADSK_XREC_LAYER_RECONCILED
360
D7D
  0
DICTIONARY
  5
D7E
330
539
100
AcDbDictionary
280
     1
281
     1
  3
ADSK_XREC_LAYER_RECONCILED
360
D7F
  0
DICTIONARY
  5
D80
330
53B
100
AcDbDictionary
280
     1
281
     1
  3
ADSK_XREC_LAYER_RECONCILED
360
D81
  0
DICTIONARY
  5
D82
330
53D
100
AcDbDictionary
280
     1
281
     1
  3
ADSK_XREC_LAYER_RECONCILED
360
D83
  0
DICTIONARY
  5
D84
330
53F
100
AcDbDictionary
280
     1
281
     1
  3
ADSK_XREC_LAYER_RECONCILED
360
D85
  0
DICTIONARY
  5
D86
330
541
100
AcDbDictionary
280
     1
281
     1
  3
ADSK_XREC_LAYER_RECONCILED
360
D87
  0
DICTIONARY
  5
D88
330
543
100
AcDbDictionary
280
     1
281
     1
  3
ADSK_XREC_LAYER_RECONCILED
360
D89
  0
DICTIONARY
  5
D8A
330
545
100
AcDbDictionary
280
     1
281
     1
  3
ADSK_XREC_LAYER_RECONCILED
360
D8B
  0
DICTIONARY
  5
D8C
330
547
100
AcDbDictionary
280
     1
281
     1
  3
ADSK_XREC_LAYER_RECONCILED
360
D8D
  0
DICTIONARY
  5
D8E
330
549
100
AcDbDictionary
280
     1
281
     1
  3
ADSK_XREC_LAYER_RECONCILED
360
D8F
  0
DICTIONARY
  5
D90
330
54B
100
AcDbDictionary
280
     1
281
     1
  3
ADSK_XREC_LAYER_RECONCILED
360
D91
  0
DICTIONARY
  5
D92
330
54D
100
AcDbDictionary
280
     1
281
     1
  3
ADSK_XREC_LAYER_RECONCILED
360
D93
  0
DICTIONARY
  5
D94
330
54F
100
AcDbDictionary
280
     1
281
     1
  3
ADSK_XREC_LAYER_RECONCILED
360
D95
  0
DICTIONARY
  5
D96
330
551
100
AcDbDictionary
280
     1
281
     1
  3
ADSK_XREC_LAYER_RECONCILED
360
D97
  0
DICTIONARY
  5
D98
330
553
100
AcDbDictionary
280
     1
281
     1
  3
ADSK_XREC_LAYER_RECONCILED
360
D99
  0
DICTIONARY
  5
D9A
330
555
100
AcDbDictionary
280
     1
281
     1
  3
ADSK_XREC_LAYER_RECONCILED
360
D9B
  0
DICTIONARY
  5
D9C
330
557
100
AcDbDictionary
280
     1
281
     1
  3
ADSK_XREC_LAYER_RECONCILED
360
D9D
  0
DICTIONARY
  5
D9E
330
559
100
AcDbDictionary
280
     1
281
     1
  3
ADSK_XREC_LAYER_RECONCILED
360
D9F
  0
DICTIONARY
  5
DA0
330
55B
100
AcDbDictionary
280
     1
281
     1
  3
ADSK_XREC_LAYER_RECONCILED
360
DA1
  0
DICTIONARY
  5
DA2
330
55D
100
AcDbDictionary
280
     1
281
     1
  3
ADSK_XREC_LAYER_RECONCILED
360
DA3
  0
DICTIONARY
  5
DA4
330
55F
100
AcDbDictionary
280
     1
281
     1
  3
ADSK_XREC_LAYER_RECONCILED
360
DA5
  0
DICTIONARY
  5
DA6
330
561
100
AcDbDictionary
280
     1
281
     1
  3
ADSK_XREC_LAYER_RECONCILED
360
DA7
  0
DICTIONARY
  5
DA8
330
563
100
AcDbDictionary
280
     1
281
     1
  3
ADSK_XREC_LAYER_RECONCILED
360
DA9
  0
DICTIONARY
  5
DAA
330
565
100
AcDbDictionary
280
     1
281
     1
  3
ADSK_XREC_LAYER_RECONCILED
360
DAB
  0
DICTIONARY
  5
DAC
330
567
100
AcDbDictionary
280
     1
281
     1
  3
ADSK_XREC_LAYER_RECONCILED
360
DAD
  0
DICTIONARY
  5
DAE
330
569
100
AcDbDictionary
280
     1
281
     1
  3
ADSK_XREC_LAYER_RECONCILED
360
DAF
  0
DICTIONARY
  5
DB0
330
56B
100
AcDbDictionary
280
     1
281
     1
  3
ADSK_XREC_LAYER_RECONCILED
360
DB1
  0
DICTIONARY
  5
DB2
330
56D
100
AcDbDictionary
280
     1
281
     1
  3
ADSK_XREC_LAYER_RECONCILED
360
DB3
  0
DICTIONARY
  5
DB4
330
56F
100
AcDbDictionary
280
     1
281
     1
  3
ADSK_XREC_LAYER_RECONCILED
360
DB5
  0
DICTIONARY
  5
DB6
330
571
100
AcDbDictionary
280
     1
281
     1
  3
ADSK_XREC_LAYER_RECONCILED
360
DB7
  0
DICTIONARY
  5
DB8
330
573
100
AcDbDictionary
280
     1
281
     1
  3
ADSK_XREC_LAYER_RECONCILED
360
DB9
  0
DICTIONARY
  5
DBA
330
575
100
AcDbDictionary
280
     1
281
     1
  3
ADSK_XREC_LAYER_RECONCILED
360
DBB
  0
DICTIONARY
  5
DBC
330
577
100
AcDbDictionary
280
     1
281
     1
  3
ADSK_XREC_LAYER_RECONCILED
360
DBD
  0
DICTIONARY
  5
DBE
330
579
100
AcDbDictionary
280
     1
281
     1
  3
ADSK_XREC_LAYER_RECONCILED
360
DBF
  0
DICTIONARY
  5
DC0
330
57B
100
AcDbDictionary
280
     1
281
     1
  3
ADSK_XREC_LAYER_RECONCILED
360
DC1
  0
DICTIONARY
  5
DC2
330
57D
100
AcDbDictionary
280
     1
281
     1
  3
ADSK_XREC_LAYER_RECONCILED
360
DC3
  0
DICTIONARY
  5
DC4
330
57F
100
AcDbDictionary
280
     1
281
     1
  3
ADSK_XREC_LAYER_RECONCILED
360
DC5
  0
DICTIONARY
  5
DC6
330
581
100
AcDbDictionary
280
     1
281
     1
  3
ADSK_XREC_LAYER_RECONCILED
360
DC7
  0
DICTIONARY
  5
DC8
330
583
100
AcDbDictionary
280
     1
281
     1
  3
ADSK_XREC_LAYER_RECONCILED
360
DC9
  0
DICTIONARY
  5
DCA
330
585
100
AcDbDictionary
280
     1
281
     1
  3
ADSK_XREC_LAYER_RECONCILED
360
DCB
  0
DICTIONARY
  5
DCC
330
587
100
AcDbDictionary
280
     1
281
     1
  3
ADSK_XREC_LAYER_RECONCILED
360
DCD
  0
DICTIONARY
  5
DCE
330
589
100
AcDbDictionary
280
     1
281
     1
  3
ADSK_XREC_LAYER_RECONCILED
360
DCF
  0
DICTIONARY
  5
DD0
330
58B
100
AcDbDictionary
280
     1
281
     1
  3
ADSK_XREC_LAYER_RECONCILED
360
DD1
  0
DICTIONARY
  5
DD2
330
58D
100
AcDbDictionary
280
     1
281
     1
  3
ADSK_XREC_LAYER_RECONCILED
360
DD3
  0
DICTIONARY
  5
DD4
330
58F
100
AcDbDictionary
280
     1
281
     1
  3
ADSK_XREC_LAYER_RECONCILED
360
DD5
  0
DICTIONARY
  5
DD6
330
591
100
AcDbDictionary
280
     1
281
     1
  3
ADSK_XREC_LAYER_RECONCILED
360
DD7
  0
DICTIONARY
  5
DD8
330
593
100
AcDbDictionary
280
     1
281
     1
  3
ADSK_XREC_LAYER_RECONCILED
360
DD9
  0
DICTIONARY
  5
DDA
330
595
100
AcDbDictionary
280
     1
281
     1
  3
ADSK_XREC_LAYER_RECONCILED
360
DDB
  0
DICTIONARY
  5
DDC
330
597
100
AcDbDictionary
280
     1
281
     1
  3
ADSK_XREC_LAYER_RECONCILED
360
DDD
  0
DICTIONARY
  5
DDE
330
599
100
AcDbDictionary
280
     1
281
     1
  3
ADSK_XREC_LAYER_RECONCILED
360
DDF
  0
DICTIONARY
  5
DE0
330
59B
100
AcDbDictionary
280
     1
281
     1
  3
ADSK_XREC_LAYER_RECONCILED
360
DE1
  0
DICTIONARY
  5
DE2
330
59D
100
AcDbDictionary
280
     1
281
     1
  3
ADSK_XREC_LAYER_RECONCILED
360
DE3
  0
DICTIONARY
  5
DE4
330
59F
100
AcDbDictionary
280
     1
281
     1
  3
ADSK_XREC_LAYER_RECONCILED
360
DE5
  0
DICTIONARY
  5
DE6
330
5A1
100
AcDbDictionary
280
     1
281
     1
  3
ADSK_XREC_LAYER_RECONCILED
360
DE7
  0
DICTIONARY
  5
DE8
330
5A3
100
AcDbDictionary
280
     1
281
     1
  3
ADSK_XREC_LAYER_RECONCILED
360
DE9
  0
DICTIONARY
  5
DEA
330
5A5
100
AcDbDictionary
280
     1
281
     1
  3
ADSK_XREC_LAYER_RECONCILED
360
DEB
  0
DICTIONARY
  5
DEC
330
5A7
100
AcDbDictionary
280
     1
281
     1
  3
ADSK_XREC_LAYER_RECONCILED
360
DED
  0
DICTIONARY
  5
DEE
330
5A9
100
AcDbDictionary
280
     1
281
     1
  3
ADSK_XREC_LAYER_RECONCILED
360
DEF
  0
DICTIONARY
  5
DF0
330
5AB
100
AcDbDictionary
280
     1
281
     1
  3
ADSK_XREC_LAYER_RECONCILED
360
DF1
  0
DICTIONARY
  5
DF2
330
5AD
100
AcDbDictionary
280
     1
281
     1
  3
ADSK_XREC_LAYER_RECONCILED
360
DF3
  0
DICTIONARY
  5
DF4
330
5AF
100
AcDbDictionary
280
     1
281
     1
  3
ADSK_XREC_LAYER_RECONCILED
360
DF5
  0
DICTIONARY
  5
DF6
330
5B1
100
AcDbDictionary
280
     1
281
     1
  3
ADSK_XREC_LAYER_RECONCILED
360
DF7
  0
DICTIONARY
  5
DF8
330
5B3
100
AcDbDictionary
280
     1
281
     1
  3
ADSK_XREC_LAYER_RECONCILED
360
DF9
  0
DICTIONARY
  5
DFA
330
5B5
100
AcDbDictionary
280
     1
281
     1
  3
ADSK_XREC_LAYER_RECONCILED
360
DFB
  0
DICTIONARY
  5
DFC
330
5B7
100
AcDbDictionary
280
     1
281
     1
  3
ADSK_XREC_LAYER_RECONCILED
360
DFD
  0
DICTIONARY
  5
DFE
330
5B9
100
AcDbDictionary
280
     1
281
     1
  3
ADSK_XREC_LAYER_RECONCILED
360
DFF
  0
DICTIONARY
  5
E00
330
5BB
100
AcDbDictionary
280
     1
281
     1
  3
ADSK_XREC_LAYER_RECONCILED
360
E01
  0
DICTIONARY
  5
E02
330
5BD
100
AcDbDictionary
280
     1
281
     1
  3
ADSK_XREC_LAYER_RECONCILED
360
E03
  0
DICTIONARY
  5
E04
330
5BF
100
AcDbDictionary
280
     1
281
     1
  3
ADSK_XREC_LAYER_RECONCILED
360
E05
  0
DICTIONARY
  5
E06
330
5C1
100
AcDbDictionary
280
     1
281
     1
  3
ADSK_XREC_LAYER_RECONCILED
360
E07
  0
DICTIONARY
  5
E08
330
5C3
100
AcDbDictionary
280
     1
281
     1
  3
ADSK_XREC_LAYER_RECONCILED
360
E09
  0
DICTIONARY
  5
E0A
330
5C5
100
AcDbDictionary
280
     1
281
     1
  3
ADSK_XREC_LAYER_RECONCILED
360
E0B
  0
DICTIONARY
  5
E0C
330
5C7
100
AcDbDictionary
280
     1
281
     1
  3
ADSK_XREC_LAYER_RECONCILED
360
E0D
  0
DICTIONARY
  5
E0E
330
5C9
100
AcDbDictionary
280
     1
281
     1
  3
ADSK_XREC_LAYER_RECONCILED
360
E0F
  0
DICTIONARY
  5
E10
330
5CB
100
AcDbDictionary
280
     1
281
     1
  3
ADSK_XREC_LAYER_RECONCILED
360
E11
  0
DICTIONARY
  5
E12
330
5CD
100
AcDbDictionary
280
     1
281
     1
  3
ADSK_XREC_LAYER_RECONCILED
360
E13
  0
DICTIONARY
  5
E14
330
5CF
100
AcDbDictionary
280
     1
281
     1
  3
ADSK_XREC_LAYER_RECONCILED
360
E15
  0
DICTIONARY
  5
E16
330
5D1
100
AcDbDictionary
280
     1
281
     1
  3
ADSK_XREC_LAYER_RECONCILED
360
E17
  0
DICTIONARY
  5
E18
330
5D3
100
AcDbDictionary
280
     1
281
     1
  3
ADSK_XREC_LAYER_RECONCILED
360
E19
  0
DICTIONARY
  5
E1A
330
5D5
100
AcDbDictionary
280
     1
281
     1
  3
ADSK_XREC_LAYER_RECONCILED
360
E1B
  0
DICTIONARY
  5
E1C
330
5D7
100
AcDbDictionary
280
     1
281
     1
  3
ADSK_XREC_LAYER_RECONCILED
360
E1D
  0
DICTIONARY
  5
E1E
330
5D9
100
AcDbDictionary
280
     1
281
     1
  3
ADSK_XREC_LAYER_RECONCILED
360
E1F
  0
DICTIONARY
  5
E20
330
5DB
100
AcDbDictionary
280
     1
281
     1
  3
ADSK_XREC_LAYER_RECONCILED
360
E21
  0
DICTIONARY
  5
E22
330
5DD
100
AcDbDictionary
280
     1
281
     1
  3
ADSK_XREC_LAYER_RECONCILED
360
E23
  0
DICTIONARY
  5
E24
330
5DF
100
AcDbDictionary
280
     1
281
     1
  3
ADSK_XREC_LAYER_RECONCILED
360
E25
  0
DICTIONARY
  5
E26
330
5E1
100
AcDbDictionary
280
     1
281
     1
  3
ADSK_XREC_LAYER_RECONCILED
360
E27
  0
DICTIONARY
  5
E28
330
5E3
100
AcDbDictionary
280
     1
281
     1
  3
ADSK_XREC_LAYER_RECONCILED
360
E29
  0
DICTIONARY
  5
E2A
330
5E5
100
AcDbDictionary
280
     1
281
     1
  3
ADSK_XREC_LAYER_RECONCILED
360
E2B
  0
DICTIONARY
  5
E2C
330
5E7
100
AcDbDictionary
280
     1
281
     1
  3
ADSK_XREC_LAYER_RECONCILED
360
E2D
  0
DICTIONARY
  5
E2E
330
5E9
100
AcDbDictionary
280
     1
281
     1
  3
ADSK_XREC_LAYER_RECONCILED
360
E2F
  0
DICTIONARY
  5
E30
330
5EB
100
AcDbDictionary
280
     1
281
     1
  3
ADSK_XREC_LAYER_RECONCILED
360
E31
  0
DICTIONARY
  5
E32
330
5ED
100
AcDbDictionary
280
     1
281
     1
  3
ADSK_XREC_LAYER_RECONCILED
360
E33
  0
DICTIONARY
  5
E34
330
5EF
100
AcDbDictionary
280
     1
281
     1
  3
ADSK_XREC_LAYER_RECONCILED
360
E35
  0
DICTIONARY
  5
E36
330
5F1
100
AcDbDictionary
280
     1
281
     1
  3
ADSK_XREC_LAYER_RECONCILED
360
E37
  0
DICTIONARY
  5
E38
330
5F3
100
AcDbDictionary
280
     1
281
     1
  3
ADSK_XREC_LAYER_RECONCILED
360
E39
  0
DICTIONARY
  5
E3A
330
5F5
100
AcDbDictionary
280
     1
281
     1
  3
ADSK_XREC_LAYER_RECONCILED
360
E3B
  0
DICTIONARY
  5
E3C
330
5F7
100
AcDbDictionary
280
     1
281
     1
  3
ADSK_XREC_LAYER_RECONCILED
360
E3D
  0
DICTIONARY
  5
E3E
330
5F9
100
AcDbDictionary
280
     1
281
     1
  3
ADSK_XREC_LAYER_RECONCILED
360
E3F
  0
DICTIONARY
  5
E40
330
5FB
100
AcDbDictionary
280
     1
281
     1
  3
ADSK_XREC_LAYER_RECONCILED
360
E41
  0
DICTIONARY
  5
E42
330
5FD
100
AcDbDictionary
280
     1
281
     1
  3
ADSK_XREC_LAYER_RECONCILED
360
E43
  0
DICTIONARY
  5
E44
330
5FF
100
AcDbDictionary
280
     1
281
     1
  3
ADSK_XREC_LAYER_RECONCILED
360
E45
  0
DICTIONARY
  5
E46
330
601
100
AcDbDictionary
280
     1
281
     1
  3
ADSK_XREC_LAYER_RECONCILED
360
E47
  0
DICTIONARY
  5
E48
330
603
100
AcDbDictionary
280
     1
281
     1
  3
ADSK_XREC_LAYER_RECONCILED
360
E49
  0
DICTIONARY
  5
E4A
330
605
100
AcDbDictionary
280
     1
281
     1
  3
ADSK_XREC_LAYER_RECONCILED
360
E4B
  0
DICTIONARY
  5
E4C
330
607
100
AcDbDictionary
280
     1
281
     1
  3
ADSK_XREC_LAYER_RECONCILED
360
E4D
  0
DICTIONARY
  5
E4E
330
609
100
AcDbDictionary
280
     1
281
     1
  3
ADSK_XREC_LAYER_RECONCILED
360
E4F
  0
DICTIONARY
  5
E50
330
60B
100
AcDbDictionary
280
     1
281
     1
  3
ADSK_XREC_LAYER_RECONCILED
360
E51
  0
DICTIONARY
  5
E52
330
60D
100
AcDbDictionary
280
     1
281
     1
  3
ADSK_XREC_LAYER_RECONCILED
360
E53
  0
DICTIONARY
  5
E54
330
60F
100
AcDbDictionary
280
     1
281
     1
  3
ADSK_XREC_LAYER_RECONCILED
360
E55
  0
DICTIONARY
  5
E56
330
611
100
AcDbDictionary
280
     1
281
     1
  3
ADSK_XREC_LAYER_RECONCILED
360
E57
  0
DICTIONARY
  5
E58
330
613
100
AcDbDictionary
280
     1
281
     1
  3
ADSK_XREC_LAYER_RECONCILED
360
E59
  0
DICTIONARY
  5
E5A
330
615
100
AcDbDictionary
280
     1
281
     1
  3
ADSK_XREC_LAYER_RECONCILED
360
E5B
  0
DICTIONARY
  5
E5C
330
617
100
AcDbDictionary
280
     1
281
     1
  3
ADSK_XREC_LAYER_RECONCILED
360
E5D
  0
DICTIONARY
  5
E5E
330
619
100
AcDbDictionary
280
     1
281
     1
  3
ADSK_XREC_LAYER_RECONCILED
360
E5F
  0
DICTIONARY
  5
E60
330
61B
100
AcDbDictionary
280
     1
281
     1
  3
ADSK_XREC_LAYER_RECONCILED
360
E61
  0
DICTIONARY
  5
E62
330
61D
100
AcDbDictionary
280
     1
281
     1
  3
ADSK_XREC_LAYER_RECONCILED
360
E63
  0
DICTIONARY
  5
E64
330
61F
100
AcDbDictionary
280
     1
281
     1
  3
ADSK_XREC_LAYER_RECONCILED
360
E65
  0
DICTIONARY
  5
E66
330
621
100
AcDbDictionary
280
     1
281
     1
  3
ADSK_XREC_LAYER_RECONCILED
360
E67
  0
DICTIONARY
  5
E68
330
623
100
AcDbDictionary
280
     1
281
     1
  3
ADSK_XREC_LAYER_RECONCILED
360
E69
  0
DICTIONARY
  5
E6A
330
625
100
AcDbDictionary
280
     1
281
     1
  3
ADSK_XREC_LAYER_RECONCILED
360
E6B
  0
DICTIONARY
  5
E6C
330
627
100
AcDbDictionary
280
     1
281
     1
  3
ADSK_XREC_LAYER_RECONCILED
360
E6D
  0
DICTIONARY
  5
E6E
330
629
100
AcDbDictionary
280
     1
281
     1
  3
ADSK_XREC_LAYER_RECONCILED
360
E6F
  0
DICTIONARY
  5
E70
330
62B
100
AcDbDictionary
280
     1
281
     1
  3
ADSK_XREC_LAYER_RECONCILED
360
E71
  0
DICTIONARY
  5
E72
330
62D
100
AcDbDictionary
280
     1
281
     1
  3
ADSK_XREC_LAYER_RECONCILED
360
E73
  0
DICTIONARY
  5
E74
330
62F
100
AcDbDictionary
280
     1
281
     1
  3
ADSK_XREC_LAYER_RECONCILED
360
E75
  0
DICTIONARY
  5
E76
330
631
100
AcDbDictionary
280
     1
281
     1
  3
ADSK_XREC_LAYER_RECONCILED
360
E77
  0
DICTIONARY
  5
E78
330
633
100
AcDbDictionary
280
     1
281
     1
  3
ADSK_XREC_LAYER_RECONCILED
360
E79
  0
DICTIONARY
  5
E7A
330
635
100
AcDbDictionary
280
     1
281
     1
  3
ADSK_XREC_LAYER_RECONCILED
360
E7B
  0
DICTIONARY
  5
E7C
330
637
100
AcDbDictionary
280
     1
281
     1
  3
ADSK_XREC_LAYER_RECONCILED
360
E7D
  0
DICTIONARY
  5
E7E
330
639
100
AcDbDictionary
280
     1
281
     1
  3
ADSK_XREC_LAYER_RECONCILED
360
E7F
  0
DICTIONARY
  5
E80
330
63B
100
AcDbDictionary
280
     1
281
     1
  3
ADSK_XREC_LAYER_RECONCILED
360
E81
  0
DICTIONARY
  5
E82
330
63D
100
AcDbDictionary
280
     1
281
     1
  3
ADSK_XREC_LAYER_RECONCILED
360
E83
  0
DICTIONARY
  5
E84
330
63F
100
AcDbDictionary
280
     1
281
     1
  3
ADSK_XREC_LAYER_RECONCILED
360
E85
  0
DICTIONARY
  5
E86
330
641
100
AcDbDictionary
280
     1
281
     1
  3
ADSK_XREC_LAYER_RECONCILED
360
E87
  0
DICTIONARY
  5
E88
330
643
100
AcDbDictionary
280
     1
281
     1
  3
ADSK_XREC_LAYER_RECONCILED
360
E89
  0
DICTIONARY
  5
E8A
330
645
100
AcDbDictionary
280
     1
281
     1
  3
ADSK_XREC_LAYER_RECONCILED
360
E8B
  0
DICTIONARY
  5
E8C
330
647
100
AcDbDictionary
280
     1
281
     1
  3
ADSK_XREC_LAYER_RECONCILED
360
E8D
  0
DICTIONARY
  5
E8E
330
649
100
AcDbDictionary
280
     1
281
     1
  3
ADSK_XREC_LAYER_RECONCILED
360
E8F
  0
DICTIONARY
  5
E90
330
64B
100
AcDbDictionary
280
     1
281
     1
  3
ADSK_XREC_LAYER_RECONCILED
360
E91
  0
DICTIONARY
  5
E92
330
64D
100
AcDbDictionary
280
     1
281
     1
  3
ADSK_XREC_LAYER_RECONCILED
360
E93
  0
DICTIONARY
  5
E94
330
64F
100
AcDbDictionary
280
     1
281
     1
  3
ADSK_XREC_LAYER_RECONCILED
360
E95
  0
DICTIONARY
  5
E96
330
651
100
AcDbDictionary
280
     1
281
     1
  3
ADSK_XREC_LAYER_RECONCILED
360
E97
  0
DICTIONARY
  5
E98
330
653
100
AcDbDictionary
280
     1
281
     1
  3
ADSK_XREC_LAYER_RECONCILED
360
E99
  0
DICTIONARY
  5
E9A
330
655
100
AcDbDictionary
280
     1
281
     1
  3
ADSK_XREC_LAYER_RECONCILED
360
E9B
  0
DICTIONARY
  5
E9C
330
657
100
AcDbDictionary
280
     1
281
     1
  3
ADSK_XREC_LAYER_RECONCILED
360
E9D
  0
DICTIONARY
  5
E9E
330
659
100
AcDbDictionary
280
     1
281
     1
  3
ADSK_XREC_LAYER_RECONCILED
360
E9F
  0
DICTIONARY
  5
EA0
330
65B
100
AcDbDictionary
280
     1
281
     1
  3
ADSK_XREC_LAYER_RECONCILED
360
EA1
  0
DICTIONARY
  5
EA2
330
65D
100
AcDbDictionary
280
     1
281
     1
  3
ADSK_XREC_LAYER_RECONCILED
360
EA3
  0
DICTIONARY
  5
EA4
330
65F
100
AcDbDictionary
280
     1
281
     1
  3
ADSK_XREC_LAYER_RECONCILED
360
EA5
  0
DICTIONARY
  5
EA6
330
661
100
AcDbDictionary
280
     1
281
     1
  3
ADSK_XREC_LAYER_RECONCILED
360
EA7
  0
DICTIONARY
  5
EA8
330
663
100
AcDbDictionary
280
     1
281
     1
  3
ADSK_XREC_LAYER_RECONCILED
360
EA9
  0
DICTIONARY
  5
EAA
330
665
100
AcDbDictionary
280
     1
281
     1
  3
ADSK_XREC_LAYER_RECONCILED
360
EAB
  0
DICTIONARY
  5
EAC
330
667
100
AcDbDictionary
280
     1
281
     1
  3
ADSK_XREC_LAYER_RECONCILED
360
EAD
  0
DICTIONARY
  5
EAE
330
669
100
AcDbDictionary
280
     1
281
     1
  3
ADSK_XREC_LAYER_RECONCILED
360
EAF
  0
DICTIONARY
  5
EB0
330
66B
100
AcDbDictionary
280
     1
281
     1
  3
ADSK_XREC_LAYER_RECONCILED
360
EB1
  0
DICTIONARY
  5
EB2
330
66D
100
AcDbDictionary
280
     1
281
     1
  3
ADSK_XREC_LAYER_RECONCILED
360
EB3
  0
DICTIONARY
  5
EB4
330
66F
100
AcDbDictionary
280
     1
281
     1
  3
ADSK_XREC_LAYER_RECONCILED
360
EB5
  0
DICTIONARY
  5
EB6
330
671
100
AcDbDictionary
280
     1
281
     1
  3
ADSK_XREC_LAYER_RECONCILED
360
EB7
  0
DICTIONARY
  5
EB8
330
673
100
AcDbDictionary
280
     1
281
     1
  3
ADSK_XREC_LAYER_RECONCILED
360
EB9
  0
DICTIONARY
  5
EBA
330
675
100
AcDbDictionary
280
     1
281
     1
  3
ADSK_XREC_LAYER_RECONCILED
360
EBB
  0
DICTIONARY
  5
EBC
330
677
100
AcDbDictionary
280
     1
281
     1
  3
ADSK_XREC_LAYER_RECONCILED
360
EBD
  0
DICTIONARY
  5
EBE
330
679
100
AcDbDictionary
280
     1
281
     1
  3
ADSK_XREC_LAYER_RECONCILED
360
EBF
  0
DICTIONARY
  5
EC0
330
67B
100
AcDbDictionary
280
     1
281
     1
  3
ADSK_XREC_LAYER_RECONCILED
360
EC1
  0
DICTIONARY
  5
EC2
330
67D
100
AcDbDictionary
280
     1
281
     1
  3
ADSK_XREC_LAYER_RECONCILED
360
EC3
  0
DICTIONARY
  5
EC4
330
67F
100
AcDbDictionary
280
     1
281
     1
  3
ADSK_XREC_LAYER_RECONCILED
360
EC5
  0
DICTIONARY
  5
EC6
330
681
100
AcDbDictionary
280
     1
281
     1
  3
ADSK_XREC_LAYER_RECONCILED
360
EC7
  0
DICTIONARY
  5
EC8
330
683
100
AcDbDictionary
280
     1
281
     1
  3
ADSK_XREC_LAYER_RECONCILED
360
EC9
  0
DICTIONARY
  5
ECA
330
685
100
AcDbDictionary
280
     1
281
     1
  3
ADSK_XREC_LAYER_RECONCILED
360
ECB
  0
DICTIONARY
  5
ECC
330
687
100
AcDbDictionary
280
     1
281
     1
  3
ADSK_XREC_LAYER_RECONCILED
360
ECD
  0
DICTIONARY
  5
ECE
330
689
100
AcDbDictionary
280
     1
281
     1
  3
ADSK_XREC_LAYER_RECONCILED
360
ECF
  0
DICTIONARY
  5
ED0
330
68B
100
AcDbDictionary
280
     1
281
     1
  3
ADSK_XREC_LAYER_RECONCILED
360
ED1
  0
DICTIONARY
  5
ED2
330
68D
100
AcDbDictionary
280
     1
281
     1
  3
ADSK_XREC_LAYER_RECONCILED
360
ED3
  0
DICTIONARY
  5
ED4
330
68F
100
AcDbDictionary
280
     1
281
     1
  3
ADSK_XREC_LAYER_RECONCILED
360
ED5
  0
DICTIONARY
  5
ED6
330
691
100
AcDbDictionary
280
     1
281
     1
  3
ADSK_XREC_LAYER_RECONCILED
360
ED7
  0
DICTIONARY
  5
ED8
330
693
100
AcDbDictionary
280
     1
281
     1
  3
ADSK_XREC_LAYER_RECONCILED
360
ED9
  0
DICTIONARY
  5
EDA
330
695
100
AcDbDictionary
280
     1
281
     1
  3
ADSK_XREC_LAYER_RECONCILED
360
EDB
  0
DICTIONARY
  5
EDC
330
697
100
AcDbDictionary
280
     1
281
     1
  3
ADSK_XREC_LAYER_RECONCILED
360
EDD
  0
DICTIONARY
  5
EDE
330
699
100
AcDbDictionary
280
     1
281
     1
  3
ADSK_XREC_LAYER_RECONCILED
360
EDF
  0
DICTIONARY
  5
EE0
330
69B
100
AcDbDictionary
280
     1
281
     1
  3
ADSK_XREC_LAYER_RECONCILED
360
EE1
  0
DICTIONARY
  5
EE2
330
69D
100
AcDbDictionary
280
     1
281
     1
  3
ADSK_XREC_LAYER_RECONCILED
360
EE3
  0
DICTIONARY
  5
EE4
330
69F
100
AcDbDictionary
280
     1
281
     1
  3
ADSK_XREC_LAYER_RECONCILED
360
EE5
  0
DICTIONARY
  5
EE6
330
6A1
100
AcDbDictionary
280
     1
281
     1
  3
ADSK_XREC_LAYER_RECONCILED
360
EE7
  0
DICTIONARY
  5
EE8
330
6A3
100
AcDbDictionary
280
     1
281
     1
  3
ADSK_XREC_LAYER_RECONCILED
360
EE9
  0
DICTIONARY
  5
EEA
330
6A5
100
AcDbDictionary
280
     1
281
     1
  3
ADSK_XREC_LAYER_RECONCILED
360
EEB
  0
DICTIONARY
  5
EEC
330
6A7
100
AcDbDictionary
280
     1
281
     1
  3
ADSK_XREC_LAYER_RECONCILED
360
EED
  0
DICTIONARY
  5
EEE
330
6A9
100
AcDbDictionary
280
     1
281
     1
  3
ADSK_XREC_LAYER_RECONCILED
360
EEF
  0
DICTIONARY
  5
EF0
330
6AB
100
AcDbDictionary
280
     1
281
     1
  3
ADSK_XREC_LAYER_RECONCILED
360
EF1
  0
DICTIONARY
  5
EF2
330
6AD
100
AcDbDictionary
280
     1
281
     1
  3
ADSK_XREC_LAYER_RECONCILED
360
EF3
  0
DICTIONARY
  5
EF4
330
6AF
100
AcDbDictionary
280
     1
281
     1
  3
ADSK_XREC_LAYER_RECONCILED
360
EF5
  0
DICTIONARY
  5
EF6
330
6B1
100
AcDbDictionary
280
     1
281
     1
  3
ADSK_XREC_LAYER_RECONCILED
360
EF7
  0
DICTIONARY
  5
EF8
330
6B3
100
AcDbDictionary
280
     1
281
     1
  3
ADSK_XREC_LAYER_RECONCILED
360
EF9
  0
DICTIONARY
  5
EFA
330
6B5
100
AcDbDictionary
280
     1
281
     1
  3
ADSK_XREC_LAYER_RECONCILED
360
EFB
  0
DICTIONARY
  5
EFC
330
6B7
100
AcDbDictionary
280
     1
281
     1
  3
ADSK_XREC_LAYER_RECONCILED
360
EFD
  0
DICTIONARY
  5
EFE
330
6B9
100
AcDbDictionary
280
     1
281
     1
  3
ADSK_XREC_LAYER_RECONCILED
360
EFF
  0
DICTIONARY
  5
F00
330
6BB
100
AcDbDictionary
280
     1
281
     1
  3
ADSK_XREC_LAYER_RECONCILED
360
F01
  0
DICTIONARY
  5
F02
330
6BD
100
AcDbDictionary
280
     1
281
     1
  3
ADSK_XREC_LAYER_RECONCILED
360
F03
  0
DICTIONARY
  5
F04
330
6BF
100
AcDbDictionary
280
     1
281
     1
  3
ADSK_XREC_LAYER_RECONCILED
360
F05
  0
DICTIONARY
  5
F06
330
6C1
100
AcDbDictionary
280
     1
281
     1
  3
ADSK_XREC_LAYER_RECONCILED
360
F07
  0
DICTIONARY
  5
F08
330
6C3
100
AcDbDictionary
280
     1
281
     1
  3
ADSK_XREC_LAYER_RECONCILED
360
F09
  0
DICTIONARY
  5
F0A
330
6C5
100
AcDbDictionary
280
     1
281
     1
  3
ADSK_XREC_LAYER_RECONCILED
360
F0B
  0
DICTIONARY
  5
F0C
330
6C7
100
AcDbDictionary
280
     1
281
     1
  3
ADSK_XREC_LAYER_RECONCILED
360
F0D
  0
DICTIONARY
  5
F0E
330
6C9
100
AcDbDictionary
280
     1
281
     1
  3
ADSK_XREC_LAYER_RECONCILED
360
F0F
  0
DICTIONARY
  5
F10
330
6CB
100
AcDbDictionary
280
     1
281
     1
  3
ADSK_XREC_LAYER_RECONCILED
360
F11
  0
DICTIONARY
  5
F12
330
6CD
100
AcDbDictionary
280
     1
281
     1
  3
ADSK_XREC_LAYER_RECONCILED
360
F13
  0
DICTIONARY
  5
F14
330
6CF
100
AcDbDictionary
280
     1
281
     1
  3
ADSK_XREC_LAYER_RECONCILED
360
F15
  0
DICTIONARY
  5
F16
330
6D1
100
AcDbDictionary
280
     1
281
     1
  3
ADSK_XREC_LAYER_RECONCILED
360
F17
  0
DICTIONARY
  5
F18
330
6D3
100
AcDbDictionary
280
     1
281
     1
  3
ADSK_XREC_LAYER_RECONCILED
360
F19
  0
DICTIONARY
  5
F1A
330
6D5
100
AcDbDictionary
280
     1
281
     1
  3
ADSK_XREC_LAYER_RECONCILED
360
F1B
  0
DICTIONARY
  5
F1C
330
6D7
100
AcDbDictionary
280
     1
281
     1
  3
ADSK_XREC_LAYER_RECONCILED
360
F1D
  0
DICTIONARY
  5
F1E
330
6D9
100
AcDbDictionary
280
     1
281
     1
  3
ADSK_XREC_LAYER_RECONCILED
360
F1F
  0
DICTIONARY
  5
F20
330
6DB
100
AcDbDictionary
280
     1
281
     1
  3
ADSK_XREC_LAYER_RECONCILED
360
F21
  0
DICTIONARY
  5
F22
330
6DD
100
AcDbDictionary
280
     1
281
     1
  3
ADSK_XREC_LAYER_RECONCILED
360
F23
  0
DICTIONARY
  5
F24
330
6DF
100
AcDbDictionary
280
     1
281
     1
  3
ADSK_XREC_LAYER_RECONCILED
360
F25
  0
DICTIONARY
  5
F26
330
6E1
100
AcDbDictionary
280
     1
281
     1
  3
ADSK_XREC_LAYER_RECONCILED
360
F27
  0
DICTIONARY
  5
F28
330
6E3
100
AcDbDictionary
280
     1
281
     1
  3
ADSK_XREC_LAYER_RECONCILED
360
F29
  0
DICTIONARY
  5
F2A
330
6E5
100
AcDbDictionary
280
     1
281
     1
  3
ADSK_XREC_LAYER_RECONCILED
360
F2B
  0
DICTIONARY
  5
F2C
330
6E7
100
AcDbDictionary
280
     1
281
     1
  3
ADSK_XREC_LAYER_RECONCILED
360
F2D
  0
DICTIONARY
  5
F2E
330
6E9
100
AcDbDictionary
280
     1
281
     1
  3
ADSK_XREC_LAYER_RECONCILED
360
F2F
  0
DICTIONARY
  5
F30
330
6EB
100
AcDbDictionary
280
     1
281
     1
  3
ADSK_XREC_LAYER_RECONCILED
360
F31
  0
DICTIONARY
  5
F32
330
6ED
100
AcDbDictionary
280
     1
281
     1
  3
ADSK_XREC_LAYER_RECONCILED
360
F33
  0
DICTIONARY
  5
F34
330
6EF
100
AcDbDictionary
280
     1
281
     1
  3
ADSK_XREC_LAYER_RECONCILED
360
F35
  0
DICTIONARY
  5
F36
330
6F1
100
AcDbDictionary
280
     1
281
     1
  3
ADSK_XREC_LAYER_RECONCILED
360
F37
  0
DICTIONARY
  5
F38
330
6F3
100
AcDbDictionary
280
     1
281
     1
  3
ADSK_XREC_LAYER_RECONCILED
360
F39
  0
DICTIONARY
  5
F3A
330
6F5
100
AcDbDictionary
280
     1
281
     1
  3
ADSK_XREC_LAYER_RECONCILED
360
F3B
  0
DICTIONARY
  5
F3C
330
6F7
100
AcDbDictionary
280
     1
281
     1
  3
ADSK_XREC_LAYER_RECONCILED
360
F3D
  0
DICTIONARY
  5
F3E
330
6F9
100
AcDbDictionary
280
     1
281
     1
  3
ADSK_XREC_LAYER_RECONCILED
360
F3F
  0
DICTIONARY
  5
F40
330
6FB
100
AcDbDictionary
280
     1
281
     1
  3
ADSK_XREC_LAYER_RECONCILED
360
F41
  0
DICTIONARY
  5
F42
330
6FD
100
AcDbDictionary
280
     1
281
     1
  3
ADSK_XREC_LAYER_RECONCILED
360
F43
  0
DICTIONARY
  5
F44
330
6FF
100
AcDbDictionary
280
     1
281
     1
  3
ADSK_XREC_LAYER_RECONCILED
360
F45
  0
DICTIONARY
  5
F46
330
701
100
AcDbDictionary
280
     1
281
     1
  3
ADSK_XREC_LAYER_RECONCILED
360
F47
  0
DICTIONARY
  5
F48
330
703
100
AcDbDictionary
280
     1
281
     1
  3
ADSK_XREC_LAYER_RECONCILED
360
F49
  0
DICTIONARY
  5
F4A
330
705
100
AcDbDictionary
280
     1
281
     1
  3
ADSK_XREC_LAYER_RECONCILED
360
F4B
  0
DICTIONARY
  5
F4C
330
707
100
AcDbDictionary
280
     1
281
     1
  3
ADSK_XREC_LAYER_RECONCILED
360
F4D
  0
DICTIONARY
  5
F4E
330
709
100
AcDbDictionary
280
     1
281
     1
  3
ADSK_XREC_LAYER_RECONCILED
360
F4F
  0
DICTIONARY
  5
F50
330
70B
100
AcDbDictionary
280
     1
281
     1
  3
ADSK_XREC_LAYER_RECONCILED
360
F51
  0
DICTIONARY
  5
F52
330
70D
100
AcDbDictionary
280
     1
281
     1
  3
ADSK_XREC_LAYER_RECONCILED
360
F53
  0
DICTIONARY
  5
F54
330
70F
100
AcDbDictionary
280
     1
281
     1
  3
ADSK_XREC_LAYER_RECONCILED
360
F55
  0
DICTIONARY
  5
F56
330
711
100
AcDbDictionary
280
     1
281
     1
  3
ADSK_XREC_LAYER_RECONCILED
360
F57
  0
DICTIONARY
  5
F58
330
713
100
AcDbDictionary
280
     1
281
     1
  3
ADSK_XREC_LAYER_RECONCILED
360
F59
  0
DICTIONARY
  5
F5A
330
715
100
AcDbDictionary
280
     1
281
     1
  3
ADSK_XREC_LAYER_RECONCILED
360
F5B
  0
DICTIONARY
  5
F5C
330
717
100
AcDbDictionary
280
     1
281
     1
  3
ADSK_XREC_LAYER_RECONCILED
360
F5D
  0
DICTIONARY
  5
F5E
330
719
100
AcDbDictionary
280
     1
281
     1
  3
ADSK_XREC_LAYER_RECONCILED
360
F5F
  0
DICTIONARY
  5
F60
330
71B
100
AcDbDictionary
280
     1
281
     1
  3
ADSK_XREC_LAYER_RECONCILED
360
F61
  0
DICTIONARY
  5
F62
330
71D
100
AcDbDictionary
280
     1
281
     1
  3
ADSK_XREC_LAYER_RECONCILED
360
F63
  0
DICTIONARY
  5
F64
330
71F
100
AcDbDictionary
280
     1
281
     1
  3
ADSK_XREC_LAYER_RECONCILED
360
F65
  0
DICTIONARY
  5
F66
330
721
100
AcDbDictionary
280
     1
281
     1
  3
ADSK_XREC_LAYER_RECONCILED
360
F67
  0
DICTIONARY
  5
F68
330
723
100
AcDbDictionary
280
     1
281
     1
  3
ADSK_XREC_LAYER_RECONCILED
360
F69
  0
DICTIONARY
  5
F6A
330
725
100
AcDbDictionary
280
     1
281
     1
  3
ADSK_XREC_LAYER_RECONCILED
360
F6B
  0
DICTIONARY
  5
F6C
330
727
100
AcDbDictionary
280
     1
281
     1
  3
ADSK_XREC_LAYER_RECONCILED
360
F6D
  0
DICTIONARY
  5
F6E
330
729
100
AcDbDictionary
280
     1
281
     1
  3
ADSK_XREC_LAYER_RECONCILED
360
F6F
  0
DICTIONARY
  5
F70
330
72B
100
AcDbDictionary
280
     1
281
     1
  3
ADSK_XREC_LAYER_RECONCILED
360
F71
  0
DICTIONARY
  5
F72
330
72D
100
AcDbDictionary
280
     1
281
     1
  3
ADSK_XREC_LAYER_RECONCILED
360
F73
  0
DICTIONARY
  5
F74
330
72F
100
AcDbDictionary
280
     1
281
     1
  3
ADSK_XREC_LAYER_RECONCILED
360
F75
  0
DICTIONARY
  5
F76
330
731
100
AcDbDictionary
280
     1
281
     1
  3
ADSK_XREC_LAYER_RECONCILED
360
F77
  0
DICTIONARY
  5
F78
330
733
100
AcDbDictionary
280
     1
281
     1
  3
ADSK_XREC_LAYER_RECONCILED
360
F79
  0
DICTIONARY
  5
F7A
330
735
100
AcDbDictionary
280
     1
281
     1
  3
ADSK_XREC_LAYER_RECONCILED
360
F7B
  0
DICTIONARY
  5
F7C
330
737
100
AcDbDictionary
280
     1
281
     1
  3
ADSK_XREC_LAYER_RECONCILED
360
F7D
  0
DICTIONARY
  5
F7E
330
739
100
AcDbDictionary
280
     1
281
     1
  3
ADSK_XREC_LAYER_RECONCILED
360
F7F
  0
DICTIONARY
  5
F80
330
73B
100
AcDbDictionary
280
     1
281
     1
  3
ADSK_XREC_LAYER_RECONCILED
360
F81
  0
DICTIONARY
  5
F82
330
73D
100
AcDbDictionary
280
     1
281
     1
  3
ADSK_XREC_LAYER_RECONCILED
360
F83
  0
DICTIONARY
  5
F84
330
73F
100
AcDbDictionary
280
     1
281
     1
  3
ADSK_XREC_LAYER_RECONCILED
360
F85
  0
DICTIONARY
  5
F86
330
741
100
AcDbDictionary
280
     1
281
     1
  3
ADSK_XREC_LAYER_RECONCILED
360
F87
  0
DICTIONARY
  5
F88
330
743
100
AcDbDictionary
280
     1
281
     1
  3
ADSK_XREC_LAYER_RECONCILED
360
F89
  0
DICTIONARY
  5
F8A
330
745
100
AcDbDictionary
280
     1
281
     1
  3
ADSK_XREC_LAYER_RECONCILED
360
F8B
  0
DICTIONARY
  5
F8C
330
747
100
AcDbDictionary
280
     1
281
     1
  3
ADSK_XREC_LAYER_RECONCILED
360
F8D
  0
DICTIONARY
  5
F8E
330
749
100
AcDbDictionary
280
     1
281
     1
  3
ADSK_XREC_LAYER_RECONCILED
360
F8F
  0
DICTIONARY
  5
F90
330
74B
100
AcDbDictionary
280
     1
281
     1
  3
ADSK_XREC_LAYER_RECONCILED
360
F91
  0
DICTIONARY
  5
F92
330
74D
100
AcDbDictionary
280
     1
281
     1
  3
ADSK_XREC_LAYER_RECONCILED
360
F93
  0
DICTIONARY
  5
F94
330
74F
100
AcDbDictionary
280
     1
281
     1
  3
ADSK_XREC_LAYER_RECONCILED
360
F95
  0
DICTIONARY
  5
F96
330
751
100
AcDbDictionary
280
     1
281
     1
  3
ADSK_XREC_LAYER_RECONCILED
360
F97
  0
DICTIONARY
  5
F98
330
753
100
AcDbDictionary
280
     1
281
     1
  3
ADSK_XREC_LAYER_RECONCILED
360
F99
  0
DICTIONARY
  5
F9A
330
755
100
AcDbDictionary
280
     1
281
     1
  3
ADSK_XREC_LAYER_RECONCILED
360
F9B
  0
DICTIONARY
  5
F9C
330
757
100
AcDbDictionary
280
     1
281
     1
  3
ADSK_XREC_LAYER_RECONCILED
360
F9D
  0
DICTIONARY
  5
F9E
330
759
100
AcDbDictionary
280
     1
281
     1
  3
ADSK_XREC_LAYER_RECONCILED
360
F9F
  0
DICTIONARY
  5
FA0
330
75B
100
AcDbDictionary
280
     1
281
     1
  3
ADSK_XREC_LAYER_RECONCILED
360
FA1
  0
DICTIONARY
  5
FA2
330
75D
100
AcDbDictionary
280
     1
281
     1
  3
ADSK_XREC_LAYER_RECONCILED
360
FA3
  0
DICTIONARY
  5
FA4
330
75F
100
AcDbDictionary
280
     1
281
     1
  3
ADSK_XREC_LAYER_RECONCILED
360
FA5
  0
DICTIONARY
  5
FA6
330
761
100
AcDbDictionary
280
     1
281
     1
  3
ADSK_XREC_LAYER_RECONCILED
360
FA7
  0
DICTIONARY
  5
FA8
330
763
100
AcDbDictionary
280
     1
281
     1
  3
ADSK_XREC_LAYER_RECONCILED
360
FA9
  0
DICTIONARY
  5
FAA
330
765
100
AcDbDictionary
280
     1
281
     1
  3
ADSK_XREC_LAYER_RECONCILED
360
FAB
  0
DICTIONARY
  5
FAC
330
767
100
AcDbDictionary
280
     1
281
     1
  3
ADSK_XREC_LAYER_RECONCILED
360
FAD
  0
DICTIONARY
  5
FAE
330
769
100
AcDbDictionary
280
     1
281
     1
  3
ADSK_XREC_LAYER_RECONCILED
360
FAF
  0
DICTIONARY
  5
FB0
330
76B
100
AcDbDictionary
280
     1
281
     1
  3
ADSK_XREC_LAYER_RECONCILED
360
FB1
  0
DICTIONARY
  5
FB2
330
76D
100
AcDbDictionary
280
     1
281
     1
  3
ADSK_XREC_LAYER_RECONCILED
360
FB3
  0
DICTIONARY
  5
FB4
330
76F
100
AcDbDictionary
280
     1
281
     1
  3
ADSK_XREC_LAYER_RECONCILED
360
FB5
  0
DICTIONARY
  5
FB6
330
771
100
AcDbDictionary
280
     1
281
     1
  3
ADSK_XREC_LAYER_RECONCILED
360
FB7
  0
DICTIONARY
  5
FB8
330
773
100
AcDbDictionary
280
     1
281
     1
  3
ADSK_XREC_LAYER_RECONCILED
360
FB9
  0
DICTIONARY
  5
FBA
330
775
100
AcDbDictionary
280
     1
281
     1
  3
ADSK_XREC_LAYER_RECONCILED
360
FBB
  0
DICTIONARY
  5
FBC
330
777
100
AcDbDictionary
280
     1
281
     1
  3
ADSK_XREC_LAYER_RECONCILED
360
FBD
  0
DICTIONARY
  5
FBE
330
779
100
AcDbDictionary
280
     1
281
     1
  3
ADSK_XREC_LAYER_RECONCILED
360
FBF
  0
DICTIONARY
  5
FC0
330
77B
100
AcDbDictionary
280
     1
281
     1
  3
ADSK_XREC_LAYER_RECONCILED
360
FC1
  0
DICTIONARY
  5
FC2
330
77D
100
AcDbDictionary
280
     1
281
     1
  3
ADSK_XREC_LAYER_RECONCILED
360
FC3
  0
DICTIONARY
  5
FC4
330
77F
100
AcDbDictionary
280
     1
281
     1
  3
ADSK_XREC_LAYER_RECONCILED
360
FC5
  0
DICTIONARY
  5
FC6
330
781
100
AcDbDictionary
280
     1
281
     1
  3
ADSK_XREC_LAYER_RECONCILED
360
FC7
  0
DICTIONARY
  5
FC8
330
783
100
AcDbDictionary
280
     1
281
     1
  3
ADSK_XREC_LAYER_RECONCILED
360
FC9
  0
DICTIONARY
  5
FCA
330
785
100
AcDbDictionary
280
     1
281
     1
  3
ADSK_XREC_LAYER_RECONCILED
360
FCB
  0
DICTIONARY
  5
FCC
330
787
100
AcDbDictionary
280
     1
281
     1
  3
ADSK_XREC_LAYER_RECONCILED
360
FCD
  0
DICTIONARY
  5
FCE
330
789
100
AcDbDictionary
280
     1
281
     1
  3
ADSK_XREC_LAYER_RECONCILED
360
FCF
  0
DICTIONARY
  5
FD0
330
78B
100
AcDbDictionary
280
     1
281
     1
  3
ADSK_XREC_LAYER_RECONCILED
360
FD1
  0
DICTIONARY
  5
FD2
330
78D
100
AcDbDictionary
280
     1
281
     1
  3
ADSK_XREC_LAYER_RECONCILED
360
FD3
  0
DICTIONARY
  5
FD4
330
78F
100
AcDbDictionary
280
     1
281
     1
  3
ADSK_XREC_LAYER_RECONCILED
360
FD5
  0
DICTIONARY
  5
FD6
330
791
100
AcDbDictionary
280
     1
281
     1
  3
ADSK_XREC_LAYER_RECONCILED
360
FD7
  0
DICTIONARY
  5
FD8
330
793
100
AcDbDictionary
280
     1
281
     1
  3
ADSK_XREC_LAYER_RECONCILED
360
FD9
  0
DICTIONARY
  5
FDA
330
795
100
AcDbDictionary
280
     1
281
     1
  3
ADSK_XREC_LAYER_RECONCILED
360
FDB
  0
DICTIONARY
  5
FDC
330
797
100
AcDbDictionary
280
     1
281
     1
  3
ADSK_XREC_LAYER_RECONCILED
360
FDD
  0
DICTIONARY
  5
FDE
330
799
100
AcDbDictionary
280
     1
281
     1
  3
ADSK_XREC_LAYER_RECONCILED
360
FDF
  0
DICTIONARY
  5
FE0
330
79B
100
AcDbDictionary
280
     1
281
     1
  3
ADSK_XREC_LAYER_RECONCILED
360
FE1
  0
DICTIONARY
  5
FE2
330
79D
100
AcDbDictionary
280
     1
281
     1
  3
ADSK_XREC_LAYER_RECONCILED
360
FE3
  0
DICTIONARY
  5
FE4
330
79F
100
AcDbDictionary
280
     1
281
     1
  3
ADSK_XREC_LAYER_RECONCILED
360
FE5
  0
DICTIONARY
  5
FE6
330
7A1
100
AcDbDictionary
280
     1
281
     1
  3
ADSK_XREC_LAYER_RECONCILED
360
FE7
  0
DICTIONARY
  5
FE8
330
7A3
100
AcDbDictionary
280
     1
281
     1
  3
ADSK_XREC_LAYER_RECONCILED
360
FE9
  0
DICTIONARY
  5
FEA
330
7A5
100
AcDbDictionary
280
     1
281
     1
  3
ADSK_XREC_LAYER_RECONCILED
360
FEB
  0
DICTIONARY
  5
FEC
330
7A7
100
AcDbDictionary
280
     1
281
     1
  3
ADSK_XREC_LAYER_RECONCILED
360
FED
  0
DICTIONARY
  5
FEE
330
7A9
100
AcDbDictionary
280
     1
281
     1
  3
ADSK_XREC_LAYER_RECONCILED
360
FEF
  0
DICTIONARY
  5
FF0
330
7AB
100
AcDbDictionary
280
     1
281
     1
  3
ADSK_XREC_LAYER_RECONCILED
360
FF1
  0
DICTIONARY
  5
FF2
330
7AD
100
AcDbDictionary
280
     1
281
     1
  3
ADSK_XREC_LAYER_RECONCILED
360
FF3
  0
DICTIONARY
  5
FF4
330
7AF
100
AcDbDictionary
280
     1
281
     1
  3
ADSK_XREC_LAYER_RECONCILED
360
FF5
  0
DICTIONARY
  5
FF6
330
7B1
100
AcDbDictionary
280
     1
281
     1
  3
ADSK_XREC_LAYER_RECONCILED
360
FF7
  0
DICTIONARY
  5
FF8
330
7B3
100
AcDbDictionary
280
     1
281
     1
  3
ADSK_XREC_LAYER_RECONCILED
360
FF9
  0
DICTIONARY
  5
FFA
330
7B5
100
AcDbDictionary
280
     1
281
     1
  3
ADSK_XREC_LAYER_RECONCILED
360
FFB
  0
DICTIONARY
  5
FFC
330
7B7
100
AcDbDictionary
280
     1
281
     1
  3
ADSK_XREC_LAYER_RECONCILED
360
FFD
  0
DICTIONARY
  5
FFE
330
7B9
100
AcDbDictionary
280
     1
281
     1
  3
ADSK_XREC_LAYER_RECONCILED
360
FFF
  0
DICTIONARY
  5
1000
330
7BB
100
AcDbDictionary
280
     1
281
     1
  3
ADSK_XREC_LAYER_RECONCILED
360
1001
  0
DICTIONARY
  5
1002
330
7BD
100
AcDbDictionary
280
     1
281
     1
  3
ADSK_XREC_LAYER_RECONCILED
360
1003
  0
DICTIONARY
  5
1004
330
7BF
100
AcDbDictionary
280
     1
281
     1
  3
ADSK_XREC_LAYER_RECONCILED
360
1005
  0
DICTIONARY
  5
1006
330
7C1
100
AcDbDictionary
280
     1
281
     1
  3
ADSK_XREC_LAYER_RECONCILED
360
1007
  0
DICTIONARY
  5
1008
330
7C3
100
AcDbDictionary
280
     1
281
     1
  3
ADSK_XREC_LAYER_RECONCILED
360
1009
  0
DICTIONARY
  5
100A
330
7C5
100
AcDbDictionary
280
     1
281
     1
  3
ADSK_XREC_LAYER_RECONCILED
360
100B
  0
DICTIONARY
  5
100C
330
7C7
100
AcDbDictionary
280
     1
281
     1
  3
ADSK_XREC_LAYER_RECONCILED
360
100D
  0
DICTIONARY
  5
100E
330
7C9
100
AcDbDictionary
280
     1
281
     1
  3
ADSK_XREC_LAYER_RECONCILED
360
100F
  0
DICTIONARY
  5
1010
330
7CB
100
AcDbDictionary
280
     1
281
     1
  3
ADSK_XREC_LAYER_RECONCILED
360
1011
  0
DICTIONARY
  5
1012
330
7CD
100
AcDbDictionary
280
     1
281
     1
  3
ADSK_XREC_LAYER_RECONCILED
360
1013
  0
DICTIONARY
  5
1014
330
7CF
100
AcDbDictionary
280
     1
281
     1
  3
ADSK_XREC_LAYER_RECONCILED
360
1015
  0
DICTIONARY
  5
1016
330
7D1
100
AcDbDictionary
280
     1
281
     1
  3
ADSK_XREC_LAYER_RECONCILED
360
1017
  0
DICTIONARY
  5
1018
330
7D3
100
AcDbDictionary
280
     1
281
     1
  3
ADSK_XREC_LAYER_RECONCILED
360
1019
  0
DICTIONARY
  5
101A
330
7D5
100
AcDbDictionary
280
     1
281
     1
  3
ADSK_XREC_LAYER_RECONCILED
360
101B
  0
DICTIONARY
  5
101C
330
7D7
100
AcDbDictionary
280
     1
281
     1
  3
ADSK_XREC_LAYER_RECONCILED
360
101D
  0
DICTIONARY
  5
101E
330
7D9
100
AcDbDictionary
280
     1
281
     1
  3
ADSK_XREC_LAYER_RECONCILED
360
101F
  0
DICTIONARY
  5
1020
330
7DB
100
AcDbDictionary
280
     1
281
     1
  3
ADSK_XREC_LAYER_RECONCILED
360
1021
  0
DICTIONARY
  5
1022
330
7DD
100
AcDbDictionary
280
     1
281
     1
  3
ADSK_XREC_LAYER_RECONCILED
360
1023
  0
DICTIONARY
  5
1024
330
7DF
100
AcDbDictionary
280
     1
281
     1
  3
ADSK_XREC_LAYER_RECONCILED
360
1025
  0
DICTIONARY
  5
1026
330
7E1
100
AcDbDictionary
280
     1
281
     1
  3
ADSK_XREC_LAYER_RECONCILED
360
1027
  0
DICTIONARY
  5
1028
330
7E3
100
AcDbDictionary
280
     1
281
     1
  3
ADSK_XREC_LAYER_RECONCILED
360
1029
  0
DICTIONARY
  5
102A
330
7E5
100
AcDbDictionary
280
     1
281
     1
  3
ADSK_XREC_LAYER_RECONCILED
360
102B
  0
DICTIONARY
  5
102C
330
7E7
100
AcDbDictionary
280
     1
281
     1
  3
ADSK_XREC_LAYER_RECONCILED
360
102D
  0
DICTIONARY
  5
102E
330
7E9
100
AcDbDictionary
280
     1
281
     1
  3
ADSK_XREC_LAYER_RECONCILED
360
102F
  0
DICTIONARY
  5
1030
330
7EB
100
AcDbDictionary
280
     1
281
     1
  3
ADSK_XREC_LAYER_RECONCILED
360
1031
  0
DICTIONARY
  5
1032
330
7ED
100
AcDbDictionary
280
     1
281
     1
  3
ADSK_XREC_LAYER_RECONCILED
360
1033
  0
DICTIONARY
  5
1034
330
7EF
100
AcDbDictionary
280
     1
281
     1
  3
ADSK_XREC_LAYER_RECONCILED
360
1035
  0
DICTIONARY
  5
1036
330
7F1
100
AcDbDictionary
280
     1
281
     1
  3
ADSK_XREC_LAYER_RECONCILED
360
1037
  0
DICTIONARY
  5
1038
330
7F3
100
AcDbDictionary
280
     1
281
     1
  3
ADSK_XREC_LAYER_RECONCILED
360
1039
  0
DICTIONARY
  5
103A
330
7F5
100
AcDbDictionary
280
     1
281
     1
  3
ADSK_XREC_LAYER_RECONCILED
360
103B
  0
DICTIONARY
  5
103C
330
7F7
100
AcDbDictionary
280
     1
281
     1
  3
ADSK_XREC_LAYER_RECONCILED
360
103D
  0
DICTIONARY
  5
103E
330
7F9
100
AcDbDictionary
280
     1
281
     1
  3
ADSK_XREC_LAYER_RECONCILED
360
103F
  0
DICTIONARY
  5
1040
330
7FB
100
AcDbDictionary
280
     1
281
     1
  3
ADSK_XREC_LAYER_RECONCILED
360
1041
  0
DICTIONARY
  5
1042
330
7FD
100
AcDbDictionary
280
     1
281
     1
  3
ADSK_XREC_LAYER_RECONCILED
360
1043
  0
DICTIONARY
  5
1044
330
7FF
100
AcDbDictionary
280
     1
281
     1
  3
ADSK_XREC_LAYER_RECONCILED
360
1045
  0
DICTIONARY
  5
1046
330
801
100
AcDbDictionary
280
     1
281
     1
  3
ADSK_XREC_LAYER_RECONCILED
360
1047
  0
DICTIONARY
  5
1048
330
803
100
AcDbDictionary
280
     1
281
     1
  3
ADSK_XREC_LAYER_RECONCILED
360
1049
  0
DICTIONARY
  5
104A
330
805
100
AcDbDictionary
280
     1
281
     1
  3
ADSK_XREC_LAYER_RECONCILED
360
104B
  0
DICTIONARY
  5
104C
330
807
100
AcDbDictionary
280
     1
281
     1
  3
ADSK_XREC_LAYER_RECONCILED
360
104D
  0
DICTIONARY
  5
104E
330
809
100
AcDbDictionary
280
     1
281
     1
  3
ADSK_XREC_LAYER_RECONCILED
360
104F
  0
DICTIONARY
  5
1050
330
80B
100
AcDbDictionary
280
     1
281
     1
  3
ADSK_XREC_LAYER_RECONCILED
360
1051
  0
DICTIONARY
  5
1052
330
80D
100
AcDbDictionary
280
     1
281
     1
  3
ADSK_XREC_LAYER_RECONCILED
360
1053
  0
DICTIONARY
  5
1054
330
80F
100
AcDbDictionary
280
     1
281
     1
  3
ADSK_XREC_LAYER_RECONCILED
360
1055
  0
DICTIONARY
  5
1056
330
811
100
AcDbDictionary
280
     1
281
     1
  3
ADSK_XREC_LAYER_RECONCILED
360
1057
  0
DICTIONARY
  5
1058
330
813
100
AcDbDictionary
280
     1
281
     1
  3
ADSK_XREC_LAYER_RECONCILED
360
1059
  0
DICTIONARY
  5
105A
330
815
100
AcDbDictionary
280
     1
281
     1
  3
ADSK_XREC_LAYER_RECONCILED
360
105B
  0
DICTIONARY
  5
105C
330
817
100
AcDbDictionary
280
     1
281
     1
  3
ADSK_XREC_LAYER_RECONCILED
360
105D
  0
DICTIONARY
  5
105E
330
819
100
AcDbDictionary
280
     1
281
     1
  3
ADSK_XREC_LAYER_RECONCILED
360
105F
  0
DICTIONARY
  5
1060
330
81B
100
AcDbDictionary
280
     1
281
     1
  3
ADSK_XREC_LAYER_RECONCILED
360
1061
  0
DICTIONARY
  5
1062
330
81D
100
AcDbDictionary
280
     1
281
     1
  3
ADSK_XREC_LAYER_RECONCILED
360
1063
  0
DICTIONARY
  5
1064
330
81F
100
AcDbDictionary
280
     1
281
     1
  3
ADSK_XREC_LAYER_RECONCILED
360
1065
  0
DICTIONARY
  5
1066
330
821
100
AcDbDictionary
280
     1
281
     1
  3
ADSK_XREC_LAYER_RECONCILED
360
1067
  0
DICTIONARY
  5
1068
330
823
100
AcDbDictionary
280
     1
281
     1
  3
ADSK_XREC_LAYER_RECONCILED
360
1069
  0
DICTIONARY
  5
106A
330
825
100
AcDbDictionary
280
     1
281
     1
  3
ADSK_XREC_LAYER_RECONCILED
360
106B
  0
DICTIONARY
  5
106C
330
827
100
AcDbDictionary
280
     1
281
     1
  3
ADSK_XREC_LAYER_RECONCILED
360
106D
  0
DICTIONARY
  5
106E
330
829
100
AcDbDictionary
280
     1
281
     1
  3
ADSK_XREC_LAYER_RECONCILED
360
106F
  0
DICTIONARY
  5
1070
330
82B
100
AcDbDictionary
280
     1
281
     1
  3
ADSK_XREC_LAYER_RECONCILED
360
1071
  0
DICTIONARY
  5
1072
330
82D
100
AcDbDictionary
280
     1
281
     1
  3
ADSK_XREC_LAYER_RECONCILED
360
1073
  0
DICTIONARY
  5
1074
330
82F
100
AcDbDictionary
280
     1
281
     1
  3
ADSK_XREC_LAYER_RECONCILED
360
1075
  0
DICTIONARY
  5
1076
330
831
100
AcDbDictionary
280
     1
281
     1
  3
ADSK_XREC_LAYER_RECONCILED
360
1077
  0
DICTIONARY
  5
1078
330
833
100
AcDbDictionary
280
     1
281
     1
  3
ADSK_XREC_LAYER_RECONCILED
360
1079
  0
DICTIONARY
  5
107A
330
835
100
AcDbDictionary
280
     1
281
     1
  3
ADSK_XREC_LAYER_RECONCILED
360
107B
  0
DICTIONARY
  5
107C
330
837
100
AcDbDictionary
280
     1
281
     1
  3
ADSK_XREC_LAYER_RECONCILED
360
107D
  0
DICTIONARY
  5
107E
330
839
100
AcDbDictionary
280
     1
281
     1
  3
ADSK_XREC_LAYER_RECONCILED
360
107F
  0
DICTIONARY
  5
1080
330
83B
100
AcDbDictionary
280
     1
281
     1
  3
ADSK_XREC_LAYER_RECONCILED
360
1081
  0
DICTIONARY
  5
1082
330
83D
100
AcDbDictionary
280
     1
281
     1
  3
ADSK_XREC_LAYER_RECONCILED
360
1083
  0
DICTIONARY
  5
1084
330
83F
100
AcDbDictionary
280
     1
281
     1
  3
ADSK_XREC_LAYER_RECONCILED
360
1085
  0
DICTIONARY
  5
1086
330
841
100
AcDbDictionary
280
     1
281
     1
  3
ADSK_XREC_LAYER_RECONCILED
360
1087
  0
DICTIONARY
  5
1088
330
843
100
AcDbDictionary
280
     1
281
     1
  3
ADSK_XREC_LAYER_RECONCILED
360
1089
  0
DICTIONARY
  5
108A
330
845
100
AcDbDictionary
280
     1
281
     1
  3
ADSK_XREC_LAYER_RECONCILED
360
108B
  0
DICTIONARY
  5
108C
330
847
100
AcDbDictionary
280
     1
281
     1
  3
ADSK_XREC_LAYER_RECONCILED
360
108D
  0
DICTIONARY
  5
108E
330
849
100
AcDbDictionary
280
     1
281
     1
  3
ADSK_XREC_LAYER_RECONCILED
360
108F
  0
DICTIONARY
  5
1090
330
84B
100
AcDbDictionary
280
     1
281
     1
  3
ADSK_XREC_LAYER_RECONCILED
360
1091
  0
DICTIONARY
  5
1092
330
84D
100
AcDbDictionary
280
     1
281
     1
  3
ADSK_XREC_LAYER_RECONCILED
360
1093
  0
DICTIONARY
  5
1094
330
84F
100
AcDbDictionary
280
     1
281
     1
  3
ADSK_XREC_LAYER_RECONCILED
360
1095
  0
DICTIONARY
  5
1096
330
851
100
AcDbDictionary
280
     1
281
     1
  3
ADSK_XREC_LAYER_RECONCILED
360
1097
  0
DICTIONARY
  5
1098
330
853
100
AcDbDictionary
280
     1
281
     1
  3
ADSK_XREC_LAYER_RECONCILED
360
1099
  0
DICTIONARY
  5
109A
330
855
100
AcDbDictionary
280
     1
281
     1
  3
ADSK_XREC_LAYER_RECONCILED
360
109B
  0
DICTIONARY
  5
109C
330
857
100
AcDbDictionary
280
     1
281
     1
  3
ADSK_XREC_LAYER_RECONCILED
360
109D
  0
DICTIONARY
  5
109E
330
859
100
AcDbDictionary
280
     1
281
     1
  3
ADSK_XREC_LAYER_RECONCILED
360
109F
  0
DICTIONARY
  5
10A0
330
85B
100
AcDbDictionary
280
     1
281
     1
  3
ADSK_XREC_LAYER_RECONCILED
360
10A1
  0
DICTIONARY
  5
10A2
330
85D
100
AcDbDictionary
280
     1
281
     1
  3
ADSK_XREC_LAYER_RECONCILED
360
10A3
  0
DICTIONARY
  5
10A4
330
85F
100
AcDbDictionary
280
     1
281
     1
  3
ADSK_XREC_LAYER_RECONCILED
360
10A5
  0
DICTIONARY
  5
10A6
330
861
100
AcDbDictionary
280
     1
281
     1
  3
ADSK_XREC_LAYER_RECONCILED
360
10A7
  0
DICTIONARY
  5
10A8
330
863
100
AcDbDictionary
280
     1
281
     1
  3
ADSK_XREC_LAYER_RECONCILED
360
10A9
  0
DICTIONARY
  5
10AA
330
865
100
AcDbDictionary
280
     1
281
     1
  3
ADSK_XREC_LAYER_RECONCILED
360
10AB
  0
DICTIONARY
  5
10AC
330
867
100
AcDbDictionary
280
     1
281
     1
  3
ADSK_XREC_LAYER_RECONCILED
360
10AD
  0
DICTIONARY
  5
10AE
330
869
100
AcDbDictionary
280
     1
281
     1
  3
ADSK_XREC_LAYER_RECONCILED
360
10AF
  0
DICTIONARY
  5
10B0
330
86B
100
AcDbDictionary
280
     1
281
     1
  3
ADSK_XREC_LAYER_RECONCILED
360
10B1
  0
DICTIONARY
  5
10B2
330
86D
100
AcDbDictionary
280
     1
281
     1
  3
ADSK_XREC_LAYER_RECONCILED
360
10B3
  0
DICTIONARY
  5
10B4
330
86F
100
AcDbDictionary
280
     1
281
     1
  3
ADSK_XREC_LAYER_RECONCILED
360
10B5
  0
DICTIONARY
  5
10B6
330
871
100
AcDbDictionary
280
     1
281
     1
  3
ADSK_XREC_LAYER_RECONCILED
360
10B7
  0
DICTIONARY
  5
10B8
330
873
100
AcDbDictionary
280
     1
281
     1
  3
ADSK_XREC_LAYER_RECONCILED
360
10B9
  0
DICTIONARY
  5
10BA
330
875
100
AcDbDictionary
280
     1
281
     1
  3
ADSK_XREC_LAYER_RECONCILED
360
10BB
  0
DICTIONARY
  5
10BC
330
877
100
AcDbDictionary
280
     1
281
     1
  3
ADSK_XREC_LAYER_RECONCILED
360
10BD
  0
DICTIONARY
  5
10BE
330
879
100
AcDbDictionary
280
     1
281
     1
  3
ADSK_XREC_LAYER_RECONCILED
360
10BF
  0
DICTIONARY
  5
10C0
330
87B
100
AcDbDictionary
280
     1
281
     1
  3
ADSK_XREC_LAYER_RECONCILED
360
10C1
  0
DICTIONARY
  5
10C2
330
87D
100
AcDbDictionary
280
     1
281
     1
  3
ADSK_XREC_LAYER_RECONCILED
360
10C3
  0
DICTIONARY
  5
10C4
330
87F
100
AcDbDictionary
280
     1
281
     1
  3
ADSK_XREC_LAYER_RECONCILED
360
10C5
  0
DICTIONARY
  5
10C6
330
881
100
AcDbDictionary
280
     1
281
     1
  3
ADSK_XREC_LAYER_RECONCILED
360
10C7
  0
DICTIONARY
  5
10C8
330
883
100
AcDbDictionary
280
     1
281
     1
  3
ADSK_XREC_LAYER_RECONCILED
360
10C9
  0
DICTIONARY
  5
10CA
330
885
100
AcDbDictionary
280
     1
281
     1
  3
ADSK_XREC_LAYER_RECONCILED
360
10CB
  0
DICTIONARY
  5
10CC
330
887
100
AcDbDictionary
280
     1
281
     1
  3
ADSK_XREC_LAYER_RECONCILED
360
10CD
  0
DICTIONARY
  5
10CE
330
889
100
AcDbDictionary
280
     1
281
     1
  3
ADSK_XREC_LAYER_RECONCILED
360
10CF
  0
DICTIONARY
  5
10D0
330
88B
100
AcDbDictionary
280
     1
281
     1
  3
ADSK_XREC_LAYER_RECONCILED
360
10D1
  0
DICTIONARY
  5
10D2
330
88D
100
AcDbDictionary
280
     1
281
     1
  3
ADSK_XREC_LAYER_RECONCILED
360
10D3
  0
DICTIONARY
  5
10D4
330
88F
100
AcDbDictionary
280
     1
281
     1
  3
ADSK_XREC_LAYER_RECONCILED
360
10D5
  0
DICTIONARY
  5
10D6
330
891
100
AcDbDictionary
280
     1
281
     1
  3
ADSK_XREC_LAYER_RECONCILED
360
10D7
  0
DICTIONARY
  5
10D8
330
893
100
AcDbDictionary
280
     1
281
     1
  3
ADSK_XREC_LAYER_RECONCILED
360
10D9
  0
DICTIONARY
  5
10DA
330
895
100
AcDbDictionary
280
     1
281
     1
  3
ADSK_XREC_LAYER_RECONCILED
360
10DB
  0
DICTIONARY
  5
10DC
330
897
100
AcDbDictionary
280
     1
281
     1
  3
ADSK_XREC_LAYER_RECONCILED
360
10DD
  0
DICTIONARY
  5
10DE
330
899
100
AcDbDictionary
280
     1
281
     1
  3
ADSK_XREC_LAYER_RECONCILED
360
10DF
  0
DICTIONARY
  5
10E0
330
89B
100
AcDbDictionary
280
     1
281
     1
  3
ADSK_XREC_LAYER_RECONCILED
360
10E1
  0
DICTIONARY
  5
10E2
330
89D
100
AcDbDictionary
280
     1
281
     1
  3
ADSK_XREC_LAYER_RECONCILED
360
10E3
  0
DICTIONARY
  5
10E4
330
89F
100
AcDbDictionary
280
     1
281
     1
  3
ADSK_XREC_LAYER_RECONCILED
360
10E5
  0
DICTIONARY
  5
10E6
330
8A1
100
AcDbDictionary
280
     1
281
     1
  3
ADSK_XREC_LAYER_RECONCILED
360
10E7
  0
DICTIONARY
  5
10E8
330
8A3
100
AcDbDictionary
280
     1
281
     1
  3
ADSK_XREC_LAYER_RECONCILED
360
10E9
  0
DICTIONARY
  5
10EA
330
8A5
100
AcDbDictionary
280
     1
281
     1
  3
ADSK_XREC_LAYER_RECONCILED
360
10EB
  0
DICTIONARY
  5
10EC
330
8A7
100
AcDbDictionary
280
     1
281
     1
  3
ADSK_XREC_LAYER_RECONCILED
360
10ED
  0
DICTIONARY
  5
10EE
330
8A9
100
AcDbDictionary
280
     1
281
     1
  3
ADSK_XREC_LAYER_RECONCILED
360
10EF
  0
DICTIONARY
  5
10F0
330
8AB
100
AcDbDictionary
280
     1
281
     1
  3
ADSK_XREC_LAYER_RECONCILED
360
10F1
  0
DICTIONARY
  5
10F2
330
8AD
100
AcDbDictionary
280
     1
281
     1
  3
ADSK_XREC_LAYER_RECONCILED
360
10F3
  0
DICTIONARY
  5
10F4
330
8AF
100
AcDbDictionary
280
     1
281
     1
  3
ADSK_XREC_LAYER_RECONCILED
360
10F5
  0
DICTIONARY
  5
10F6
330
8B1
100
AcDbDictionary
280
     1
281
     1
  3
ADSK_XREC_LAYER_RECONCILED
360
10F7
  0
DICTIONARY
  5
10F8
330
8B3
100
AcDbDictionary
280
     1
281
     1
  3
ADSK_XREC_LAYER_RECONCILED
360
10F9
  0
XRECORD
  5
8B6
102
{ACAD_REACTORS
330
C
102
}
330
C
100
AcDbXrecord
280
     1
300
ACD
300
2026
300

  0
DICTIONARY
  5
62
102
{ACAD_REACTORS
330
C
102
}
330
C
100
AcDbDictionary
281
     1
  0
DICTIONARY
  5
69
102
{ACAD_REACTORS
330
C
102
}
330
C
100
AcDbDictionary
281
     1
  3
Imperial24
350
6A
  0
DICTIONARY
  5
D
102
{ACAD_REACTORS
330
C
102
}
330
C
100
AcDbDictionary
281
     1
  0
XRECORD
  5
8B7
102
{ACAD_REACTORS
330
C
102
}
330
C
100
AcDbXrecord
280
     1
300
{01821591-7B01-0142-B0D8-B6C837B7A860}
301
{9D30F0A2-0A3E-7C45-B8E1-3EBD39CCEF19}
302
{01821591-7B01-0142-B0D8-B6C837B7A860}
303
C:\Users\admin\Documents\edified.dxf
  0
DICTIONARY
  5
61
102
{ACAD_REACTORS
330
C
102
}
330
C
100
AcDbDictionary
281
     1
  3
Model
350
72
  3
布局1
350
6E
  0
DICTIONARY
  5
10
102
{ACAD_REACTORS
330
C
102
}
330
C
100
AcDbDictionary
281
     1
  3
ByBlock
350
19
  3
ByLayer
350
11
  3
Global
350
21
  0
DICTIONARY
  5
65
102
{ACAD_REACTORS
330
C
102
}
330
C
100
AcDbDictionary
281
     1
  3
Standard
350
66
  0
DICTIONARY
  5
5E
102
{ACAD_REACTORS
330
C
102
}
330
C
100
AcDbDictionary
281
     1
  3
Standard
350
5F
  0
DICTIONARY
  5
60
102
{ACAD_REACTORS
330
C
102
}
330
C
100
AcDbDictionary
281
     1
  0
ACDBDICTIONARYWDFLT
  5
E
102
{ACAD_REACTORS
330
C
102
}
330
C
100
AcDbDictionary
281
     1
  3
Normal
350
F
100
AcDbDictionaryWithDefault
340
F
  0
DICTIONARY
  5
42
102
{ACAD_REACTORS
330
C
102
}
330
C
100
AcDbDictionary
281
     1
  3
A0
350
43
  3
A1
350
44
  3
A2
350
45
  3
A3
350
46
  3
A4
350
47
  3
A5
350
48
  3
A6
350
49
  3
A7
350
4A
  3
A8
350
4B
  3
A9
350
4C
  3
B0
350
4D
  3
B1
350
4E
  3
B2
350
4F
  3
B3
350
50
  3
B4
350
51
  3
B5
350
52
  3
B6
350
53
  0
DICTIONARY
  5
67
102
{ACAD_REACTORS
330
C
102
}
330
C
100
AcDbDictionary
281
     1
  3
Imperial24
350
68
  0
DICTIONARY
  5
63
102
{ACAD_REACTORS
330
C
102
}
330
C
100
AcDbDictionary
281
     1
  3
Standard
350
64
  0
DICTIONARY
  5
29
102
{ACAD_REACTORS
330
C
102
}
330
C
100
AcDbDictionary
281
     1
  3
2dWireframe
350
2F
  3
Basic
350
2E
  3
Brighten
350
35
  3
ColorChange
350
39
  3
Conceptual
350
32
  3
Dim
350
34
  3
EdgeColorOff
350
41
  3
Facepattern
350
38
  3
Flat
350
2A
  3
FlatWithEdges
350
2B
  3
Gouraud
350
2C
  3
GouraudWithEdges
350
2D
  3
Hidden
350
31
  3
JitterOff
350
3F
  3
Linepattern
350
37
  3
OverhangOff
350
40
  3
Realistic
350
33
  3
Shaded
350
3E
  3
Shaded with edges
350
3D
  3
Shades of Gray
350
3A
  3
Sketchy
350
3B
  3
Thicken
350
36
  3
Wireframe
350
30
  3
X-Ray
350
3C
  0
XRECORD
  5
1113
102
{ACAD_REACTORS
330
C
102
}
330
C
100
AcDbXrecord
280
     1
 90
        1
330
64
  0
DICTIONARY
  5
10FA
102
{ACAD_REACTORS
330
C
102
}
330
C
100
AcDbDictionary
281
     1
  3
CANNOSCALE
350
1100
  3
CMLEADERSTYLE
350
10FC
  3
CTABLESTYLE
350
10FB
  3
CVIEWDETAILSTYLE
350
10FD
  3
CVIEWSECTIONSTYLE
350
10FE
  3
LAYEREVAL
350
1102
  3
LAYERNOTIFY
350
1103
  3
LIGHTINGUNITS
350
1101
  3
MSLTSCALE
350
10FF
  0
DICTIONARY
  5
110C
102
{ACAD_REACTORS
330
110B
102
}
330
110B
100
AcDbDictionary
281
     1
  0
XRECORD
  5
8B9
102
{ACAD_REACTORS
330
8B8
102
}
330
8B8
100
AcDbXrecord
280
     1
290
     1
  0
XRECORD
  5
8BB
102
{ACAD_REACTORS
330
8BA
102
}
330
8BA
100
AcDbXrecord
280
     1
290
     1
  0
XRECORD
  5
8BD
102
{ACAD_REACTORS
330
8BC
102
}
330
8BC
100
AcDbXrecord
280
     1
290
     1
  0
XRECORD
  5
8BF
102
{ACAD_REACTORS
330
8BE
102
}
330
8BE
100
AcDbXrecord
280
     1
290
     1
  0
XRECORD
  5
8C1
102
{ACAD_REACTORS
330
8C0
102
}
330
8C0
100
AcDbXrecord
280
     1
290
     1
  0
XRECORD
  5
8C3
102
{ACAD_REACTORS
330
8C2
102
}
330
8C2
100
AcDbXrecord
280
     1
290
     1
  0
XRECORD
  5
8C5
102
{ACAD_REACTORS
330
8C4
102
}
330
8C4
100
AcDbXrecord
280
     1
290
     1
  0
XRECORD
  5
8C7
102
{ACAD_REACTORS
330
8C6
102
}
330
8C6
100
AcDbXrecord
280
     1
290
     1
  0
XRECORD
  5
8C9
102
{ACAD_REACTORS
330
8C8
102
}
330
8C8
100
AcDbXrecord
280
     1
290
     1
  0
XRECORD
  5
8CB
102
{ACAD_REACTORS
330
8CA
102
}
330
8CA
100
AcDbXrecord
280
     1
290
     1
  0
XRECORD
  5
8CD
102
{ACAD_REACTORS
330
8CC
102
}
330
8CC
100
AcDbXrecord
280
     1
290
     1
  0
XRECORD
  5
8CF
102
{ACAD_REACTORS
330
8CE
102
}
330
8CE
100
AcDbXrecord
280
     1
290
     1
  0
XRECORD
  5
8D1
102
{ACAD_REACTORS
330
8D0
102
}
330
8D0
100
AcDbXrecord
280
     1
290
     1
  0
XRECORD
  5
8D3
102
{ACAD_REACTORS
330
8D2
102
}
330
8D2
100
AcDbXrecord
280
     1
290
     1
  0
XRECORD
  5
8D5
102
{ACAD_REACTORS
330
8D4
102
}
330
8D4
100
AcDbXrecord
280
     1
290
     1
  0
XRECORD
  5
8D7
102
{ACAD_REACTORS
330
8D6
102
}
330
8D6
100
AcDbXrecord
280
     1
290
     1
  0
XRECORD
  5
8D9
102
{ACAD_REACTORS
330
8D8
102
}
330
8D8
100
AcDbXrecord
280
     1
290
     1
  0
XRECORD
  5
8DB
102
{ACAD_REACTORS
330
8DA
102
}
330
8DA
100
AcDbXrecord
280
     1
290
     1
  0
XRECORD
  5
8DD
102
{ACAD_REACTORS
330
8DC
102
}
330
8DC
100
AcDbXrecord
280
     1
290
     1
  0
XRECORD
  5
8DF
102
{ACAD_REACTORS
330
8DE
102
}
330
8DE
100
AcDbXrecord
280
     1
290
     1
  0
XRECORD
  5
8E1
102
{ACAD_REACTORS
330
8E0
102
}
330
8E0
100
AcDbXrecord
280
     1
290
     1
  0
XRECORD
  5
8E3
102
{ACAD_REACTORS
330
8E2
102
}
330
8E2
100
AcDbXrecord
280
     1
290
     1
  0
XRECORD
  5
8E5
102
{ACAD_REACTORS
330
8E4
102
}
330
8E4
100
AcDbXrecord
280
     1
290
     1
  0
XRECORD
  5
8E7
102
{ACAD_REACTORS
330
8E6
102
}
330
8E6
100
AcDbXrecord
280
     1
290
     1
  0
XRECORD
  5
8E9
102
{ACAD_REACTORS
330
8E8
102
}
330
8E8
100
AcDbXrecord
280
     1
290
     1
  0
XRECORD
  5
8EB
102
{ACAD_REACTORS
330
8EA
102
}
330
8EA
100
AcDbXrecord
280
     1
290
     1
  0
XRECORD
  5
8ED
102
{ACAD_REACTORS
330
8EC
102
}
330
8EC
100
AcDbXrecord
280
     1
290
     1
  0
XRECORD
  5
8EF
102
{ACAD_REACTORS
330
8EE
102
}
330
8EE
100
AcDbXrecord
280
     1
290
     1
  0
XRECORD
  5
8F1
102
{ACAD_REACTORS
330
8F0
102
}
330
8F0
100
AcDbXrecord
280
     1
290
     1
  0
XRECORD
  5
8F3
102
{ACAD_REACTORS
330
8F2
102
}
330
8F2
100
AcDbXrecord
280
     1
290
     1
  0
XRECORD
  5
8F5
102
{ACAD_REACTORS
330
8F4
102
}
330
8F4
100
AcDbXrecord
280
     1
290
     1
  0
XRECORD
  5
8F7
102
{ACAD_REACTORS
330
8F6
102
}
330
8F6
100
AcDbXrecord
280
     1
290
     1
  0
XRECORD
  5
8F9
102
{ACAD_REACTORS
330
8F8
102
}
330
8F8
100
AcDbXrecord
280
     1
290
     1
  0
XRECORD
  5
8FB
102
{ACAD_REACTORS
330
8FA
102
}
330
8FA
100
AcDbXrecord
280
     1
290
     1
  0
XRECORD
  5
8FD
102
{ACAD_REACTORS
330
8FC
102
}
330
8FC
100
AcDbXrecord
280
     1
290
     1
  0
XRECORD
  5
8FF
102
{ACAD_REACTORS
330
8FE
102
}
330
8FE
100
AcDbXrecord
280
     1
290
     1
  0
XRECORD
  5
901
102
{ACAD_REACTORS
330
900
102
}
330
900
100
AcDbXrecord
280
     1
290
     1
  0
XRECORD
  5
903
102
{ACAD_REACTORS
330
902
102
}
330
902
100
AcDbXrecord
280
     1
290
     1
  0
XRECORD
  5
905
102
{ACAD_REACTORS
330
904
102
}
330
904
100
AcDbXrecord
280
     1
290
     1
  0
XRECORD
  5
907
102
{ACAD_REACTORS
330
906
102
}
330
906
100
AcDbXrecord
280
     1
290
     1
  0
XRECORD
  5
909
102
{ACAD_REACTORS
330
908
102
}
330
908
100
AcDbXrecord
280
     1
290
     1
  0
XRECORD
  5
90B
102
{ACAD_REACTORS
330
90A
102
}
330
90A
100
AcDbXrecord
280
     1
290
     1
  0
XRECORD
  5
90D
102
{ACAD_REACTORS
330
90C
102
}
330
90C
100
AcDbXrecord
280
     1
290
     1
  0
XRECORD
  5
90F
102
{ACAD_REACTORS
330
90E
102
}
330
90E
100
AcDbXrecord
280
     1
290
     1
  0
XRECORD
  5
911
102
{ACAD_REACTORS
330
910
102
}
330
910
100
AcDbXrecord
280
     1
290
     1
  0
XRECORD
  5
913
102
{ACAD_REACTORS
330
912
102
}
330
912
100
AcDbXrecord
280
     1
290
     1
  0
XRECORD
  5
915
102
{ACAD_REACTORS
330
914
102
}
330
914
100
AcDbXrecord
280
     1
290
     1
  0
XRECORD
  5
917
102
{ACAD_REACTORS
330
916
102
}
330
916
100
AcDbXrecord
280
     1
290
     1
  0
XRECORD
  5
919
102
{ACAD_REACTORS
330
918
102
}
330
918
100
AcDbXrecord
280
     1
290
     1
  0
XRECORD
  5
91B
102
{ACAD_REACTORS
330
91A
102
}
330
91A
100
AcDbXrecord
280
     1
290
     1
  0
XRECORD
  5
91D
102
{ACAD_REACTORS
330
91C
102
}
330
91C
100
AcDbXrecord
280
     1
290
     1
  0
XRECORD
  5
91F
102
{ACAD_REACTORS
330
91E
102
}
330
91E
100
AcDbXrecord
280
     1
290
     1
  0
XRECORD
  5
921
102
{ACAD_REACTORS
330
920
102
}
330
920
100
AcDbXrecord
280
     1
290
     1
  0
XRECORD
  5
923
102
{ACAD_REACTORS
330
922
102
}
330
922
100
AcDbXrecord
280
     1
290
     1
  0
XRECORD
  5
925
102
{ACAD_REACTORS
330
924
102
}
330
924
100
AcDbXrecord
280
     1
290
     1
  0
XRECORD
  5
927
102
{ACAD_REACTORS
330
926
102
}
330
926
100
AcDbXrecord
280
     1
290
     1
  0
XRECORD
  5
929
102
{ACAD_REACTORS
330
928
102
}
330
928
100
AcDbXrecord
280
     1
290
     1
  0
XRECORD
  5
92B
102
{ACAD_REACTORS
330
92A
102
}
330
92A
100
AcDbXrecord
280
     1
290
     1
  0
XRECORD
  5
92D
102
{ACAD_REACTORS
330
92C
102
}
330
92C
100
AcDbXrecord
280
     1
290
     1
  0
XRECORD
  5
92F
102
{ACAD_REACTORS
330
92E
102
}
330
92E
100
AcDbXrecord
280
     1
290
     1
  0
XRECORD
  5
931
102
{ACAD_REACTORS
330
930
102
}
330
930
100
AcDbXrecord
280
     1
290
     1
  0
XRECORD
  5
933
102
{ACAD_REACTORS
330
932
102
}
330
932
100
AcDbXrecord
280
     1
290
     1
  0
XRECORD
  5
935
102
{ACAD_REACTORS
330
934
102
}
330
934
100
AcDbXrecord
280
     1
290
     1
  0
XRECORD
  5
937
102
{ACAD_REACTORS
330
936
102
}
330
936
100
AcDbXrecord
280
     1
290
     1
  0
XRECORD
  5
939
102
{ACAD_REACTORS
330
938
102
}
330
938
100
AcDbXrecord
280
     1
290
     1
  0
XRECORD
  5
93B
102
{ACAD_REACTORS
330
93A
102
}
330
93A
100
AcDbXrecord
280
     1
290
     1
  0
XRECORD
  5
93D
102
{ACAD_REACTORS
330
93C
102
}
330
93C
100
AcDbXrecord
280
     1
290
     1
  0
XRECORD
  5
93F
102
{ACAD_REACTORS
330
93E
102
}
330
93E
100
AcDbXrecord
280
     1
290
     1
  0
XRECORD
  5
941
102
{ACAD_REACTORS
330
940
102
}
330
940
100
AcDbXrecord
280
     1
290
     1
  0
XRECORD
  5
943
102
{ACAD_REACTORS
330
942
102
}
330
942
100
AcDbXrecord
280
     1
290
     1
  0
XRECORD
  5
945
102
{ACAD_REACTORS
330
944
102
}
330
944
100
AcDbXrecord
280
     1
290
     1
  0
XRECORD
  5
947
102
{ACAD_REACTORS
330
946
102
}
330
946
100
AcDbXrecord
280
     1
290
     1
  0
XRECORD
  5
949
102
{ACAD_REACTORS
330
948
102
}
330
948
100
AcDbXrecord
280
     1
290
     1
  0
XRECORD
  5
94B
102
{ACAD_REACTORS
330
94A
102
}
330
94A
100
AcDbXrecord
280
     1
290
     1
  0
XRECORD
  5
94D
102
{ACAD_REACTORS
330
94C
102
}
330
94C
100
AcDbXrecord
280
     1
290
     1
  0
XRECORD
  5
94F
102
{ACAD_REACTORS
330
94E
102
}
330
94E
100
AcDbXrecord
280
     1
290
     1
  0
XRECORD
  5
951
102
{ACAD_REACTORS
330
950
102
}
330
950
100
AcDbXrecord
280
     1
290
     1
  0
XRECORD
  5
953
102
{ACAD_REACTORS
330
952
102
}
330
952
100
AcDbXrecord
280
     1
290
     1
  0
XRECORD
  5
955
102
{ACAD_REACTORS
330
954
102
}
330
954
100
AcDbXrecord
280
     1
290
     1
  0
XRECORD
  5
957
102
{ACAD_REACTORS
330
956
102
}
330
956
100
AcDbXrecord
280
     1
290
     1
  0
XRECORD
  5
959
102
{ACAD_REACTORS
330
958
102
}
330
958
100
AcDbXrecord
280
     1
290
     1
  0
XRECORD
  5
95B
102
{ACAD_REACTORS
330
95A
102
}
330
95A
100
AcDbXrecord
280
     1
290
     1
  0
XRECORD
  5
95D
102
{ACAD_REACTORS
330
95C
102
}
330
95C
100
AcDbXrecord
280
     1
290
     1
  0
XRECORD
  5
95F
102
{ACAD_REACTORS
330
95E
102
}
330
95E
100
AcDbXrecord
280
     1
290
     1
  0
XRECORD
  5
961
102
{ACAD_REACTORS
330
960
102
}
330
960
100
AcDbXrecord
280
     1
290
     1
  0
XRECORD
  5
963
102
{ACAD_REACTORS
330
962
102
}
330
962
100
AcDbXrecord
280
     1
290
     1
  0
XRECORD
  5
965
102
{ACAD_REACTORS
330
964
102
}
330
964
100
AcDbXrecord
280
     1
290
     1
  0
XRECORD
  5
967
102
{ACAD_REACTORS
330
966
102
}
330
966
100
AcDbXrecord
280
     1
290
     1
  0
XRECORD
  5
969
102
{ACAD_REACTORS
330
968
102
}
330
968
100
AcDbXrecord
280
     1
290
     1
  0
XRECORD
  5
96B
102
{ACAD_REACTORS
330
96A
102
}
330
96A
100
AcDbXrecord
280
     1
290
     1
  0
XRECORD
  5
96D
102
{ACAD_REACTORS
330
96C
102
}
330
96C
100
AcDbXrecord
280
     1
290
     1
  0
XRECORD
  5
96F
102
{ACAD_REACTORS
330
96E
102
}
330
96E
100
AcDbXrecord
280
     1
290
     1
  0
XRECORD
  5
971
102
{ACAD_REACTORS
330
970
102
}
330
970
100
AcDbXrecord
280
     1
290
     1
  0
XRECORD
  5
973
102
{ACAD_REACTORS
330
972
102
}
330
972
100
AcDbXrecord
280
     1
290
     1
  0
XRECORD
  5
975
102
{ACAD_REACTORS
330
974
102
}
330
974
100
AcDbXrecord
280
     1
290
     1
  0
XRECORD
  5
977
102
{ACAD_REACTORS
330
976
102
}
330
976
100
AcDbXrecord
280
     1
290
     1
  0
XRECORD
  5
979
102
{ACAD_REACTORS
330
978
102
}
330
978
100
AcDbXrecord
280
     1
290
     1
  0
XRECORD
  5
97B
102
{ACAD_REACTORS
330
97A
102
}
330
97A
100
AcDbXrecord
280
     1
290
     1
  0
XRECORD
  5
97D
102
{ACAD_REACTORS
330
97C
102
}
330
97C
100
AcDbXrecord
280
     1
290
     1
  0
XRECORD
  5
97F
102
{ACAD_REACTORS
330
97E
102
}
330
97E
100
AcDbXrecord
280
     1
290
     1
  0
XRECORD
  5
981
102
{ACAD_REACTORS
330
980
102
}
330
980
100
AcDbXrecord
280
     1
290
     1
  0
XRECORD
  5
983
102
{ACAD_REACTORS
330
982
102
}
330
982
100
AcDbXrecord
280
     1
290
     1
  0
XRECORD
  5
985
102
{ACAD_REACTORS
330
984
102
}
330
984
100
AcDbXrecord
280
     1
290
     1
  0
XRECORD
  5
987
102
{ACAD_REACTORS
330
986
102
}
330
986
100
AcDbXrecord
280
     1
290
     1
  0
XRECORD
  5
989
102
{ACAD_REACTORS
330
988
102
}
330
988
100
AcDbXrecord
280
     1
290
     1
  0
XRECORD
  5
98B
102
{ACAD_REACTORS
330
98A
102
}
330
98A
100
AcDbXrecord
280
     1
290
     1
  0
XRECORD
  5
98D
102
{ACAD_REACTORS
330
98C
102
}
330
98C
100
AcDbXrecord
280
     1
290
     1
  0
XRECORD
  5
98F
102
{ACAD_REACTORS
330
98E
102
}
330
98E
100
AcDbXrecord
280
     1
290
     1
  0
XRECORD
  5
991
102
{ACAD_REACTORS
330
990
102
}
330
990
100
AcDbXrecord
280
     1
290
     1
  0
XRECORD
  5
993
102
{ACAD_REACTORS
330
992
102
}
330
992
100
AcDbXrecord
280
     1
290
     1
  0
XRECORD
  5
995
102
{ACAD_REACTORS
330
994
102
}
330
994
100
AcDbXrecord
280
     1
290
     1
  0
XRECORD
  5
997
102
{ACAD_REACTORS
330
996
102
}
330
996
100
AcDbXrecord
280
     1
290
     1
  0
XRECORD
  5
999
102
{ACAD_REACTORS
330
998
102
}
330
998
100
AcDbXrecord
280
     1
290
     1
  0
XRECORD
  5
99B
102
{ACAD_REACTORS
330
99A
102
}
330
99A
100
AcDbXrecord
280
     1
290
     1
  0
XRECORD
  5
99D
102
{ACAD_REACTORS
330
99C
102
}
330
99C
100
AcDbXrecord
280
     1
290
     1
  0
XRECORD
  5
99F
102
{ACAD_REACTORS
330
99E
102
}
330
99E
100
AcDbXrecord
280
     1
290
     1
  0
XRECORD
  5
9A1
102
{ACAD_REACTORS
330
9A0
102
}
330
9A0
100
AcDbXrecord
280
     1
290
     1
  0
XRECORD
  5
9A3
102
{ACAD_REACTORS
330
9A2
102
}
330
9A2
100
AcDbXrecord
280
     1
290
     1
  0
XRECORD
  5
9A5
102
{ACAD_REACTORS
330
9A4
102
}
330
9A4
100
AcDbXrecord
280
     1
290
     1
  0
XRECORD
  5
9A7
102
{ACAD_REACTORS
330
9A6
102
}
330
9A6
100
AcDbXrecord
280
     1
290
     1
  0
XRECORD
  5
9A9
102
{ACAD_REACTORS
330
9A8
102
}
330
9A8
100
AcDbXrecord
280
     1
290
     1
  0
XRECORD
  5
9AB
102
{ACAD_REACTORS
330
9AA
102
}
330
9AA
100
AcDbXrecord
280
     1
290
     1
  0
XRECORD
  5
9AD
102
{ACAD_REACTORS
330
9AC
102
}
330
9AC
100
AcDbXrecord
280
     1
290
     1
  0
XRECORD
  5
9AF
102
{ACAD_REACTORS
330
9AE
102
}
330
9AE
100
AcDbXrecord
280
     1
290
     1
  0
XRECORD
  5
9B1
102
{ACAD_REACTORS
330
9B0
102
}
330
9B0
100
AcDbXrecord
280
     1
290
     1
  0
XRECORD
  5
9B3
102
{ACAD_REACTORS
330
9B2
102
}
330
9B2
100
AcDbXrecord
280
     1
290
     1
  0
XRECORD
  5
9B5
102
{ACAD_REACTORS
330
9B4
102
}
330
9B4
100
AcDbXrecord
280
     1
290
     1
  0
XRECORD
  5
9B7
102
{ACAD_REACTORS
330
9B6
102
}
330
9B6
100
AcDbXrecord
280
     1
290
     1
  0
XRECORD
  5
9B9
102
{ACAD_REACTORS
330
9B8
102
}
330
9B8
100
AcDbXrecord
280
     1
290
     1
  0
XRECORD
  5
9BB
102
{ACAD_REACTORS
330
9BA
102
}
330
9BA
100
AcDbXrecord
280
     1
290
     1
  0
XRECORD
  5
9BD
102
{ACAD_REACTORS
330
9BC
102
}
330
9BC
100
AcDbXrecord
280
     1
290
     1
  0
XRECORD
  5
9BF
102
{ACAD_REACTORS
330
9BE
102
}
330
9BE
100
AcDbXrecord
280
     1
290
     1
  0
XRECORD
  5
9C1
102
{ACAD_REACTORS
330
9C0
102
}
330
9C0
100
AcDbXrecord
280
     1
290
     1
  0
XRECORD
  5
9C3
102
{ACAD_REACTORS
330
9C2
102
}
330
9C2
100
AcDbXrecord
280
     1
290
     1
  0
XRECORD
  5
9C5
102
{ACAD_REACTORS
330
9C4
102
}
330
9C4
100
AcDbXrecord
280
     1
290
     1
  0
XRECORD
  5
9C7
102
{ACAD_REACTORS
330
9C6
102
}
330
9C6
100
AcDbXrecord
280
     1
290
     1
  0
XRECORD
  5
9C9
102
{ACAD_REACTORS
330
9C8
102
}
330
9C8
100
AcDbXrecord
280
     1
290
     1
  0
XRECORD
  5
9CB
102
{ACAD_REACTORS
330
9CA
102
}
330
9CA
100
AcDbXrecord
280
     1
290
     1
  0
XRECORD
  5
9CD
102
{ACAD_REACTORS
330
9CC
102
}
330
9CC
100
AcDbXrecord
280
     1
290
     1
  0
XRECORD
  5
9CF
102
{ACAD_REACTORS
330
9CE
102
}
330
9CE
100
AcDbXrecord
280
     1
290
     1
  0
XRECORD
  5
9D1
102
{ACAD_REACTORS
330
9D0
102
}
330
9D0
100
AcDbXrecord
280
     1
290
     1
  0
XRECORD
  5
9D3
102
{ACAD_REACTORS
330
9D2
102
}
330
9D2
100
AcDbXrecord
280
     1
290
     1
  0
XRECORD
  5
9D5
102
{ACAD_REACTORS
330
9D4
102
}
330
9D4
100
AcDbXrecord
280
     1
290
     1
  0
XRECORD
  5
9D7
102
{ACAD_REACTORS
330
9D6
102
}
330
9D6
100
AcDbXrecord
280
     1
290
     1
  0
XRECORD
  5
9D9
102
{ACAD_REACTORS
330
9D8
102
}
330
9D8
100
AcDbXrecord
280
     1
290
     1
  0
XRECORD
  5
9DB
102
{ACAD_REACTORS
330
9DA
102
}
330
9DA
100
AcDbXrecord
280
     1
290
     1
  0
XRECORD
  5
9DD
102
{ACAD_REACTORS
330
9DC
102
}
330
9DC
100
AcDbXrecord
280
     1
290
     1
  0
XRECORD
  5
9DF
102
{ACAD_REACTORS
330
9DE
102
}
330
9DE
100
AcDbXrecord
280
     1
290
     1
  0
XRECORD
  5
9E1
102
{ACAD_REACTORS
330
9E0
102
}
330
9E0
100
AcDbXrecord
280
     1
290
     1
  0
XRECORD
  5
9E3
102
{ACAD_REACTORS
330
9E2
102
}
330
9E2
100
AcDbXrecord
280
     1
290
     1
  0
XRECORD
  5
9E5
102
{ACAD_REACTORS
330
9E4
102
}
330
9E4
100
AcDbXrecord
280
     1
290
     1
  0
XRECORD
  5
9E7
102
{ACAD_REACTORS
330
9E6
102
}
330
9E6
100
AcDbXrecord
280
     1
290
     1
  0
XRECORD
  5
9E9
102
{ACAD_REACTORS
330
9E8
102
}
330
9E8
100
AcDbXrecord
280
     1
290
     1
  0
XRECORD
  5
9EB
102
{ACAD_REACTORS
330
9EA
102
}
330
9EA
100
AcDbXrecord
280
     1
290
     1
  0
XRECORD
  5
9ED
102
{ACAD_REACTORS
330
9EC
102
}
330
9EC
100
AcDbXrecord
280
     1
290
     1
  0
XRECORD
  5
9EF
102
{ACAD_REACTORS
330
9EE
102
}
330
9EE
100
AcDbXrecord
280
     1
290
     1
  0
XRECORD
  5
9F1
102
{ACAD_REACTORS
330
9F0
102
}
330
9F0
100
AcDbXrecord
280
     1
290
     1
  0
XRECORD
  5
9F3
102
{ACAD_REACTORS
330
9F2
102
}
330
9F2
100
AcDbXrecord
280
     1
290
     1
  0
XRECORD
  5
9F5
102
{ACAD_REACTORS
330
9F4
102
}
330
9F4
100
AcDbXrecord
280
     1
290
     1
  0
XRECORD
  5
9F7
102
{ACAD_REACTORS
330
9F6
102
}
330
9F6
100
AcDbXrecord
280
     1
290
     1
  0
XRECORD
  5
9F9
102
{ACAD_REACTORS
330
9F8
102
}
330
9F8
100
AcDbXrecord
280
     1
290
     1
  0
XRECORD
  5
9FB
102
{ACAD_REACTORS
330
9FA
102
}
330
9FA
100
AcDbXrecord
280
     1
290
     1
  0
XRECORD
  5
9FD
102
{ACAD_REACTORS
330
9FC
102
}
330
9FC
100
AcDbXrecord
280
     1
290
     1
  0
XRECORD
  5
9FF
102
{ACAD_REACTORS
330
9FE
102
}
330
9FE
100
AcDbXrecord
280
     1
290
     1
  0
XRECORD
  5
A01
102
{ACAD_REACTORS
330
A00
102
}
330
A00
100
AcDbXrecord
280
     1
290
     1
  0
XRECORD
  5
A03
102
{ACAD_REACTORS
330
A02
102
}
330
A02
100
AcDbXrecord
280
     1
290
     1
  0
XRECORD
  5
A05
102
{ACAD_REACTORS
330
A04
102
}
330
A04
100
AcDbXrecord
280
     1
290
     1
  0
XRECORD
  5
A07
102
{ACAD_REACTORS
330
A06
102
}
330
A06
100
AcDbXrecord
280
     1
290
     1
  0
XRECORD
  5
A09
102
{ACAD_REACTORS
330
A08
102
}
330
A08
100
AcDbXrecord
280
     1
290
     1
  0
XRECORD
  5
A0B
102
{ACAD_REACTORS
330
A0A
102
}
330
A0A
100
AcDbXrecord
280
     1
290
     1
  0
XRECORD
  5
A0D
102
{ACAD_REACTORS
330
A0C
102
}
330
A0C
100
AcDbXrecord
280
     1
290
     1
  0
XRECORD
  5
A0F
102
{ACAD_REACTORS
330
A0E
102
}
330
A0E
100
AcDbXrecord
280
     1
290
     1
  0
XRECORD
  5
A11
102
{ACAD_REACTORS
330
A10
102
}
330
A10
100
AcDbXrecord
280
     1
290
     1
  0
XRECORD
  5
A13
102
{ACAD_REACTORS
330
A12
102
}
330
A12
100
AcDbXrecord
280
     1
290
     1
  0
XRECORD
  5
A15
102
{ACAD_REACTORS
330
A14
102
}
330
A14
100
AcDbXrecord
280
     1
290
     1
  0
XRECORD
  5
A17
102
{ACAD_REACTORS
330
A16
102
}
330
A16
100
AcDbXrecord
280
     1
290
     1
  0
XRECORD
  5
A19
102
{ACAD_REACTORS
330
A18
102
}
330
A18
100
AcDbXrecord
280
     1
290
     1
  0
XRECORD
  5
A1B
102
{ACAD_REACTORS
330
A1A
102
}
330
A1A
100
AcDbXrecord
280
     1
290
     1
  0
XRECORD
  5
A1D
102
{ACAD_REACTORS
330
A1C
102
}
330
A1C
100
AcDbXrecord
280
     1
290
     1
  0
XRECORD
  5
A1F
102
{ACAD_REACTORS
330
A1E
102
}
330
A1E
100
AcDbXrecord
280
     1
290
     1
  0
XRECORD
  5
A21
102
{ACAD_REACTORS
330
A20
102
}
330
A20
100
AcDbXrecord
280
     1
290
     1
  0
XRECORD
  5
A23
102
{ACAD_REACTORS
330
A22
102
}
330
A22
100
AcDbXrecord
280
     1
290
     1
  0
XRECORD
  5
A25
102
{ACAD_REACTORS
330
A24
102
}
330
A24
100
AcDbXrecord
280
     1
290
     1
  0
XRECORD
  5
A27
102
{ACAD_REACTORS
330
A26
102
}
330
A26
100
AcDbXrecord
280
     1
290
     1
  0
XRECORD
  5
A29
102
{ACAD_REACTORS
330
A28
102
}
330
A28
100
AcDbXrecord
280
     1
290
     1
  0
XRECORD
  5
A2B
102
{ACAD_REACTORS
330
A2A
102
}
330
A2A
100
AcDbXrecord
280
     1
290
     1
  0
XRECORD
  5
A2D
102
{ACAD_REACTORS
330
A2C
102
}
330
A2C
100
AcDbXrecord
280
     1
290
     1
  0
XRECORD
  5
A2F
102
{ACAD_REACTORS
330
A2E
102
}
330
A2E
100
AcDbXrecord
280
     1
290
     1
  0
XRECORD
  5
A31
102
{ACAD_REACTORS
330
A30
102
}
330
A30
100
AcDbXrecord
280
     1
290
     1
  0
XRECORD
  5
A33
102
{ACAD_REACTORS
330
A32
102
}
330
A32
100
AcDbXrecord
280
     1
290
     1
  0
XRECORD
  5
A35
102
{ACAD_REACTORS
330
A34
102
}
330
A34
100
AcDbXrecord
280
     1
290
     1
  0
XRECORD
  5
A37
102
{ACAD_REACTORS
330
A36
102
}
330
A36
100
AcDbXrecord
280
     1
290
     1
  0
XRECORD
  5
A39
102
{ACAD_REACTORS
330
A38
102
}
330
A38
100
AcDbXrecord
280
     1
290
     1
  0
XRECORD
  5
A3B
102
{ACAD_REACTORS
330
A3A
102
}
330
A3A
100
AcDbXrecord
280
     1
290
     1
  0
XRECORD
  5
A3D
102
{ACAD_REACTORS
330
A3C
102
}
330
A3C
100
AcDbXrecord
280
     1
290
     1
  0
XRECORD
  5
A3F
102
{ACAD_REACTORS
330
A3E
102
}
330
A3E
100
AcDbXrecord
280
     1
290
     1
  0
XRECORD
  5
A41
102
{ACAD_REACTORS
330
A40
102
}
330
A40
100
AcDbXrecord
280
     1
290
     1
  0
XRECORD
  5
A43
102
{ACAD_REACTORS
330
A42
102
}
330
A42
100
AcDbXrecord
280
     1
290
     1
  0
XRECORD
  5
A45
102
{ACAD_REACTORS
330
A44
102
}
330
A44
100
AcDbXrecord
280
     1
290
     1
  0
XRECORD
  5
A47
102
{ACAD_REACTORS
330
A46
102
}
330
A46
100
AcDbXrecord
280
     1
290
     1
  0
XRECORD
  5
A49
102
{ACAD_REACTORS
330
A48
102
}
330
A48
100
AcDbXrecord
280
     1
290
     1
  0
XRECORD
  5
A4B
102
{ACAD_REACTORS
330
A4A
102
}
330
A4A
100
AcDbXrecord
280
     1
290
     1
  0
XRECORD
  5
A4D
102
{ACAD_REACTORS
330
A4C
102
}
330
A4C
100
AcDbXrecord
280
     1
290
     1
  0
XRECORD
  5
A4F
102
{ACAD_REACTORS
330
A4E
102
}
330
A4E
100
AcDbXrecord
280
     1
290
     1
  0
XRECORD
  5
A51
102
{ACAD_REACTORS
330
A50
102
}
330
A50
100
AcDbXrecord
280
     1
290
     1
  0
XRECORD
  5
A53
102
{ACAD_REACTORS
330
A52
102
}
330
A52
100
AcDbXrecord
280
     1
290
     1
  0
XRECORD
  5
A55
102
{ACAD_REACTORS
330
A54
102
}
330
A54
100
AcDbXrecord
280
     1
290
     1
  0
XRECORD
  5
A57
102
{ACAD_REACTORS
330
A56
102
}
330
A56
100
AcDbXrecord
280
     1
290
     1
  0
XRECORD
  5
A59
102
{ACAD_REACTORS
330
A58
102
}
330
A58
100
AcDbXrecord
280
     1
290
     1
  0
XRECORD
  5
A5B
102
{ACAD_REACTORS
330
A5A
102
}
330
A5A
100
AcDbXrecord
280
     1
290
     1
  0
XRECORD
  5
A5D
102
{ACAD_REACTORS
330
A5C
102
}
330
A5C
100
AcDbXrecord
280
     1
290
     1
  0
XRECORD
  5
A5F
102
{ACAD_REACTORS
330
A5E
102
}
330
A5E
100
AcDbXrecord
280
     1
290
     1
  0
XRECORD
  5
A61
102
{ACAD_REACTORS
330
A60
102
}
330
A60
100
AcDbXrecord
280
     1
290
     1
  0
XRECORD
  5
A63
102
{ACAD_REACTORS
330
A62
102
}
330
A62
100
AcDbXrecord
280
     1
290
     1
  0
XRECORD
  5
A65
102
{ACAD_REACTORS
330
A64
102
}
330
A64
100
AcDbXrecord
280
     1
290
     1
  0
XRECORD
  5
A67
102
{ACAD_REACTORS
330
A66
102
}
330
A66
100
AcDbXrecord
280
     1
290
     1
  0
XRECORD
  5
A69
102
{ACAD_REACTORS
330
A68
102
}
330
A68
100
AcDbXrecord
280
     1
290
     1
  0
XRECORD
  5
A6B
102
{ACAD_REACTORS
330
A6A
102
}
330
A6A
100
AcDbXrecord
280
     1
290
     1
  0
XRECORD
  5
A6D
102
{ACAD_REACTORS
330
A6C
102
}
330
A6C
100
AcDbXrecord
280
     1
290
     1
  0
XRECORD
  5
A6F
102
{ACAD_REACTORS
330
A6E
102
}
330
A6E
100
AcDbXrecord
280
     1
290
     1
  0
XRECORD
  5
A71
102
{ACAD_REACTORS
330
A70
102
}
330
A70
100
AcDbXrecord
280
     1
290
     1
  0
XRECORD
  5
A73
102
{ACAD_REACTORS
330
A72
102
}
330
A72
100
AcDbXrecord
280
     1
290
     1
  0
XRECORD
  5
A75
102
{ACAD_REACTORS
330
A74
102
}
330
A74
100
AcDbXrecord
280
     1
290
     1
  0
XRECORD
  5
A77
102
{ACAD_REACTORS
330
A76
102
}
330
A76
100
AcDbXrecord
280
     1
290
     1
  0
XRECORD
  5
A79
102
{ACAD_REACTORS
330
A78
102
}
330
A78
100
AcDbXrecord
280
     1
290
     1
  0
XRECORD
  5
A7B
102
{ACAD_REACTORS
330
A7A
102
}
330
A7A
100
AcDbXrecord
280
     1
290
     1
  0
XRECORD
  5
A7D
102
{ACAD_REACTORS
330
A7C
102
}
330
A7C
100
AcDbXrecord
280
     1
290
     1
  0
XRECORD
  5
A7F
102
{ACAD_REACTORS
330
A7E
102
}
330
A7E
100
AcDbXrecord
280
     1
290
     1
  0
XRECORD
  5
A81
102
{ACAD_REACTORS
330
A80
102
}
330
A80
100
AcDbXrecord
280
     1
290
     1
  0
XRECORD
  5
A83
102
{ACAD_REACTORS
330
A82
102
}
330
A82
100
AcDbXrecord
280
     1
290
     1
  0
XRECORD
  5
A85
102
{ACAD_REACTORS
330
A84
102
}
330
A84
100
AcDbXrecord
280
     1
290
     1
  0
XRECORD
  5
A87
102
{ACAD_REACTORS
330
A86
102
}
330
A86
100
AcDbXrecord
280
     1
290
     1
  0
XRECORD
  5
A89
102
{ACAD_REACTORS
330
A88
102
}
330
A88
100
AcDbXrecord
280
     1
290
     1
  0
XRECORD
  5
A8B
102
{ACAD_REACTORS
330
A8A
102
}
330
A8A
100
AcDbXrecord
280
     1
290
     1
  0
XRECORD
  5
A8D
102
{ACAD_REACTORS
330
A8C
102
}
330
A8C
100
AcDbXrecord
280
     1
290
     1
  0
XRECORD
  5
A8F
102
{ACAD_REACTORS
330
A8E
102
}
330
A8E
100
AcDbXrecord
280
     1
290
     1
  0
XRECORD
  5
A91
102
{ACAD_REACTORS
330
A90
102
}
330
A90
100
AcDbXrecord
280
     1
290
     1
  0
XRECORD
  5
A93
102
{ACAD_REACTORS
330
A92
102
}
330
A92
100
AcDbXrecord
280
     1
290
     1
  0
XRECORD
  5
A95
102
{ACAD_REACTORS
330
A94
102
}
330
A94
100
AcDbXrecord
280
     1
290
     1
  0
XRECORD
  5
A97
102
{ACAD_REACTORS
330
A96
102
}
330
A96
100
AcDbXrecord
280
     1
290
     1
  0
XRECORD
  5
A99
102
{ACAD_REACTORS
330
A98
102
}
330
A98
100
AcDbXrecord
280
     1
290
     1
  0
XRECORD
  5
A9B
102
{ACAD_REACTORS
330
A9A
102
}
330
A9A
100
AcDbXrecord
280
     1
290
     1
  0
XRECORD
  5
A9D
102
{ACAD_REACTORS
330
A9C
102
}
330
A9C
100
AcDbXrecord
280
     1
290
     1
  0
XRECORD
  5
A9F
102
{ACAD_REACTORS
330
A9E
102
}
330
A9E
100
AcDbXrecord
280
     1
290
     1
  0
XRECORD
  5
AA1
102
{ACAD_REACTORS
330
AA0
102
}
330
AA0
100
AcDbXrecord
280
     1
290
     1
  0
XRECORD
  5
AA3
102
{ACAD_REACTORS
330
AA2
102
}
330
AA2
100
AcDbXrecord
280
     1
290
     1
  0
XRECORD
  5
AA5
102
{ACAD_REACTORS
330
AA4
102
}
330
AA4
100
AcDbXrecord
280
     1
290
     1
  0
XRECORD
  5
AA7
102
{ACAD_REACTORS
330
AA6
102
}
330
AA6
100
AcDbXrecord
280
     1
290
     1
  0
XRECORD
  5
AA9
102
{ACAD_REACTORS
330
AA8
102
}
330
AA8
100
AcDbXrecord
280
     1
290
     1
  0
XRECORD
  5
AAB
102
{ACAD_REACTORS
330
AAA
102
}
330
AAA
100
AcDbXrecord
280
     1
290
     1
  0
XRECORD
  5
AAD
102
{ACAD_REACTORS
330
AAC
102
}
330
AAC
100
AcDbXrecord
280
     1
290
     1
  0
XRECORD
  5
AAF
102
{ACAD_REACTORS
330
AAE
102
}
330
AAE
100
AcDbXrecord
280
     1
290
     1
  0
XRECORD
  5
AB1
102
{ACAD_REACTORS
330
AB0
102
}
330
AB0
100
AcDbXrecord
280
     1
290
     1
  0
XRECORD
  5
AB3
102
{ACAD_REACTORS
330
AB2
102
}
330
AB2
100
AcDbXrecord
280
     1
290
     1
  0
XRECORD
  5
AB5
102
{ACAD_REACTORS
330
AB4
102
}
330
AB4
100
AcDbXrecord
280
     1
290
     1
  0
XRECORD
  5
AB7
102
{ACAD_REACTORS
330
AB6
102
}
330
AB6
100
AcDbXrecord
280
     1
290
     1
  0
XRECORD
  5
AB9
102
{ACAD_REACTORS
330
AB8
102
}
330
AB8
100
AcDbXrecord
280
     1
290
     1
  0
XRECORD
  5
ABB
102
{ACAD_REACTORS
330
ABA
102
}
330
ABA
100
AcDbXrecord
280
     1
290
     1
  0
XRECORD
  5
ABD
102
{ACAD_REACTORS
330
ABC
102
}
330
ABC
100
AcDbXrecord
280
     1
290
     1
  0
XRECORD
  5
ABF
102
{ACAD_REACTORS
330
ABE
102
}
330
ABE
100
AcDbXrecord
280
     1
290
     1
  0
XRECORD
  5
AC1
102
{ACAD_REACTORS
330
AC0
102
}
330
AC0
100
AcDbXrecord
280
     1
290
     1
  0
XRECORD
  5
AC3
102
{ACAD_REACTORS
330
AC2
102
}
330
AC2
100
AcDbXrecord
280
     1
290
     1
  0
XRECORD
  5
AC5
102
{ACAD_REACTORS
330
AC4
102
}
330
AC4
100
AcDbXrecord
280
     1
290
     1
  0
XRECORD
  5
AC7
102
{ACAD_REACTORS
330
AC6
102
}
330
AC6
100
AcDbXrecord
280
     1
290
     1
  0
XRECORD
  5
AC9
102
{ACAD_REACTORS
330
AC8
102
}
330
AC8
100
AcDbXrecord
280
     1
290
     1
  0
XRECORD
  5
ACB
102
{ACAD_REACTORS
330
ACA
102
}
330
ACA
100
AcDbXrecord
280
     1
290
     1
  0
XRECORD
  5
ACD
102
{ACAD_REACTORS
330
ACC
102
}
330
ACC
100
AcDbXrecord
280
     1
290
     1
  0
XRECORD
  5
ACF
102
{ACAD_REACTORS
330
ACE
102
}
330
ACE
100
AcDbXrecord
280
     1
290
     1
  0
XRECORD
  5
AD1
102
{ACAD_REACTORS
330
AD0
102
}
330
AD0
100
AcDbXrecord
280
     1
290
     1
  0
XRECORD
  5
AD3
102
{ACAD_REACTORS
330
AD2
102
}
330
AD2
100
AcDbXrecord
280
     1
290
     1
  0
XRECORD
  5
AD5
102
{ACAD_REACTORS
330
AD4
102
}
330
AD4
100
AcDbXrecord
280
     1
290
     1
  0
XRECORD
  5
AD7
102
{ACAD_REACTORS
330
AD6
102
}
330
AD6
100
AcDbXrecord
280
     1
290
     1
  0
XRECORD
  5
AD9
102
{ACAD_REACTORS
330
AD8
102
}
330
AD8
100
AcDbXrecord
280
     1
290
     1
  0
XRECORD
  5
ADB
102
{ACAD_REACTORS
330
ADA
102
}
330
ADA
100
AcDbXrecord
280
     1
290
     1
  0
XRECORD
  5
ADD
102
{ACAD_REACTORS
330
ADC
102
}
330
ADC
100
AcDbXrecord
280
     1
290
     1
  0
XRECORD
  5
ADF
102
{ACAD_REACTORS
330
ADE
102
}
330
ADE
100
AcDbXrecord
280
     1
290
     1
  0
XRECORD
  5
AE1
102
{ACAD_REACTORS
330
AE0
102
}
330
AE0
100
AcDbXrecord
280
     1
290
     1
  0
XRECORD
  5
AE3
102
{ACAD_REACTORS
330
AE2
102
}
330
AE2
100
AcDbXrecord
280
     1
290
     1
  0
XRECORD
  5
AE5
102
{ACAD_REACTORS
330
AE4
102
}
330
AE4
100
AcDbXrecord
280
     1
290
     1
  0
XRECORD
  5
AE7
102
{ACAD_REACTORS
330
AE6
102
}
330
AE6
100
AcDbXrecord
280
     1
290
     1
  0
XRECORD
  5
AE9
102
{ACAD_REACTORS
330
AE8
102
}
330
AE8
100
AcDbXrecord
280
     1
290
     1
  0
XRECORD
  5
AEB
102
{ACAD_REACTORS
330
AEA
102
}
330
AEA
100
AcDbXrecord
280
     1
290
     1
  0
XRECORD
  5
AED
102
{ACAD_REACTORS
330
AEC
102
}
330
AEC
100
AcDbXrecord
280
     1
290
     1
  0
XRECORD
  5
AEF
102
{ACAD_REACTORS
330
AEE
102
}
330
AEE
100
AcDbXrecord
280
     1
290
     1
  0
XRECORD
  5
AF1
102
{ACAD_REACTORS
330
AF0
102
}
330
AF0
100
AcDbXrecord
280
     1
290
     1
  0
XRECORD
  5
AF3
102
{ACAD_REACTORS
330
AF2
102
}
330
AF2
100
AcDbXrecord
280
     1
290
     1
  0
XRECORD
  5
AF5
102
{ACAD_REACTORS
330
AF4
102
}
330
AF4
100
AcDbXrecord
280
     1
290
     1
  0
XRECORD
  5
AF7
102
{ACAD_REACTORS
330
AF6
102
}
330
AF6
100
AcDbXrecord
280
     1
290
     1
  0
XRECORD
  5
AF9
102
{ACAD_REACTORS
330
AF8
102
}
330
AF8
100
AcDbXrecord
280
     1
290
     1
  0
XRECORD
  5
AFB
102
{ACAD_REACTORS
330
AFA
102
}
330
AFA
100
AcDbXrecord
280
     1
290
     1
  0
XRECORD
  5
AFD
102
{ACAD_REACTORS
330
AFC
102
}
330
AFC
100
AcDbXrecord
280
     1
290
     1
  0
XRECORD
  5
AFF
102
{ACAD_REACTORS
330
AFE
102
}
330
AFE
100
AcDbXrecord
280
     1
290
     1
  0
XRECORD
  5
B01
102
{ACAD_REACTORS
330
B00
102
}
330
B00
100
AcDbXrecord
280
     1
290
     1
  0
XRECORD
  5
B03
102
{ACAD_REACTORS
330
B02
102
}
330
B02
100
AcDbXrecord
280
     1
290
     1
  0
XRECORD
  5
B05
102
{ACAD_REACTORS
330
B04
102
}
330
B04
100
AcDbXrecord
280
     1
290
     1
  0
XRECORD
  5
B07
102
{ACAD_REACTORS
330
B06
102
}
330
B06
100
AcDbXrecord
280
     1
290
     1
  0
XRECORD
  5
B09
102
{ACAD_REACTORS
330
B08
102
}
330
B08
100
AcDbXrecord
280
     1
290
     1
  0
XRECORD
  5
B0B
102
{ACAD_REACTORS
330
B0A
102
}
330
B0A
100
AcDbXrecord
280
     1
290
     1
  0
XRECORD
  5
B0D
102
{ACAD_REACTORS
330
B0C
102
}
330
B0C
100
AcDbXrecord
280
     1
290
     1
  0
XRECORD
  5
B0F
102
{ACAD_REACTORS
330
B0E
102
}
330
B0E
100
AcDbXrecord
280
     1
290
     1
  0
XRECORD
  5
B11
102
{ACAD_REACTORS
330
B10
102
}
330
B10
100
AcDbXrecord
280
     1
290
     1
  0
XRECORD
  5
B13
102
{ACAD_REACTORS
330
B12
102
}
330
B12
100
AcDbXrecord
280
     1
290
     1
  0
XRECORD
  5
B15
102
{ACAD_REACTORS
330
B14
102
}
330
B14
100
AcDbXrecord
280
     1
290
     1
  0
XRECORD
  5
B17
102
{ACAD_REACTORS
330
B16
102
}
330
B16
100
AcDbXrecord
280
     1
290
     1
  0
XRECORD
  5
B19
102
{ACAD_REACTORS
330
B18
102
}
330
B18
100
AcDbXrecord
280
     1
290
     1
  0
XRECORD
  5
B1B
102
{ACAD_REACTORS
330
B1A
102
}
330
B1A
100
AcDbXrecord
280
     1
290
     1
  0
XRECORD
  5
B1D
102
{ACAD_REACTORS
330
B1C
102
}
330
B1C
100
AcDbXrecord
280
     1
290
     1
  0
XRECORD
  5
B1F
102
{ACAD_REACTORS
330
B1E
102
}
330
B1E
100
AcDbXrecord
280
     1
290
     1
  0
XRECORD
  5
B21
102
{ACAD_REACTORS
330
B20
102
}
330
B20
100
AcDbXrecord
280
     1
290
     1
  0
XRECORD
  5
B23
102
{ACAD_REACTORS
330
B22
102
}
330
B22
100
AcDbXrecord
280
     1
290
     1
  0
XRECORD
  5
B25
102
{ACAD_REACTORS
330
B24
102
}
330
B24
100
AcDbXrecord
280
     1
290
     1
  0
XRECORD
  5
B27
102
{ACAD_REACTORS
330
B26
102
}
330
B26
100
AcDbXrecord
280
     1
290
     1
  0
XRECORD
  5
B29
102
{ACAD_REACTORS
330
B28
102
}
330
B28
100
AcDbXrecord
280
     1
290
     1
  0
XRECORD
  5
B2B
102
{ACAD_REACTORS
330
B2A
102
}
330
B2A
100
AcDbXrecord
280
     1
290
     1
  0
XRECORD
  5
B2D
102
{ACAD_REACTORS
330
B2C
102
}
330
B2C
100
AcDbXrecord
280
     1
290
     1
  0
XRECORD
  5
B2F
102
{ACAD_REACTORS
330
B2E
102
}
330
B2E
100
AcDbXrecord
280
     1
290
     1
  0
XRECORD
  5
B31
102
{ACAD_REACTORS
330
B30
102
}
330
B30
100
AcDbXrecord
280
     1
290
     1
  0
XRECORD
  5
B33
102
{ACAD_REACTORS
330
B32
102
}
330
B32
100
AcDbXrecord
280
     1
290
     1
  0
XRECORD
  5
B35
102
{ACAD_REACTORS
330
B34
102
}
330
B34
100
AcDbXrecord
280
     1
290
     1
  0
XRECORD
  5
B37
102
{ACAD_REACTORS
330
B36
102
}
330
B36
100
AcDbXrecord
280
     1
290
     1
  0
XRECORD
  5
B39
102
{ACAD_REACTORS
330
B38
102
}
330
B38
100
AcDbXrecord
280
     1
290
     1
  0
XRECORD
  5
B3B
102
{ACAD_REACTORS
330
B3A
102
}
330
B3A
100
AcDbXrecord
280
     1
290
     1
  0
XRECORD
  5
B3D
102
{ACAD_REACTORS
330
B3C
102
}
330
B3C
100
AcDbXrecord
280
     1
290
     1
  0
XRECORD
  5
B3F
102
{ACAD_REACTORS
330
B3E
102
}
330
B3E
100
AcDbXrecord
280
     1
290
     1
  0
XRECORD
  5
B41
102
{ACAD_REACTORS
330
B40
102
}
330
B40
100
AcDbXrecord
280
     1
290
     1
  0
XRECORD
  5
B43
102
{ACAD_REACTORS
330
B42
102
}
330
B42
100
AcDbXrecord
280
     1
290
     1
  0
XRECORD
  5
B45
102
{ACAD_REACTORS
330
B44
102
}
330
B44
100
AcDbXrecord
280
     1
290
     1
  0
XRECORD
  5
B47
102
{ACAD_REACTORS
330
B46
102
}
330
B46
100
AcDbXrecord
280
     1
290
     1
  0
XRECORD
  5
B49
102
{ACAD_REACTORS
330
B48
102
}
330
B48
100
AcDbXrecord
280
     1
290
     1
  0
XRECORD
  5
B4B
102
{ACAD_REACTORS
330
B4A
102
}
330
B4A
100
AcDbXrecord
280
     1
290
     1
  0
XRECORD
  5
B4D
102
{ACAD_REACTORS
330
B4C
102
}
330
B4C
100
AcDbXrecord
280
     1
290
     1
  0
XRECORD
  5
B4F
102
{ACAD_REACTORS
330
B4E
102
}
330
B4E
100
AcDbXrecord
280
     1
290
     1
  0
XRECORD
  5
B51
102
{ACAD_REACTORS
330
B50
102
}
330
B50
100
AcDbXrecord
280
     1
290
     1
  0
XRECORD
  5
B53
102
{ACAD_REACTORS
330
B52
102
}
330
B52
100
AcDbXrecord
280
     1
290
     1
  0
XRECORD
  5
B55
102
{ACAD_REACTORS
330
B54
102
}
330
B54
100
AcDbXrecord
280
     1
290
     1
  0
XRECORD
  5
B57
102
{ACAD_REACTORS
330
B56
102
}
330
B56
100
AcDbXrecord
280
     1
290
     1
  0
XRECORD
  5
B59
102
{ACAD_REACTORS
330
B58
102
}
330
B58
100
AcDbXrecord
280
     1
290
     1
  0
XRECORD
  5
B5B
102
{ACAD_REACTORS
330
B5A
102
}
330
B5A
100
AcDbXrecord
280
     1
290
     1
  0
XRECORD
  5
B5D
102
{ACAD_REACTORS
330
B5C
102
}
330
B5C
100
AcDbXrecord
280
     1
290
     1
  0
XRECORD
  5
B5F
102
{ACAD_REACTORS
330
B5E
102
}
330
B5E
100
AcDbXrecord
280
     1
290
     1
  0
XRECORD
  5
B61
102
{ACAD_REACTORS
330
B60
102
}
330
B60
100
AcDbXrecord
280
     1
290
     1
  0
XRECORD
  5
B63
102
{ACAD_REACTORS
330
B62
102
}
330
B62
100
AcDbXrecord
280
     1
290
     1
  0
XRECORD
  5
B65
102
{ACAD_REACTORS
330
B64
102
}
330
B64
100
AcDbXrecord
280
     1
290
     1
  0
XRECORD
  5
B67
102
{ACAD_REACTORS
330
B66
102
}
330
B66
100
AcDbXrecord
280
     1
290
     1
  0
XRECORD
  5
B69
102
{ACAD_REACTORS
330
B68
102
}
330
B68
100
AcDbXrecord
280
     1
290
     1
  0
XRECORD
  5
B6B
102
{ACAD_REACTORS
330
B6A
102
}
330
B6A
100
AcDbXrecord
280
     1
290
     1
  0
XRECORD
  5
B6D
102
{ACAD_REACTORS
330
B6C
102
}
330
B6C
100
AcDbXrecord
280
     1
290
     1
  0
XRECORD
  5
B6F
102
{ACAD_REACTORS
330
B6E
102
}
330
B6E
100
AcDbXrecord
280
     1
290
     1
  0
XRECORD
  5
B71
102
{ACAD_REACTORS
330
B70
102
}
330
B70
100
AcDbXrecord
280
     1
290
     1
  0
XRECORD
  5
B73
102
{ACAD_REACTORS
330
B72
102
}
330
B72
100
AcDbXrecord
280
     1
290
     1
  0
XRECORD
  5
B75
102
{ACAD_REACTORS
330
B74
102
}
330
B74
100
AcDbXrecord
280
     1
290
     1
  0
XRECORD
  5
B77
102
{ACAD_REACTORS
330
B76
102
}
330
B76
100
AcDbXrecord
280
     1
290
     1
  0
XRECORD
  5
B79
102
{ACAD_REACTORS
330
B78
102
}
330
B78
100
AcDbXrecord
280
     1
290
     1
  0
XRECORD
  5
B7B
102
{ACAD_REACTORS
330
B7A
102
}
330
B7A
100
AcDbXrecord
280
     1
290
     1
  0
XRECORD
  5
B7D
102
{ACAD_REACTORS
330
B7C
102
}
330
B7C
100
AcDbXrecord
280
     1
290
     1
  0
XRECORD
  5
B7F
102
{ACAD_REACTORS
330
B7E
102
}
330
B7E
100
AcDbXrecord
280
     1
290
     1
  0
XRECORD
  5
B81
102
{ACAD_REACTORS
330
B80
102
}
330
B80
100
AcDbXrecord
280
     1
290
     1
  0
XRECORD
  5
B83
102
{ACAD_REACTORS
330
B82
102
}
330
B82
100
AcDbXrecord
280
     1
290
     1
  0
XRECORD
  5
B85
102
{ACAD_REACTORS
330
B84
102
}
330
B84
100
AcDbXrecord
280
     1
290
     1
  0
XRECORD
  5
B87
102
{ACAD_REACTORS
330
B86
102
}
330
B86
100
AcDbXrecord
280
     1
290
     1
  0
XRECORD
  5
B89
102
{ACAD_REACTORS
330
B88
102
}
330
B88
100
AcDbXrecord
280
     1
290
     1
  0
XRECORD
  5
B8B
102
{ACAD_REACTORS
330
B8A
102
}
330
B8A
100
AcDbXrecord
280
     1
290
     1
  0
XRECORD
  5
B8D
102
{ACAD_REACTORS
330
B8C
102
}
330
B8C
100
AcDbXrecord
280
     1
290
     1
  0
XRECORD
  5
B8F
102
{ACAD_REACTORS
330
B8E
102
}
330
B8E
100
AcDbXrecord
280
     1
290
     1
  0
XRECORD
  5
B91
102
{ACAD_REACTORS
330
B90
102
}
330
B90
100
AcDbXrecord
280
     1
290
     1
  0
XRECORD
  5
B93
102
{ACAD_REACTORS
330
B92
102
}
330
B92
100
AcDbXrecord
280
     1
290
     1
  0
XRECORD
  5
B95
102
{ACAD_REACTORS
330
B94
102
}
330
B94
100
AcDbXrecord
280
     1
290
     1
  0
XRECORD
  5
B97
102
{ACAD_REACTORS
330
B96
102
}
330
B96
100
AcDbXrecord
280
     1
290
     1
  0
XRECORD
  5
B99
102
{ACAD_REACTORS
330
B98
102
}
330
B98
100
AcDbXrecord
280
     1
290
     1
  0
XRECORD
  5
B9B
102
{ACAD_REACTORS
330
B9A
102
}
330
B9A
100
AcDbXrecord
280
     1
290
     1
  0
XRECORD
  5
B9D
102
{ACAD_REACTORS
330
B9C
102
}
330
B9C
100
AcDbXrecord
280
     1
290
     1
  0
XRECORD
  5
B9F
102
{ACAD_REACTORS
330
B9E
102
}
330
B9E
100
AcDbXrecord
280
     1
290
     1
  0
XRECORD
  5
BA1
102
{ACAD_REACTORS
330
BA0
102
}
330
BA0
100
AcDbXrecord
280
     1
290
     1
  0
XRECORD
  5
BA3
102
{ACAD_REACTORS
330
BA2
102
}
330
BA2
100
AcDbXrecord
280
     1
290
     1
  0
XRECORD
  5
BA5
102
{ACAD_REACTORS
330
BA4
102
}
330
BA4
100
AcDbXrecord
280
     1
290
     1
  0
XRECORD
  5
BA7
102
{ACAD_REACTORS
330
BA6
102
}
330
BA6
100
AcDbXrecord
280
     1
290
     1
  0
XRECORD
  5
BA9
102
{ACAD_REACTORS
330
BA8
102
}
330
BA8
100
AcDbXrecord
280
     1
290
     1
  0
XRECORD
  5
BAB
102
{ACAD_REACTORS
330
BAA
102
}
330
BAA
100
AcDbXrecord
280
     1
290
     1
  0
XRECORD
  5
BAD
102
{ACAD_REACTORS
330
BAC
102
}
330
BAC
100
AcDbXrecord
280
     1
290
     1
  0
XRECORD
  5
BAF
102
{ACAD_REACTORS
330
BAE
102
}
330
BAE
100
AcDbXrecord
280
     1
290
     1
  0
XRECORD
  5
BB1
102
{ACAD_REACTORS
330
BB0
102
}
330
BB0
100
AcDbXrecord
280
     1
290
     1
  0
XRECORD
  5
BB3
102
{ACAD_REACTORS
330
BB2
102
}
330
BB2
100
AcDbXrecord
280
     1
290
     1
  0
XRECORD
  5
BB5
102
{ACAD_REACTORS
330
BB4
102
}
330
BB4
100
AcDbXrecord
280
     1
290
     1
  0
XRECORD
  5
BB7
102
{ACAD_REACTORS
330
BB6
102
}
330
BB6
100
AcDbXrecord
280
     1
290
     1
  0
XRECORD
  5
BB9
102
{ACAD_REACTORS
330
BB8
102
}
330
BB8
100
AcDbXrecord
280
     1
290
     1
  0
XRECORD
  5
BBB
102
{ACAD_REACTORS
330
BBA
102
}
330
BBA
100
AcDbXrecord
280
     1
290
     1
  0
XRECORD
  5
BBD
102
{ACAD_REACTORS
330
BBC
102
}
330
BBC
100
AcDbXrecord
280
     1
290
     1
  0
XRECORD
  5
BBF
102
{ACAD_REACTORS
330
BBE
102
}
330
BBE
100
AcDbXrecord
280
     1
290
     1
  0
XRECORD
  5
BC1
102
{ACAD_REACTORS
330
BC0
102
}
330
BC0
100
AcDbXrecord
280
     1
290
     1
  0
XRECORD
  5
BC3
102
{ACAD_REACTORS
330
BC2
102
}
330
BC2
100
AcDbXrecord
280
     1
290
     1
  0
XRECORD
  5
BC5
102
{ACAD_REACTORS
330
BC4
102
}
330
BC4
100
AcDbXrecord
280
     1
290
     1
  0
XRECORD
  5
BC7
102
{ACAD_REACTORS
330
BC6
102
}
330
BC6
100
AcDbXrecord
280
     1
290
     1
  0
XRECORD
  5
BC9
102
{ACAD_REACTORS
330
BC8
102
}
330
BC8
100
AcDbXrecord
280
     1
290
     1
  0
XRECORD
  5
BCB
102
{ACAD_REACTORS
330
BCA
102
}
330
BCA
100
AcDbXrecord
280
     1
290
     1
  0
XRECORD
  5
BCD
102
{ACAD_REACTORS
330
BCC
102
}
330
BCC
100
AcDbXrecord
280
     1
290
     1
  0
XRECORD
  5
BCF
102
{ACAD_REACTORS
330
BCE
102
}
330
BCE
100
AcDbXrecord
280
     1
290
     1
  0
XRECORD
  5
BD1
102
{ACAD_REACTORS
330
BD0
102
}
330
BD0
100
AcDbXrecord
280
     1
290
     1
  0
XRECORD
  5
BD3
102
{ACAD_REACTORS
330
BD2
102
}
330
BD2
100
AcDbXrecord
280
     1
290
     1
  0
XRECORD
  5
BD5
102
{ACAD_REACTORS
330
BD4
102
}
330
BD4
100
AcDbXrecord
280
     1
290
     1
  0
XRECORD
  5
BD7
102
{ACAD_REACTORS
330
BD6
102
}
330
BD6
100
AcDbXrecord
280
     1
290
     1
  0
XRECORD
  5
BD9
102
{ACAD_REACTORS
330
BD8
102
}
330
BD8
100
AcDbXrecord
280
     1
290
     1
  0
XRECORD
  5
BDB
102
{ACAD_REACTORS
330
BDA
102
}
330
BDA
100
AcDbXrecord
280
     1
290
     1
  0
XRECORD
  5
BDD
102
{ACAD_REACTORS
330
BDC
102
}
330
BDC
100
AcDbXrecord
280
     1
290
     1
  0
XRECORD
  5
BDF
102
{ACAD_REACTORS
330
BDE
102
}
330
BDE
100
AcDbXrecord
280
     1
290
     1
  0
XRECORD
  5
BE1
102
{ACAD_REACTORS
330
BE0
102
}
330
BE0
100
AcDbXrecord
280
     1
290
     1
  0
XRECORD
  5
BE3
102
{ACAD_REACTORS
330
BE2
102
}
330
BE2
100
AcDbXrecord
280
     1
290
     1
  0
XRECORD
  5
BE5
102
{ACAD_REACTORS
330
BE4
102
}
330
BE4
100
AcDbXrecord
280
     1
290
     1
  0
XRECORD
  5
BE7
102
{ACAD_REACTORS
330
BE6
102
}
330
BE6
100
AcDbXrecord
280
     1
290
     1
  0
XRECORD
  5
BE9
102
{ACAD_REACTORS
330
BE8
102
}
330
BE8
100
AcDbXrecord
280
     1
290
     1
  0
XRECORD
  5
BEB
102
{ACAD_REACTORS
330
BEA
102
}
330
BEA
100
AcDbXrecord
280
     1
290
     1
  0
XRECORD
  5
BED
102
{ACAD_REACTORS
330
BEC
102
}
330
BEC
100
AcDbXrecord
280
     1
290
     1
  0
XRECORD
  5
BEF
102
{ACAD_REACTORS
330
BEE
102
}
330
BEE
100
AcDbXrecord
280
     1
290
     1
  0
XRECORD
  5
BF1
102
{ACAD_REACTORS
330
BF0
102
}
330
BF0
100
AcDbXrecord
280
     1
290
     1
  0
XRECORD
  5
BF3
102
{ACAD_REACTORS
330
BF2
102
}
330
BF2
100
AcDbXrecord
280
     1
290
     1
  0
XRECORD
  5
BF5
102
{ACAD_REACTORS
330
BF4
102
}
330
BF4
100
AcDbXrecord
280
     1
290
     1
  0
XRECORD
  5
BF7
102
{ACAD_REACTORS
330
BF6
102
}
330
BF6
100
AcDbXrecord
280
     1
290
     1
  0
XRECORD
  5
BF9
102
{ACAD_REACTORS
330
BF8
102
}
330
BF8
100
AcDbXrecord
280
     1
290
     1
  0
XRECORD
  5
BFB
102
{ACAD_REACTORS
330
BFA
102
}
330
BFA
100
AcDbXrecord
280
     1
290
     1
  0
XRECORD
  5
BFD
102
{ACAD_REACTORS
330
BFC
102
}
330
BFC
100
AcDbXrecord
280
     1
290
     1
  0
XRECORD
  5
BFF
102
{ACAD_REACTORS
330
BFE
102
}
330
BFE
100
AcDbXrecord
280
     1
290
     1
  0
XRECORD
  5
C01
102
{ACAD_REACTORS
330
C00
102
}
330
C00
100
AcDbXrecord
280
     1
290
     1
  0
XRECORD
  5
C03
102
{ACAD_REACTORS
330
C02
102
}
330
C02
100
AcDbXrecord
280
     1
290
     1
  0
XRECORD
  5
C05
102
{ACAD_REACTORS
330
C04
102
}
330
C04
100
AcDbXrecord
280
     1
290
     1
  0
XRECORD
  5
C07
102
{ACAD_REACTORS
330
C06
102
}
330
C06
100
AcDbXrecord
280
     1
290
     1
  0
XRECORD
  5
C09
102
{ACAD_REACTORS
330
C08
102
}
330
C08
100
AcDbXrecord
280
     1
290
     1
  0
XRECORD
  5
C0B
102
{ACAD_REACTORS
330
C0A
102
}
330
C0A
100
AcDbXrecord
280
     1
290
     1
  0
XRECORD
  5
C0D
102
{ACAD_REACTORS
330
C0C
102
}
330
C0C
100
AcDbXrecord
280
     1
290
     1
  0
XRECORD
  5
C0F
102
{ACAD_REACTORS
330
C0E
102
}
330
C0E
100
AcDbXrecord
280
     1
290
     1
  0
XRECORD
  5
C11
102
{ACAD_REACTORS
330
C10
102
}
330
C10
100
AcDbXrecord
280
     1
290
     1
  0
XRECORD
  5
C13
102
{ACAD_REACTORS
330
C12
102
}
330
C12
100
AcDbXrecord
280
     1
290
     1
  0
XRECORD
  5
C15
102
{ACAD_REACTORS
330
C14
102
}
330
C14
100
AcDbXrecord
280
     1
290
     1
  0
XRECORD
  5
C17
102
{ACAD_REACTORS
330
C16
102
}
330
C16
100
AcDbXrecord
280
     1
290
     1
  0
XRECORD
  5
C19
102
{ACAD_REACTORS
330
C18
102
}
330
C18
100
AcDbXrecord
280
     1
290
     1
  0
XRECORD
  5
C1B
102
{ACAD_REACTORS
330
C1A
102
}
330
C1A
100
AcDbXrecord
280
     1
290
     1
  0
XRECORD
  5
C1D
102
{ACAD_REACTORS
330
C1C
102
}
330
C1C
100
AcDbXrecord
280
     1
290
     1
  0
XRECORD
  5
C1F
102
{ACAD_REACTORS
330
C1E
102
}
330
C1E
100
AcDbXrecord
280
     1
290
     1
  0
XRECORD
  5
C21
102
{ACAD_REACTORS
330
C20
102
}
330
C20
100
AcDbXrecord
280
     1
290
     1
  0
XRECORD
  5
C23
102
{ACAD_REACTORS
330
C22
102
}
330
C22
100
AcDbXrecord
280
     1
290
     1
  0
XRECORD
  5
C25
102
{ACAD_REACTORS
330
C24
102
}
330
C24
100
AcDbXrecord
280
     1
290
     1
  0
XRECORD
  5
C27
102
{ACAD_REACTORS
330
C26
102
}
330
C26
100
AcDbXrecord
280
     1
290
     1
  0
XRECORD
  5
C29
102
{ACAD_REACTORS
330
C28
102
}
330
C28
100
AcDbXrecord
280
     1
290
     1
  0
XRECORD
  5
C2B
102
{ACAD_REACTORS
330
C2A
102
}
330
C2A
100
AcDbXrecord
280
     1
290
     1
  0
XRECORD
  5
C2D
102
{ACAD_REACTORS
330
C2C
102
}
330
C2C
100
AcDbXrecord
280
     1
290
     1
  0
XRECORD
  5
C2F
102
{ACAD_REACTORS
330
C2E
102
}
330
C2E
100
AcDbXrecord
280
     1
290
     1
  0
XRECORD
  5
C31
102
{ACAD_REACTORS
330
C30
102
}
330
C30
100
AcDbXrecord
280
     1
290
     1
  0
XRECORD
  5
C33
102
{ACAD_REACTORS
330
C32
102
}
330
C32
100
AcDbXrecord
280
     1
290
     1
  0
XRECORD
  5
C35
102
{ACAD_REACTORS
330
C34
102
}
330
C34
100
AcDbXrecord
280
     1
290
     1
  0
XRECORD
  5
C37
102
{ACAD_REACTORS
330
C36
102
}
330
C36
100
AcDbXrecord
280
     1
290
     1
  0
XRECORD
  5
C39
102
{ACAD_REACTORS
330
C38
102
}
330
C38
100
AcDbXrecord
280
     1
290
     1
  0
XRECORD
  5
C3B
102
{ACAD_REACTORS
330
C3A
102
}
330
C3A
100
AcDbXrecord
280
     1
290
     1
  0
XRECORD
  5
C3D
102
{ACAD_REACTORS
330
C3C
102
}
330
C3C
100
AcDbXrecord
280
     1
290
     1
  0
XRECORD
  5
C3F
102
{ACAD_REACTORS
330
C3E
102
}
330
C3E
100
AcDbXrecord
280
     1
290
     1
  0
XRECORD
  5
C41
102
{ACAD_REACTORS
330
C40
102
}
330
C40
100
AcDbXrecord
280
     1
290
     1
  0
XRECORD
  5
C43
102
{ACAD_REACTORS
330
C42
102
}
330
C42
100
AcDbXrecord
280
     1
290
     1
  0
XRECORD
  5
C45
102
{ACAD_REACTORS
330
C44
102
}
330
C44
100
AcDbXrecord
280
     1
290
     1
  0
XRECORD
  5
C47
102
{ACAD_REACTORS
330
C46
102
}
330
C46
100
AcDbXrecord
280
     1
290
     1
  0
XRECORD
  5
C49
102
{ACAD_REACTORS
330
C48
102
}
330
C48
100
AcDbXrecord
280
     1
290
     1
  0
XRECORD
  5
C4B
102
{ACAD_REACTORS
330
C4A
102
}
330
C4A
100
AcDbXrecord
280
     1
290
     1
  0
XRECORD
  5
C4D
102
{ACAD_REACTORS
330
C4C
102
}
330
C4C
100
AcDbXrecord
280
     1
290
     1
  0
XRECORD
  5
C4F
102
{ACAD_REACTORS
330
C4E
102
}
330
C4E
100
AcDbXrecord
280
     1
290
     1
  0
XRECORD
  5
C51
102
{ACAD_REACTORS
330
C50
102
}
330
C50
100
AcDbXrecord
280
     1
290
     1
  0
XRECORD
  5
C53
102
{ACAD_REACTORS
330
C52
102
}
330
C52
100
AcDbXrecord
280
     1
290
     1
  0
XRECORD
  5
C55
102
{ACAD_REACTORS
330
C54
102
}
330
C54
100
AcDbXrecord
280
     1
290
     1
  0
XRECORD
  5
C57
102
{ACAD_REACTORS
330
C56
102
}
330
C56
100
AcDbXrecord
280
     1
290
     1
  0
XRECORD
  5
C59
102
{ACAD_REACTORS
330
C58
102
}
330
C58
100
AcDbXrecord
280
     1
290
     1
  0
XRECORD
  5
C5B
102
{ACAD_REACTORS
330
C5A
102
}
330
C5A
100
AcDbXrecord
280
     1
290
     1
  0
XRECORD
  5
C5D
102
{ACAD_REACTORS
330
C5C
102
}
330
C5C
100
AcDbXrecord
280
     1
290
     1
  0
XRECORD
  5
C5F
102
{ACAD_REACTORS
330
C5E
102
}
330
C5E
100
AcDbXrecord
280
     1
290
     1
  0
XRECORD
  5
C61
102
{ACAD_REACTORS
330
C60
102
}
330
C60
100
AcDbXrecord
280
     1
290
     1
  0
XRECORD
  5
C63
102
{ACAD_REACTORS
330
C62
102
}
330
C62
100
AcDbXrecord
280
     1
290
     1
  0
XRECORD
  5
C65
102
{ACAD_REACTORS
330
C64
102
}
330
C64
100
AcDbXrecord
280
     1
290
     1
  0
XRECORD
  5
C67
102
{ACAD_REACTORS
330
C66
102
}
330
C66
100
AcDbXrecord
280
     1
290
     1
  0
XRECORD
  5
C69
102
{ACAD_REACTORS
330
C68
102
}
330
C68
100
AcDbXrecord
280
     1
290
     1
  0
XRECORD
  5
C6B
102
{ACAD_REACTORS
330
C6A
102
}
330
C6A
100
AcDbXrecord
280
     1
290
     1
  0
XRECORD
  5
C6D
102
{ACAD_REACTORS
330
C6C
102
}
330
C6C
100
AcDbXrecord
280
     1
290
     1
  0
XRECORD
  5
C6F
102
{ACAD_REACTORS
330
C6E
102
}
330
C6E
100
AcDbXrecord
280
     1
290
     1
  0
XRECORD
  5
C71
102
{ACAD_REACTORS
330
C70
102
}
330
C70
100
AcDbXrecord
280
     1
290
     1
  0
XRECORD
  5
C73
102
{ACAD_REACTORS
330
C72
102
}
330
C72
100
AcDbXrecord
280
     1
290
     1
  0
XRECORD
  5
C75
102
{ACAD_REACTORS
330
C74
102
}
330
C74
100
AcDbXrecord
280
     1
290
     1
  0
XRECORD
  5
C77
102
{ACAD_REACTORS
330
C76
102
}
330
C76
100
AcDbXrecord
280
     1
290
     1
  0
XRECORD
  5
C79
102
{ACAD_REACTORS
330
C78
102
}
330
C78
100
AcDbXrecord
280
     1
290
     1
  0
XRECORD
  5
C7B
102
{ACAD_REACTORS
330
C7A
102
}
330
C7A
100
AcDbXrecord
280
     1
290
     1
  0
XRECORD
  5
C7D
102
{ACAD_REACTORS
330
C7C
102
}
330
C7C
100
AcDbXrecord
280
     1
290
     1
  0
XRECORD
  5
C7F
102
{ACAD_REACTORS
330
C7E
102
}
330
C7E
100
AcDbXrecord
280
     1
290
     1
  0
XRECORD
  5
C81
102
{ACAD_REACTORS
330
C80
102
}
330
C80
100
AcDbXrecord
280
     1
290
     1
  0
XRECORD
  5
C83
102
{ACAD_REACTORS
330
C82
102
}
330
C82
100
AcDbXrecord
280
     1
290
     1
  0
XRECORD
  5
C85
102
{ACAD_REACTORS
330
C84
102
}
330
C84
100
AcDbXrecord
280
     1
290
     1
  0
XRECORD
  5
C87
102
{ACAD_REACTORS
330
C86
102
}
330
C86
100
AcDbXrecord
280
     1
290
     1
  0
XRECORD
  5
C89
102
{ACAD_REACTORS
330
C88
102
}
330
C88
100
AcDbXrecord
280
     1
290
     1
  0
XRECORD
  5
C8B
102
{ACAD_REACTORS
330
C8A
102
}
330
C8A
100
AcDbXrecord
280
     1
290
     1
  0
XRECORD
  5
C8D
102
{ACAD_REACTORS
330
C8C
102
}
330
C8C
100
AcDbXrecord
280
     1
290
     1
  0
XRECORD
  5
C8F
102
{ACAD_REACTORS
330
C8E
102
}
330
C8E
100
AcDbXrecord
280
     1
290
     1
  0
XRECORD
  5
C91
102
{ACAD_REACTORS
330
C90
102
}
330
C90
100
AcDbXrecord
280
     1
290
     1
  0
XRECORD
  5
C93
102
{ACAD_REACTORS
330
C92
102
}
330
C92
100
AcDbXrecord
280
     1
290
     1
  0
XRECORD
  5
C95
102
{ACAD_REACTORS
330
C94
102
}
330
C94
100
AcDbXrecord
280
     1
290
     1
  0
XRECORD
  5
C97
102
{ACAD_REACTORS
330
C96
102
}
330
C96
100
AcDbXrecord
280
     1
290
     1
  0
XRECORD
  5
C99
102
{ACAD_REACTORS
330
C98
102
}
330
C98
100
AcDbXrecord
280
     1
290
     1
  0
XRECORD
  5
C9B
102
{ACAD_REACTORS
330
C9A
102
}
330
C9A
100
AcDbXrecord
280
     1
290
     1
  0
XRECORD
  5
C9D
102
{ACAD_REACTORS
330
C9C
102
}
330
C9C
100
AcDbXrecord
280
     1
290
     1
  0
XRECORD
  5
C9F
102
{ACAD_REACTORS
330
C9E
102
}
330
C9E
100
AcDbXrecord
280
     1
290
     1
  0
XRECORD
  5
CA1
102
{ACAD_REACTORS
330
CA0
102
}
330
CA0
100
AcDbXrecord
280
     1
290
     1
  0
XRECORD
  5
CA3
102
{ACAD_REACTORS
330
CA2
102
}
330
CA2
100
AcDbXrecord
280
     1
290
     1
  0
XRECORD
  5
CA5
102
{ACAD_REACTORS
330
CA4
102
}
330
CA4
100
AcDbXrecord
280
     1
290
     1
  0
XRECORD
  5
CA7
102
{ACAD_REACTORS
330
CA6
102
}
330
CA6
100
AcDbXrecord
280
     1
290
     1
  0
XRECORD
  5
CA9
102
{ACAD_REACTORS
330
CA8
102
}
330
CA8
100
AcDbXrecord
280
     1
290
     1
  0
XRECORD
  5
CAB
102
{ACAD_REACTORS
330
CAA
102
}
330
CAA
100
AcDbXrecord
280
     1
290
     1
  0
XRECORD
  5
CAD
102
{ACAD_REACTORS
330
CAC
102
}
330
CAC
100
AcDbXrecord
280
     1
290
     1
  0
XRECORD
  5
CAF
102
{ACAD_REACTORS
330
CAE
102
}
330
CAE
100
AcDbXrecord
280
     1
290
     1
  0
XRECORD
  5
CB1
102
{ACAD_REACTORS
330
CB0
102
}
330
CB0
100
AcDbXrecord
280
     1
290
     1
  0
XRECORD
  5
CB3
102
{ACAD_REACTORS
330
CB2
102
}
330
CB2
100
AcDbXrecord
280
     1
290
     1
  0
XRECORD
  5
CB5
102
{ACAD_REACTORS
330
CB4
102
}
330
CB4
100
AcDbXrecord
280
     1
290
     1
  0
XRECORD
  5
CB7
102
{ACAD_REACTORS
330
CB6
102
}
330
CB6
100
AcDbXrecord
280
     1
290
     1
  0
XRECORD
  5
CB9
102
{ACAD_REACTORS
330
CB8
102
}
330
CB8
100
AcDbXrecord
280
     1
290
     1
  0
XRECORD
  5
CBB
102
{ACAD_REACTORS
330
CBA
102
}
330
CBA
100
AcDbXrecord
280
     1
290
     1
  0
XRECORD
  5
CBD
102
{ACAD_REACTORS
330
CBC
102
}
330
CBC
100
AcDbXrecord
280
     1
290
     1
  0
XRECORD
  5
CBF
102
{ACAD_REACTORS
330
CBE
102
}
330
CBE
100
AcDbXrecord
280
     1
290
     1
  0
XRECORD
  5
CC1
102
{ACAD_REACTORS
330
CC0
102
}
330
CC0
100
AcDbXrecord
280
     1
290
     1
  0
XRECORD
  5
CC3
102
{ACAD_REACTORS
330
CC2
102
}
330
CC2
100
AcDbXrecord
280
     1
290
     1
  0
XRECORD
  5
CC5
102
{ACAD_REACTORS
330
CC4
102
}
330
CC4
100
AcDbXrecord
280
     1
290
     1
  0
XRECORD
  5
CC7
102
{ACAD_REACTORS
330
CC6
102
}
330
CC6
100
AcDbXrecord
280
     1
290
     1
  0
XRECORD
  5
CC9
102
{ACAD_REACTORS
330
CC8
102
}
330
CC8
100
AcDbXrecord
280
     1
290
     1
  0
XRECORD
  5
CCB
102
{ACAD_REACTORS
330
CCA
102
}
330
CCA
100
AcDbXrecord
280
     1
290
     1
  0
XRECORD
  5
CCD
102
{ACAD_REACTORS
330
CCC
102
}
330
CCC
100
AcDbXrecord
280
     1
290
     1
  0
XRECORD
  5
CCF
102
{ACAD_REACTORS
330
CCE
102
}
330
CCE
100
AcDbXrecord
280
     1
290
     1
  0
XRECORD
  5
CD1
102
{ACAD_REACTORS
330
CD0
102
}
330
CD0
100
AcDbXrecord
280
     1
290
     1
  0
XRECORD
  5
CD3
102
{ACAD_REACTORS
330
CD2
102
}
330
CD2
100
AcDbXrecord
280
     1
290
     1
  0
XRECORD
  5
CD5
102
{ACAD_REACTORS
330
CD4
102
}
330
CD4
100
AcDbXrecord
280
     1
290
     1
  0
XRECORD
  5
CD7
102
{ACAD_REACTORS
330
CD6
102
}
330
CD6
100
AcDbXrecord
280
     1
290
     1
  0
XRECORD
  5
CD9
102
{ACAD_REACTORS
330
CD8
102
}
330
CD8
100
AcDbXrecord
280
     1
290
     1
  0
XRECORD
  5
CDB
102
{ACAD_REACTORS
330
CDA
102
}
330
CDA
100
AcDbXrecord
280
     1
290
     1
  0
XRECORD
  5
CDD
102
{ACAD_REACTORS
330
CDC
102
}
330
CDC
100
AcDbXrecord
280
     1
290
     1
  0
XRECORD
  5
CDF
102
{ACAD_REACTORS
330
CDE
102
}
330
CDE
100
AcDbXrecord
280
     1
290
     1
  0
XRECORD
  5
CE1
102
{ACAD_REACTORS
330
CE0
102
}
330
CE0
100
AcDbXrecord
280
     1
290
     1
  0
XRECORD
  5
CE3
102
{ACAD_REACTORS
330
CE2
102
}
330
CE2
100
AcDbXrecord
280
     1
290
     1
  0
XRECORD
  5
CE5
102
{ACAD_REACTORS
330
CE4
102
}
330
CE4
100
AcDbXrecord
280
     1
290
     1
  0
XRECORD
  5
CE7
102
{ACAD_REACTORS
330
CE6
102
}
330
CE6
100
AcDbXrecord
280
     1
290
     1
  0
XRECORD
  5
CE9
102
{ACAD_REACTORS
330
CE8
102
}
330
CE8
100
AcDbXrecord
280
     1
290
     1
  0
XRECORD
  5
CEB
102
{ACAD_REACTORS
330
CEA
102
}
330
CEA
100
AcDbXrecord
280
     1
290
     1
  0
XRECORD
  5
CED
102
{ACAD_REACTORS
330
CEC
102
}
330
CEC
100
AcDbXrecord
280
     1
290
     1
  0
XRECORD
  5
CEF
102
{ACAD_REACTORS
330
CEE
102
}
330
CEE
100
AcDbXrecord
280
     1
290
     1
  0
XRECORD
  5
CF1
102
{ACAD_REACTORS
330
CF0
102
}
330
CF0
100
AcDbXrecord
280
     1
290
     1
  0
XRECORD
  5
CF3
102
{ACAD_REACTORS
330
CF2
102
}
330
CF2
100
AcDbXrecord
280
     1
290
     1
  0
XRECORD
  5
CF5
102
{ACAD_REACTORS
330
CF4
102
}
330
CF4
100
AcDbXrecord
280
     1
290
     1
  0
XRECORD
  5
CF7
102
{ACAD_REACTORS
330
CF6
102
}
330
CF6
100
AcDbXrecord
280
     1
290
     1
  0
XRECORD
  5
CF9
102
{ACAD_REACTORS
330
CF8
102
}
330
CF8
100
AcDbXrecord
280
     1
290
     1
  0
XRECORD
  5
CFB
102
{ACAD_REACTORS
330
CFA
102
}
330
CFA
100
AcDbXrecord
280
     1
290
     1
  0
XRECORD
  5
CFD
102
{ACAD_REACTORS
330
CFC
102
}
330
CFC
100
AcDbXrecord
280
     1
290
     1
  0
XRECORD
  5
CFF
102
{ACAD_REACTORS
330
CFE
102
}
330
CFE
100
AcDbXrecord
280
     1
290
     1
  0
XRECORD
  5
D01
102
{ACAD_REACTORS
330
D00
102
}
330
D00
100
AcDbXrecord
280
     1
290
     1
  0
XRECORD
  5
D03
102
{ACAD_REACTORS
330
D02
102
}
330
D02
100
AcDbXrecord
280
     1
290
     1
  0
XRECORD
  5
D05
102
{ACAD_REACTORS
330
D04
102
}
330
D04
100
AcDbXrecord
280
     1
290
     1
  0
XRECORD
  5
D07
102
{ACAD_REACTORS
330
D06
102
}
330
D06
100
AcDbXrecord
280
     1
290
     1
  0
XRECORD
  5
D09
102
{ACAD_REACTORS
330
D08
102
}
330
D08
100
AcDbXrecord
280
     1
290
     1
  0
XRECORD
  5
D0B
102
{ACAD_REACTORS
330
D0A
102
}
330
D0A
100
AcDbXrecord
280
     1
290
     1
  0
XRECORD
  5
D0D
102
{ACAD_REACTORS
330
D0C
102
}
330
D0C
100
AcDbXrecord
280
     1
290
     1
  0
XRECORD
  5
D0F
102
{ACAD_REACTORS
330
D0E
102
}
330
D0E
100
AcDbXrecord
280
     1
290
     1
  0
XRECORD
  5
D11
102
{ACAD_REACTORS
330
D10
102
}
330
D10
100
AcDbXrecord
280
     1
290
     1
  0
XRECORD
  5
D13
102
{ACAD_REACTORS
330
D12
102
}
330
D12
100
AcDbXrecord
280
     1
290
     1
  0
XRECORD
  5
D15
102
{ACAD_REACTORS
330
D14
102
}
330
D14
100
AcDbXrecord
280
     1
290
     1
  0
XRECORD
  5
D17
102
{ACAD_REACTORS
330
D16
102
}
330
D16
100
AcDbXrecord
280
     1
290
     1
  0
XRECORD
  5
D19
102
{ACAD_REACTORS
330
D18
102
}
330
D18
100
AcDbXrecord
280
     1
290
     1
  0
XRECORD
  5
D1B
102
{ACAD_REACTORS
330
D1A
102
}
330
D1A
100
AcDbXrecord
280
     1
290
     1
  0
XRECORD
  5
D1D
102
{ACAD_REACTORS
330
D1C
102
}
330
D1C
100
AcDbXrecord
280
     1
290
     1
  0
XRECORD
  5
D1F
102
{ACAD_REACTORS
330
D1E
102
}
330
D1E
100
AcDbXrecord
280
     1
290
     1
  0
XRECORD
  5
D21
102
{ACAD_REACTORS
330
D20
102
}
330
D20
100
AcDbXrecord
280
     1
290
     1
  0
XRECORD
  5
D23
102
{ACAD_REACTORS
330
D22
102
}
330
D22
100
AcDbXrecord
280
     1
290
     1
  0
XRECORD
  5
D25
102
{ACAD_REACTORS
330
D24
102
}
330
D24
100
AcDbXrecord
280
     1
290
     1
  0
XRECORD
  5
D27
102
{ACAD_REACTORS
330
D26
102
}
330
D26
100
AcDbXrecord
280
     1
290
     1
  0
XRECORD
  5
D29
102
{ACAD_REACTORS
330
D28
102
}
330
D28
100
AcDbXrecord
280
     1
290
     1
  0
XRECORD
  5
D2B
102
{ACAD_REACTORS
330
D2A
102
}
330
D2A
100
AcDbXrecord
280
     1
290
     1
  0
XRECORD
  5
D2D
102
{ACAD_REACTORS
330
D2C
102
}
330
D2C
100
AcDbXrecord
280
     1
290
     1
  0
XRECORD
  5
D2F
102
{ACAD_REACTORS
330
D2E
102
}
330
D2E
100
AcDbXrecord
280
     1
290
     1
  0
XRECORD
  5
D31
102
{ACAD_REACTORS
330
D30
102
}
330
D30
100
AcDbXrecord
280
     1
290
     1
  0
XRECORD
  5
D33
102
{ACAD_REACTORS
330
D32
102
}
330
D32
100
AcDbXrecord
280
     1
290
     1
  0
XRECORD
  5
D35
102
{ACAD_REACTORS
330
D34
102
}
330
D34
100
AcDbXrecord
280
     1
290
     1
  0
XRECORD
  5
D37
102
{ACAD_REACTORS
330
D36
102
}
330
D36
100
AcDbXrecord
280
     1
290
     1
  0
XRECORD
  5
D39
102
{ACAD_REACTORS
330
D38
102
}
330
D38
100
AcDbXrecord
280
     1
290
     1
  0
XRECORD
  5
D3B
102
{ACAD_REACTORS
330
D3A
102
}
330
D3A
100
AcDbXrecord
280
     1
290
     1
  0
XRECORD
  5
D3D
102
{ACAD_REACTORS
330
D3C
102
}
330
D3C
100
AcDbXrecord
280
     1
290
     1
  0
XRECORD
  5
D3F
102
{ACAD_REACTORS
330
D3E
102
}
330
D3E
100
AcDbXrecord
280
     1
290
     1
  0
XRECORD
  5
D41
102
{ACAD_REACTORS
330
D40
102
}
330
D40
100
AcDbXrecord
280
     1
290
     1
  0
XRECORD
  5
D43
102
{ACAD_REACTORS
330
D42
102
}
330
D42
100
AcDbXrecord
280
     1
290
     1
  0
XRECORD
  5
D45
102
{ACAD_REACTORS
330
D44
102
}
330
D44
100
AcDbXrecord
280
     1
290
     1
  0
XRECORD
  5
D47
102
{ACAD_REACTORS
330
D46
102
}
330
D46
100
AcDbXrecord
280
     1
290
     1
  0
XRECORD
  5
D49
102
{ACAD_REACTORS
330
D48
102
}
330
D48
100
AcDbXrecord
280
     1
290
     1
  0
XRECORD
  5
D4B
102
{ACAD_REACTORS
330
D4A
102
}
330
D4A
100
AcDbXrecord
280
     1
290
     1
  0
XRECORD
  5
D4D
102
{ACAD_REACTORS
330
D4C
102
}
330
D4C
100
AcDbXrecord
280
     1
290
     1
  0
XRECORD
  5
D4F
102
{ACAD_REACTORS
330
D4E
102
}
330
D4E
100
AcDbXrecord
280
     1
290
     1
  0
XRECORD
  5
D51
102
{ACAD_REACTORS
330
D50
102
}
330
D50
100
AcDbXrecord
280
     1
290
     1
  0
XRECORD
  5
D53
102
{ACAD_REACTORS
330
D52
102
}
330
D52
100
AcDbXrecord
280
     1
290
     1
  0
XRECORD
  5
D55
102
{ACAD_REACTORS
330
D54
102
}
330
D54
100
AcDbXrecord
280
     1
290
     1
  0
XRECORD
  5
D57
102
{ACAD_REACTORS
330
D56
102
}
330
D56
100
AcDbXrecord
280
     1
290
     1
  0
XRECORD
  5
D59
102
{ACAD_REACTORS
330
D58
102
}
330
D58
100
AcDbXrecord
280
     1
290
     1
  0
XRECORD
  5
D5B
102
{ACAD_REACTORS
330
D5A
102
}
330
D5A
100
AcDbXrecord
280
     1
290
     1
  0
XRECORD
  5
D5D
102
{ACAD_REACTORS
330
D5C
102
}
330
D5C
100
AcDbXrecord
280
     1
290
     1
  0
XRECORD
  5
D5F
102
{ACAD_REACTORS
330
D5E
102
}
330
D5E
100
AcDbXrecord
280
     1
290
     1
  0
XRECORD
  5
D61
102
{ACAD_REACTORS
330
D60
102
}
330
D60
100
AcDbXrecord
280
     1
290
     1
  0
XRECORD
  5
D63
102
{ACAD_REACTORS
330
D62
102
}
330
D62
100
AcDbXrecord
280
     1
290
     1
  0
XRECORD
  5
D65
102
{ACAD_REACTORS
330
D64
102
}
330
D64
100
AcDbXrecord
280
     1
290
     1
  0
XRECORD
  5
D67
102
{ACAD_REACTORS
330
D66
102
}
330
D66
100
AcDbXrecord
280
     1
290
     1
  0
XRECORD
  5
D69
102
{ACAD_REACTORS
330
D68
102
}
330
D68
100
AcDbXrecord
280
     1
290
     1
  0
XRECORD
  5
D6B
102
{ACAD_REACTORS
330
D6A
102
}
330
D6A
100
AcDbXrecord
280
     1
290
     1
  0
XRECORD
  5
D6D
102
{ACAD_REACTORS
330
D6C
102
}
330
D6C
100
AcDbXrecord
280
     1
290
     1
  0
XRECORD
  5
D6F
102
{ACAD_REACTORS
330
D6E
102
}
330
D6E
100
AcDbXrecord
280
     1
290
     1
  0
XRECORD
  5
D71
102
{ACAD_REACTORS
330
D70
102
}
330
D70
100
AcDbXrecord
280
     1
290
     1
  0
XRECORD
  5
D73
102
{ACAD_REACTORS
330
D72
102
}
330
D72
100
AcDbXrecord
280
     1
290
     1
  0
XRECORD
  5
D75
102
{ACAD_REACTORS
330
D74
102
}
330
D74
100
AcDbXrecord
280
     1
290
     1
  0
XRECORD
  5
D77
102
{ACAD_REACTORS
330
D76
102
}
330
D76
100
AcDbXrecord
280
     1
290
     1
  0
XRECORD
  5
D79
102
{ACAD_REACTORS
330
D78
102
}
330
D78
100
AcDbXrecord
280
     1
290
     1
  0
XRECORD
  5
D7B
102
{ACAD_REACTORS
330
D7A
102
}
330
D7A
100
AcDbXrecord
280
     1
290
     1
  0
XRECORD
  5
D7D
102
{ACAD_REACTORS
330
D7C
102
}
330
D7C
100
AcDbXrecord
280
     1
290
     1
  0
XRECORD
  5
D7F
102
{ACAD_REACTORS
330
D7E
102
}
330
D7E
100
AcDbXrecord
280
     1
290
     1
  0
XRECORD
  5
D81
102
{ACAD_REACTORS
330
D80
102
}
330
D80
100
AcDbXrecord
280
     1
290
     1
  0
XRECORD
  5
D83
102
{ACAD_REACTORS
330
D82
102
}
330
D82
100
AcDbXrecord
280
     1
290
     1
  0
XRECORD
  5
D85
102
{ACAD_REACTORS
330
D84
102
}
330
D84
100
AcDbXrecord
280
     1
290
     1
  0
XRECORD
  5
D87
102
{ACAD_REACTORS
330
D86
102
}
330
D86
100
AcDbXrecord
280
     1
290
     1
  0
XRECORD
  5
D89
102
{ACAD_REACTORS
330
D88
102
}
330
D88
100
AcDbXrecord
280
     1
290
     1
  0
XRECORD
  5
D8B
102
{ACAD_REACTORS
330
D8A
102
}
330
D8A
100
AcDbXrecord
280
     1
290
     1
  0
XRECORD
  5
D8D
102
{ACAD_REACTORS
330
D8C
102
}
330
D8C
100
AcDbXrecord
280
     1
290
     1
  0
XRECORD
  5
D8F
102
{ACAD_REACTORS
330
D8E
102
}
330
D8E
100
AcDbXrecord
280
     1
290
     1
  0
XRECORD
  5
D91
102
{ACAD_REACTORS
330
D90
102
}
330
D90
100
AcDbXrecord
280
     1
290
     1
  0
XRECORD
  5
D93
102
{ACAD_REACTORS
330
D92
102
}
330
D92
100
AcDbXrecord
280
     1
290
     1
  0
XRECORD
  5
D95
102
{ACAD_REACTORS
330
D94
102
}
330
D94
100
AcDbXrecord
280
     1
290
     1
  0
XRECORD
  5
D97
102
{ACAD_REACTORS
330
D96
102
}
330
D96
100
AcDbXrecord
280
     1
290
     1
  0
XRECORD
  5
D99
102
{ACAD_REACTORS
330
D98
102
}
330
D98
100
AcDbXrecord
280
     1
290
     1
  0
XRECORD
  5
D9B
102
{ACAD_REACTORS
330
D9A
102
}
330
D9A
100
AcDbXrecord
280
     1
290
     1
  0
XRECORD
  5
D9D
102
{ACAD_REACTORS
330
D9C
102
}
330
D9C
100
AcDbXrecord
280
     1
290
     1
  0
XRECORD
  5
D9F
102
{ACAD_REACTORS
330
D9E
102
}
330
D9E
100
AcDbXrecord
280
     1
290
     1
  0
XRECORD
  5
DA1
102
{ACAD_REACTORS
330
DA0
102
}
330
DA0
100
AcDbXrecord
280
     1
290
     1
  0
XRECORD
  5
DA3
102
{ACAD_REACTORS
330
DA2
102
}
330
DA2
100
AcDbXrecord
280
     1
290
     1
  0
XRECORD
  5
DA5
102
{ACAD_REACTORS
330
DA4
102
}
330
DA4
100
AcDbXrecord
280
     1
290
     1
  0
XRECORD
  5
DA7
102
{ACAD_REACTORS
330
DA6
102
}
330
DA6
100
AcDbXrecord
280
     1
290
     1
  0
XRECORD
  5
DA9
102
{ACAD_REACTORS
330
DA8
102
}
330
DA8
100
AcDbXrecord
280
     1
290
     1
  0
XRECORD
  5
DAB
102
{ACAD_REACTORS
330
DAA
102
}
330
DAA
100
AcDbXrecord
280
     1
290
     1
  0
XRECORD
  5
DAD
102
{ACAD_REACTORS
330
DAC
102
}
330
DAC
100
AcDbXrecord
280
     1
290
     1
  0
XRECORD
  5
DAF
102
{ACAD_REACTORS
330
DAE
102
}
330
DAE
100
AcDbXrecord
280
     1
290
     1
  0
XRECORD
  5
DB1
102
{ACAD_REACTORS
330
DB0
102
}
330
DB0
100
AcDbXrecord
280
     1
290
     1
  0
XRECORD
  5
DB3
102
{ACAD_REACTORS
330
DB2
102
}
330
DB2
100
AcDbXrecord
280
     1
290
     1
  0
XRECORD
  5
DB5
102
{ACAD_REACTORS
330
DB4
102
}
330
DB4
100
AcDbXrecord
280
     1
290
     1
  0
XRECORD
  5
DB7
102
{ACAD_REACTORS
330
DB6
102
}
330
DB6
100
AcDbXrecord
280
     1
290
     1
  0
XRECORD
  5
DB9
102
{ACAD_REACTORS
330
DB8
102
}
330
DB8
100
AcDbXrecord
280
     1
290
     1
  0
XRECORD
  5
DBB
102
{ACAD_REACTORS
330
DBA
102
}
330
DBA
100
AcDbXrecord
280
     1
290
     1
  0
XRECORD
  5
DBD
102
{ACAD_REACTORS
330
DBC
102
}
330
DBC
100
AcDbXrecord
280
     1
290
     1
  0
XRECORD
  5
DBF
102
{ACAD_REACTORS
330
DBE
102
}
330
DBE
100
AcDbXrecord
280
     1
290
     1
  0
XRECORD
  5
DC1
102
{ACAD_REACTORS
330
DC0
102
}
330
DC0
100
AcDbXrecord
280
     1
290
     1
  0
XRECORD
  5
DC3
102
{ACAD_REACTORS
330
DC2
102
}
330
DC2
100
AcDbXrecord
280
     1
290
     1
  0
XRECORD
  5
DC5
102
{ACAD_REACTORS
330
DC4
102
}
330
DC4
100
AcDbXrecord
280
     1
290
     1
  0
XRECORD
  5
DC7
102
{ACAD_REACTORS
330
DC6
102
}
330
DC6
100
AcDbXrecord
280
     1
290
     1
  0
XRECORD
  5
DC9
102
{ACAD_REACTORS
330
DC8
102
}
330
DC8
100
AcDbXrecord
280
     1
290
     1
  0
XRECORD
  5
DCB
102
{ACAD_REACTORS
330
DCA
102
}
330
DCA
100
AcDbXrecord
280
     1
290
     1
  0
XRECORD
  5
DCD
102
{ACAD_REACTORS
330
DCC
102
}
330
DCC
100
AcDbXrecord
280
     1
290
     1
  0
XRECORD
  5
DCF
102
{ACAD_REACTORS
330
DCE
102
}
330
DCE
100
AcDbXrecord
280
     1
290
     1
  0
XRECORD
  5
DD1
102
{ACAD_REACTORS
330
DD0
102
}
330
DD0
100
AcDbXrecord
280
     1
290
     1
  0
XRECORD
  5
DD3
102
{ACAD_REACTORS
330
DD2
102
}
330
DD2
100
AcDbXrecord
280
     1
290
     1
  0
XRECORD
  5
DD5
102
{ACAD_REACTORS
330
DD4
102
}
330
DD4
100
AcDbXrecord
280
     1
290
     1
  0
XRECORD
  5
DD7
102
{ACAD_REACTORS
330
DD6
102
}
330
DD6
100
AcDbXrecord
280
     1
290
     1
  0
XRECORD
  5
DD9
102
{ACAD_REACTORS
330
DD8
102
}
330
DD8
100
AcDbXrecord
280
     1
290
     1
  0
XRECORD
  5
DDB
102
{ACAD_REACTORS
330
DDA
102
}
330
DDA
100
AcDbXrecord
280
     1
290
     1
  0
XRECORD
  5
DDD
102
{ACAD_REACTORS
330
DDC
102
}
330
DDC
100
AcDbXrecord
280
     1
290
     1
  0
XRECORD
  5
DDF
102
{ACAD_REACTORS
330
DDE
102
}
330
DDE
100
AcDbXrecord
280
     1
290
     1
  0
XRECORD
  5
DE1
102
{ACAD_REACTORS
330
DE0
102
}
330
DE0
100
AcDbXrecord
280
     1
290
     1
  0
XRECORD
  5
DE3
102
{ACAD_REACTORS
330
DE2
102
}
330
DE2
100
AcDbXrecord
280
     1
290
     1
  0
XRECORD
  5
DE5
102
{ACAD_REACTORS
330
DE4
102
}
330
DE4
100
AcDbXrecord
280
     1
290
     1
  0
XRECORD
  5
DE7
102
{ACAD_REACTORS
330
DE6
102
}
330
DE6
100
AcDbXrecord
280
     1
290
     1
  0
XRECORD
  5
DE9
102
{ACAD_REACTORS
330
DE8
102
}
330
DE8
100
AcDbXrecord
280
     1
290
     1
  0
XRECORD
  5
DEB
102
{ACAD_REACTORS
330
DEA
102
}
330
DEA
100
AcDbXrecord
280
     1
290
     1
  0
XRECORD
  5
DED
102
{ACAD_REACTORS
330
DEC
102
}
330
DEC
100
AcDbXrecord
280
     1
290
     1
  0
XRECORD
  5
DEF
102
{ACAD_REACTORS
330
DEE
102
}
330
DEE
100
AcDbXrecord
280
     1
290
     1
  0
XRECORD
  5
DF1
102
{ACAD_REACTORS
330
DF0
102
}
330
DF0
100
AcDbXrecord
280
     1
290
     1
  0
XRECORD
  5
DF3
102
{ACAD_REACTORS
330
DF2
102
}
330
DF2
100
AcDbXrecord
280
     1
290
     1
  0
XRECORD
  5
DF5
102
{ACAD_REACTORS
330
DF4
102
}
330
DF4
100
AcDbXrecord
280
     1
290
     1
  0
XRECORD
  5
DF7
102
{ACAD_REACTORS
330
DF6
102
}
330
DF6
100
AcDbXrecord
280
     1
290
     1
  0
XRECORD
  5
DF9
102
{ACAD_REACTORS
330
DF8
102
}
330
DF8
100
AcDbXrecord
280
     1
290
     1
  0
XRECORD
  5
DFB
102
{ACAD_REACTORS
330
DFA
102
}
330
DFA
100
AcDbXrecord
280
     1
290
     1
  0
XRECORD
  5
DFD
102
{ACAD_REACTORS
330
DFC
102
}
330
DFC
100
AcDbXrecord
280
     1
290
     1
  0
XRECORD
  5
DFF
102
{ACAD_REACTORS
330
DFE
102
}
330
DFE
100
AcDbXrecord
280
     1
290
     1
  0
XRECORD
  5
E01
102
{ACAD_REACTORS
330
E00
102
}
330
E00
100
AcDbXrecord
280
     1
290
     1
  0
XRECORD
  5
E03
102
{ACAD_REACTORS
330
E02
102
}
330
E02
100
AcDbXrecord
280
     1
290
     1
  0
XRECORD
  5
E05
102
{ACAD_REACTORS
330
E04
102
}
330
E04
100
AcDbXrecord
280
     1
290
     1
  0
XRECORD
  5
E07
102
{ACAD_REACTORS
330
E06
102
}
330
E06
100
AcDbXrecord
280
     1
290
     1
  0
XRECORD
  5
E09
102
{ACAD_REACTORS
330
E08
102
}
330
E08
100
AcDbXrecord
280
     1
290
     1
  0
XRECORD
  5
E0B
102
{ACAD_REACTORS
330
E0A
102
}
330
E0A
100
AcDbXrecord
280
     1
290
     1
  0
XRECORD
  5
E0D
102
{ACAD_REACTORS
330
E0C
102
}
330
E0C
100
AcDbXrecord
280
     1
290
     1
  0
XRECORD
  5
E0F
102
{ACAD_REACTORS
330
E0E
102
}
330
E0E
100
AcDbXrecord
280
     1
290
     1
  0
XRECORD
  5
E11
102
{ACAD_REACTORS
330
E10
102
}
330
E10
100
AcDbXrecord
280
     1
290
     1
  0
XRECORD
  5
E13
102
{ACAD_REACTORS
330
E12
102
}
330
E12
100
AcDbXrecord
280
     1
290
     1
  0
XRECORD
  5
E15
102
{ACAD_REACTORS
330
E14
102
}
330
E14
100
AcDbXrecord
280
     1
290
     1
  0
XRECORD
  5
E17
102
{ACAD_REACTORS
330
E16
102
}
330
E16
100
AcDbXrecord
280
     1
290
     1
  0
XRECORD
  5
E19
102
{ACAD_REACTORS
330
E18
102
}
330
E18
100
AcDbXrecord
280
     1
290
     1
  0
XRECORD
  5
E1B
102
{ACAD_REACTORS
330
E1A
102
}
330
E1A
100
AcDbXrecord
280
     1
290
     1
  0
XRECORD
  5
E1D
102
{ACAD_REACTORS
330
E1C
102
}
330
E1C
100
AcDbXrecord
280
     1
290
     1
  0
XRECORD
  5
E1F
102
{ACAD_REACTORS
330
E1E
102
}
330
E1E
100
AcDbXrecord
280
     1
290
     1
  0
XRECORD
  5
E21
102
{ACAD_REACTORS
330
E20
102
}
330
E20
100
AcDbXrecord
280
     1
290
     1
  0
XRECORD
  5
E23
102
{ACAD_REACTORS
330
E22
102
}
330
E22
100
AcDbXrecord
280
     1
290
     1
  0
XRECORD
  5
E25
102
{ACAD_REACTORS
330
E24
102
}
330
E24
100
AcDbXrecord
280
     1
290
     1
  0
XRECORD
  5
E27
102
{ACAD_REACTORS
330
E26
102
}
330
E26
100
AcDbXrecord
280
     1
290
     1
  0
XRECORD
  5
E29
102
{ACAD_REACTORS
330
E28
102
}
330
E28
100
AcDbXrecord
280
     1
290
     1
  0
XRECORD
  5
E2B
102
{ACAD_REACTORS
330
E2A
102
}
330
E2A
100
AcDbXrecord
280
     1
290
     1
  0
XRECORD
  5
E2D
102
{ACAD_REACTORS
330
E2C
102
}
330
E2C
100
AcDbXrecord
280
     1
290
     1
  0
XRECORD
  5
E2F
102
{ACAD_REACTORS
330
E2E
102
}
330
E2E
100
AcDbXrecord
280
     1
290
     1
  0
XRECORD
  5
E31
102
{ACAD_REACTORS
330
E30
102
}
330
E30
100
AcDbXrecord
280
     1
290
     1
  0
XRECORD
  5
E33
102
{ACAD_REACTORS
330
E32
102
}
330
E32
100
AcDbXrecord
280
     1
290
     1
  0
XRECORD
  5
E35
102
{ACAD_REACTORS
330
E34
102
}
330
E34
100
AcDbXrecord
280
     1
290
     1
  0
XRECORD
  5
E37
102
{ACAD_REACTORS
330
E36
102
}
330
E36
100
AcDbXrecord
280
     1
290
     1
  0
XRECORD
  5
E39
102
{ACAD_REACTORS
330
E38
102
}
330
E38
100
AcDbXrecord
280
     1
290
     1
  0
XRECORD
  5
E3B
102
{ACAD_REACTORS
330
E3A
102
}
330
E3A
100
AcDbXrecord
280
     1
290
     1
  0
XRECORD
  5
E3D
102
{ACAD_REACTORS
330
E3C
102
}
330
E3C
100
AcDbXrecord
280
     1
290
     1
  0
XRECORD
  5
E3F
102
{ACAD_REACTORS
330
E3E
102
}
330
E3E
100
AcDbXrecord
280
     1
290
     1
  0
XRECORD
  5
E41
102
{ACAD_REACTORS
330
E40
102
}
330
E40
100
AcDbXrecord
280
     1
290
     1
  0
XRECORD
  5
E43
102
{ACAD_REACTORS
330
E42
102
}
330
E42
100
AcDbXrecord
280
     1
290
     1
  0
XRECORD
  5
E45
102
{ACAD_REACTORS
330
E44
102
}
330
E44
100
AcDbXrecord
280
     1
290
     1
  0
XRECORD
  5
E47
102
{ACAD_REACTORS
330
E46
102
}
330
E46
100
AcDbXrecord
280
     1
290
     1
  0
XRECORD
  5
E49
102
{ACAD_REACTORS
330
E48
102
}
330
E48
100
AcDbXrecord
280
     1
290
     1
  0
XRECORD
  5
E4B
102
{ACAD_REACTORS
330
E4A
102
}
330
E4A
100
AcDbXrecord
280
     1
290
     1
  0
XRECORD
  5
E4D
102
{ACAD_REACTORS
330
E4C
102
}
330
E4C
100
AcDbXrecord
280
     1
290
     1
  0
XRECORD
  5
E4F
102
{ACAD_REACTORS
330
E4E
102
}
330
E4E
100
AcDbXrecord
280
     1
290
     1
  0
XRECORD
  5
E51
102
{ACAD_REACTORS
330
E50
102
}
330
E50
100
AcDbXrecord
280
     1
290
     1
  0
XRECORD
  5
E53
102
{ACAD_REACTORS
330
E52
102
}
330
E52
100
AcDbXrecord
280
     1
290
     1
  0
XRECORD
  5
E55
102
{ACAD_REACTORS
330
E54
102
}
330
E54
100
AcDbXrecord
280
     1
290
     1
  0
XRECORD
  5
E57
102
{ACAD_REACTORS
330
E56
102
}
330
E56
100
AcDbXrecord
280
     1
290
     1
  0
XRECORD
  5
E59
102
{ACAD_REACTORS
330
E58
102
}
330
E58
100
AcDbXrecord
280
     1
290
     1
  0
XRECORD
  5
E5B
102
{ACAD_REACTORS
330
E5A
102
}
330
E5A
100
AcDbXrecord
280
     1
290
     1
  0
XRECORD
  5
E5D
102
{ACAD_REACTORS
330
E5C
102
}
330
E5C
100
AcDbXrecord
280
     1
290
     1
  0
XRECORD
  5
E5F
102
{ACAD_REACTORS
330
E5E
102
}
330
E5E
100
AcDbXrecord
280
     1
290
     1
  0
XRECORD
  5
E61
102
{ACAD_REACTORS
330
E60
102
}
330
E60
100
AcDbXrecord
280
     1
290
     1
  0
XRECORD
  5
E63
102
{ACAD_REACTORS
330
E62
102
}
330
E62
100
AcDbXrecord
280
     1
290
     1
  0
XRECORD
  5
E65
102
{ACAD_REACTORS
330
E64
102
}
330
E64
100
AcDbXrecord
280
     1
290
     1
  0
XRECORD
  5
E67
102
{ACAD_REACTORS
330
E66
102
}
330
E66
100
AcDbXrecord
280
     1
290
     1
  0
XRECORD
  5
E69
102
{ACAD_REACTORS
330
E68
102
}
330
E68
100
AcDbXrecord
280
     1
290
     1
  0
XRECORD
  5
E6B
102
{ACAD_REACTORS
330
E6A
102
}
330
E6A
100
AcDbXrecord
280
     1
290
     1
  0
XRECORD
  5
E6D
102
{ACAD_REACTORS
330
E6C
102
}
330
E6C
100
AcDbXrecord
280
     1
290
     1
  0
XRECORD
  5
E6F
102
{ACAD_REACTORS
330
E6E
102
}
330
E6E
100
AcDbXrecord
280
     1
290
     1
  0
XRECORD
  5
E71
102
{ACAD_REACTORS
330
E70
102
}
330
E70
100
AcDbXrecord
280
     1
290
     1
  0
XRECORD
  5
E73
102
{ACAD_REACTORS
330
E72
102
}
330
E72
100
AcDbXrecord
280
     1
290
     1
  0
XRECORD
  5
E75
102
{ACAD_REACTORS
330
E74
102
}
330
E74
100
AcDbXrecord
280
     1
290
     1
  0
XRECORD
  5
E77
102
{ACAD_REACTORS
330
E76
102
}
330
E76
100
AcDbXrecord
280
     1
290
     1
  0
XRECORD
  5
E79
102
{ACAD_REACTORS
330
E78
102
}
330
E78
100
AcDbXrecord
280
     1
290
     1
  0
XRECORD
  5
E7B
102
{ACAD_REACTORS
330
E7A
102
}
330
E7A
100
AcDbXrecord
280
     1
290
     1
  0
XRECORD
  5
E7D
102
{ACAD_REACTORS
330
E7C
102
}
330
E7C
100
AcDbXrecord
280
     1
290
     1
  0
XRECORD
  5
E7F
102
{ACAD_REACTORS
330
E7E
102
}
330
E7E
100
AcDbXrecord
280
     1
290
     1
  0
XRECORD
  5
E81
102
{ACAD_REACTORS
330
E80
102
}
330
E80
100
AcDbXrecord
280
     1
290
     1
  0
XRECORD
  5
E83
102
{ACAD_REACTORS
330
E82
102
}
330
E82
100
AcDbXrecord
280
     1
290
     1
  0
XRECORD
  5
E85
102
{ACAD_REACTORS
330
E84
102
}
330
E84
100
AcDbXrecord
280
     1
290
     1
  0
XRECORD
  5
E87
102
{ACAD_REACTORS
330
E86
102
}
330
E86
100
AcDbXrecord
280
     1
290
     1
  0
XRECORD
  5
E89
102
{ACAD_REACTORS
330
E88
102
}
330
E88
100
AcDbXrecord
280
     1
290
     1
  0
XRECORD
  5
E8B
102
{ACAD_REACTORS
330
E8A
102
}
330
E8A
100
AcDbXrecord
280
     1
290
     1
  0
XRECORD
  5
E8D
102
{ACAD_REACTORS
330
E8C
102
}
330
E8C
100
AcDbXrecord
280
     1
290
     1
  0
XRECORD
  5
E8F
102
{ACAD_REACTORS
330
E8E
102
}
330
E8E
100
AcDbXrecord
280
     1
290
     1
  0
XRECORD
  5
E91
102
{ACAD_REACTORS
330
E90
102
}
330
E90
100
AcDbXrecord
280
     1
290
     1
  0
XRECORD
  5
E93
102
{ACAD_REACTORS
330
E92
102
}
330
E92
100
AcDbXrecord
280
     1
290
     1
  0
XRECORD
  5
E95
102
{ACAD_REACTORS
330
E94
102
}
330
E94
100
AcDbXrecord
280
     1
290
     1
  0
XRECORD
  5
E97
102
{ACAD_REACTORS
330
E96
102
}
330
E96
100
AcDbXrecord
280
     1
290
     1
  0
XRECORD
  5
E99
102
{ACAD_REACTORS
330
E98
102
}
330
E98
100
AcDbXrecord
280
     1
290
     1
  0
XRECORD
  5
E9B
102
{ACAD_REACTORS
330
E9A
102
}
330
E9A
100
AcDbXrecord
280
     1
290
     1
  0
XRECORD
  5
E9D
102
{ACAD_REACTORS
330
E9C
102
}
330
E9C
100
AcDbXrecord
280
     1
290
     1
  0
XRECORD
  5
E9F
102
{ACAD_REACTORS
330
E9E
102
}
330
E9E
100
AcDbXrecord
280
     1
290
     1
  0
XRECORD
  5
EA1
102
{ACAD_REACTORS
330
EA0
102
}
330
EA0
100
AcDbXrecord
280
     1
290
     1
  0
XRECORD
  5
EA3
102
{ACAD_REACTORS
330
EA2
102
}
330
EA2
100
AcDbXrecord
280
     1
290
     1
  0
XRECORD
  5
EA5
102
{ACAD_REACTORS
330
EA4
102
}
330
EA4
100
AcDbXrecord
280
     1
290
     1
  0
XRECORD
  5
EA7
102
{ACAD_REACTORS
330
EA6
102
}
330
EA6
100
AcDbXrecord
280
     1
290
     1
  0
XRECORD
  5
EA9
102
{ACAD_REACTORS
330
EA8
102
}
330
EA8
100
AcDbXrecord
280
     1
290
     1
  0
XRECORD
  5
EAB
102
{ACAD_REACTORS
330
EAA
102
}
330
EAA
100
AcDbXrecord
280
     1
290
     1
  0
XRECORD
  5
EAD
102
{ACAD_REACTORS
330
EAC
102
}
330
EAC
100
AcDbXrecord
280
     1
290
     1
  0
XRECORD
  5
EAF
102
{ACAD_REACTORS
330
EAE
102
}
330
EAE
100
AcDbXrecord
280
     1
290
     1
  0
XRECORD
  5
EB1
102
{ACAD_REACTORS
330
EB0
102
}
330
EB0
100
AcDbXrecord
280
     1
290
     1
  0
XRECORD
  5
EB3
102
{ACAD_REACTORS
330
EB2
102
}
330
EB2
100
AcDbXrecord
280
     1
290
     1
  0
XRECORD
  5
EB5
102
{ACAD_REACTORS
330
EB4
102
}
330
EB4
100
AcDbXrecord
280
     1
290
     1
  0
XRECORD
  5
EB7
102
{ACAD_REACTORS
330
EB6
102
}
330
EB6
100
AcDbXrecord
280
     1
290
     1
  0
XRECORD
  5
EB9
102
{ACAD_REACTORS
330
EB8
102
}
330
EB8
100
AcDbXrecord
280
     1
290
     1
  0
XRECORD
  5
EBB
102
{ACAD_REACTORS
330
EBA
102
}
330
EBA
100
AcDbXrecord
280
     1
290
     1
  0
XRECORD
  5
EBD
102
{ACAD_REACTORS
330
EBC
102
}
330
EBC
100
AcDbXrecord
280
     1
290
     1
  0
XRECORD
  5
EBF
102
{ACAD_REACTORS
330
EBE
102
}
330
EBE
100
AcDbXrecord
280
     1
290
     1
  0
XRECORD
  5
EC1
102
{ACAD_REACTORS
330
EC0
102
}
330
EC0
100
AcDbXrecord
280
     1
290
     1
  0
XRECORD
  5
EC3
102
{ACAD_REACTORS
330
EC2
102
}
330
EC2
100
AcDbXrecord
280
     1
290
     1
  0
XRECORD
  5
EC5
102
{ACAD_REACTORS
330
EC4
102
}
330
EC4
100
AcDbXrecord
280
     1
290
     1
  0
XRECORD
  5
EC7
102
{ACAD_REACTORS
330
EC6
102
}
330
EC6
100
AcDbXrecord
280
     1
290
     1
  0
XRECORD
  5
EC9
102
{ACAD_REACTORS
330
EC8
102
}
330
EC8
100
AcDbXrecord
280
     1
290
     1
  0
XRECORD
  5
ECB
102
{ACAD_REACTORS
330
ECA
102
}
330
ECA
100
AcDbXrecord
280
     1
290
     1
  0
XRECORD
  5
ECD
102
{ACAD_REACTORS
330
ECC
102
}
330
ECC
100
AcDbXrecord
280
     1
290
     1
  0
XRECORD
  5
ECF
102
{ACAD_REACTORS
330
ECE
102
}
330
ECE
100
AcDbXrecord
280
     1
290
     1
  0
XRECORD
  5
ED1
102
{ACAD_REACTORS
330
ED0
102
}
330
ED0
100
AcDbXrecord
280
     1
290
     1
  0
XRECORD
  5
ED3
102
{ACAD_REACTORS
330
ED2
102
}
330
ED2
100
AcDbXrecord
280
     1
290
     1
  0
XRECORD
  5
ED5
102
{ACAD_REACTORS
330
ED4
102
}
330
ED4
100
AcDbXrecord
280
     1
290
     1
  0
XRECORD
  5
ED7
102
{ACAD_REACTORS
330
ED6
102
}
330
ED6
100
AcDbXrecord
280
     1
290
     1
  0
XRECORD
  5
ED9
102
{ACAD_REACTORS
330
ED8
102
}
330
ED8
100
AcDbXrecord
280
     1
290
     1
  0
XRECORD
  5
EDB
102
{ACAD_REACTORS
330
EDA
102
}
330
EDA
100
AcDbXrecord
280
     1
290
     1
  0
XRECORD
  5
EDD
102
{ACAD_REACTORS
330
EDC
102
}
330
EDC
100
AcDbXrecord
280
     1
290
     1
  0
XRECORD
  5
EDF
102
{ACAD_REACTORS
330
EDE
102
}
330
EDE
100
AcDbXrecord
280
     1
290
     1
  0
XRECORD
  5
EE1
102
{ACAD_REACTORS
330
EE0
102
}
330
EE0
100
AcDbXrecord
280
     1
290
     1
  0
XRECORD
  5
EE3
102
{ACAD_REACTORS
330
EE2
102
}
330
EE2
100
AcDbXrecord
280
     1
290
     1
  0
XRECORD
  5
EE5
102
{ACAD_REACTORS
330
EE4
102
}
330
EE4
100
AcDbXrecord
280
     1
290
     1
  0
XRECORD
  5
EE7
102
{ACAD_REACTORS
330
EE6
102
}
330
EE6
100
AcDbXrecord
280
     1
290
     1
  0
XRECORD
  5
EE9
102
{ACAD_REACTORS
330
EE8
102
}
330
EE8
100
AcDbXrecord
280
     1
290
     1
  0
XRECORD
  5
EEB
102
{ACAD_REACTORS
330
EEA
102
}
330
EEA
100
AcDbXrecord
280
     1
290
     1
  0
XRECORD
  5
EED
102
{ACAD_REACTORS
330
EEC
102
}
330
EEC
100
AcDbXrecord
280
     1
290
     1
  0
XRECORD
  5
EEF
102
{ACAD_REACTORS
330
EEE
102
}
330
EEE
100
AcDbXrecord
280
     1
290
     1
  0
XRECORD
  5
EF1
102
{ACAD_REACTORS
330
EF0
102
}
330
EF0
100
AcDbXrecord
280
     1
290
     1
  0
XRECORD
  5
EF3
102
{ACAD_REACTORS
330
EF2
102
}
330
EF2
100
AcDbXrecord
280
     1
290
     1
  0
XRECORD
  5
EF5
102
{ACAD_REACTORS
330
EF4
102
}
330
EF4
100
AcDbXrecord
280
     1
290
     1
  0
XRECORD
  5
EF7
102
{ACAD_REACTORS
330
EF6
102
}
330
EF6
100
AcDbXrecord
280
     1
290
     1
  0
XRECORD
  5
EF9
102
{ACAD_REACTORS
330
EF8
102
}
330
EF8
100
AcDbXrecord
280
     1
290
     1
  0
XRECORD
  5
EFB
102
{ACAD_REACTORS
330
EFA
102
}
330
EFA
100
AcDbXrecord
280
     1
290
     1
  0
XRECORD
  5
EFD
102
{ACAD_REACTORS
330
EFC
102
}
330
EFC
100
AcDbXrecord
280
     1
290
     1
  0
XRECORD
  5
EFF
102
{ACAD_REACTORS
330
EFE
102
}
330
EFE
100
AcDbXrecord
280
     1
290
     1
  0
XRECORD
  5
F01
102
{ACAD_REACTORS
330
F00
102
}
330
F00
100
AcDbXrecord
280
     1
290
     1
  0
XRECORD
  5
F03
102
{ACAD_REACTORS
330
F02
102
}
330
F02
100
AcDbXrecord
280
     1
290
     1
  0
XRECORD
  5
F05
102
{ACAD_REACTORS
330
F04
102
}
330
F04
100
AcDbXrecord
280
     1
290
     1
  0
XRECORD
  5
F07
102
{ACAD_REACTORS
330
F06
102
}
330
F06
100
AcDbXrecord
280
     1
290
     1
  0
XRECORD
  5
F09
102
{ACAD_REACTORS
330
F08
102
}
330
F08
100
AcDbXrecord
280
     1
290
     1
  0
XRECORD
  5
F0B
102
{ACAD_REACTORS
330
F0A
102
}
330
F0A
100
AcDbXrecord
280
     1
290
     1
  0
XRECORD
  5
F0D
102
{ACAD_REACTORS
330
F0C
102
}
330
F0C
100
AcDbXrecord
280
     1
290
     1
  0
XRECORD
  5
F0F
102
{ACAD_REACTORS
330
F0E
102
}
330
F0E
100
AcDbXrecord
280
     1
290
     1
  0
XRECORD
  5
F11
102
{ACAD_REACTORS
330
F10
102
}
330
F10
100
AcDbXrecord
280
     1
290
     1
  0
XRECORD
  5
F13
102
{ACAD_REACTORS
330
F12
102
}
330
F12
100
AcDbXrecord
280
     1
290
     1
  0
XRECORD
  5
F15
102
{ACAD_REACTORS
330
F14
102
}
330
F14
100
AcDbXrecord
280
     1
290
     1
  0
XRECORD
  5
F17
102
{ACAD_REACTORS
330
F16
102
}
330
F16
100
AcDbXrecord
280
     1
290
     1
  0
XRECORD
  5
F19
102
{ACAD_REACTORS
330
F18
102
}
330
F18
100
AcDbXrecord
280
     1
290
     1
  0
XRECORD
  5
F1B
102
{ACAD_REACTORS
330
F1A
102
}
330
F1A
100
AcDbXrecord
280
     1
290
     1
  0
XRECORD
  5
F1D
102
{ACAD_REACTORS
330
F1C
102
}
330
F1C
100
AcDbXrecord
280
     1
290
     1
  0
XRECORD
  5
F1F
102
{ACAD_REACTORS
330
F1E
102
}
330
F1E
100
AcDbXrecord
280
     1
290
     1
  0
XRECORD
  5
F21
102
{ACAD_REACTORS
330
F20
102
}
330
F20
100
AcDbXrecord
280
     1
290
     1
  0
XRECORD
  5
F23
102
{ACAD_REACTORS
330
F22
102
}
330
F22
100
AcDbXrecord
280
     1
290
     1
  0
XRECORD
  5
F25
102
{ACAD_REACTORS
330
F24
102
}
330
F24
100
AcDbXrecord
280
     1
290
     1
  0
XRECORD
  5
F27
102
{ACAD_REACTORS
330
F26
102
}
330
F26
100
AcDbXrecord
280
     1
290
     1
  0
XRECORD
  5
F29
102
{ACAD_REACTORS
330
F28
102
}
330
F28
100
AcDbXrecord
280
     1
290
     1
  0
XRECORD
  5
F2B
102
{ACAD_REACTORS
330
F2A
102
}
330
F2A
100
AcDbXrecord
280
     1
290
     1
  0
XRECORD
  5
F2D
102
{ACAD_REACTORS
330
F2C
102
}
330
F2C
100
AcDbXrecord
280
     1
290
     1
  0
XRECORD
  5
F2F
102
{ACAD_REACTORS
330
F2E
102
}
330
F2E
100
AcDbXrecord
280
     1
290
     1
  0
XRECORD
  5
F31
102
{ACAD_REACTORS
330
F30
102
}
330
F30
100
AcDbXrecord
280
     1
290
     1
  0
XRECORD
  5
F33
102
{ACAD_REACTORS
330
F32
102
}
330
F32
100
AcDbXrecord
280
     1
290
     1
  0
XRECORD
  5
F35
102
{ACAD_REACTORS
330
F34
102
}
330
F34
100
AcDbXrecord
280
     1
290
     1
  0
XRECORD
  5
F37
102
{ACAD_REACTORS
330
F36
102
}
330
F36
100
AcDbXrecord
280
     1
290
     1
  0
XRECORD
  5
F39
102
{ACAD_REACTORS
330
F38
102
}
330
F38
100
AcDbXrecord
280
     1
290
     1
  0
XRECORD
  5
F3B
102
{ACAD_REACTORS
330
F3A
102
}
330
F3A
100
AcDbXrecord
280
     1
290
     1
  0
XRECORD
  5
F3D
102
{ACAD_REACTORS
330
F3C
102
}
330
F3C
100
AcDbXrecord
280
     1
290
     1
  0
XRECORD
  5
F3F
102
{ACAD_REACTORS
330
F3E
102
}
330
F3E
100
AcDbXrecord
280
     1
290
     1
  0
XRECORD
  5
F41
102
{ACAD_REACTORS
330
F40
102
}
330
F40
100
AcDbXrecord
280
     1
290
     1
  0
XRECORD
  5
F43
102
{ACAD_REACTORS
330
F42
102
}
330
F42
100
AcDbXrecord
280
     1
290
     1
  0
XRECORD
  5
F45
102
{ACAD_REACTORS
330
F44
102
}
330
F44
100
AcDbXrecord
280
     1
290
     1
  0
XRECORD
  5
F47
102
{ACAD_REACTORS
330
F46
102
}
330
F46
100
AcDbXrecord
280
     1
290
     1
  0
XRECORD
  5
F49
102
{ACAD_REACTORS
330
F48
102
}
330
F48
100
AcDbXrecord
280
     1
290
     1
  0
XRECORD
  5
F4B
102
{ACAD_REACTORS
330
F4A
102
}
330
F4A
100
AcDbXrecord
280
     1
290
     1
  0
XRECORD
  5
F4D
102
{ACAD_REACTORS
330
F4C
102
}
330
F4C
100
AcDbXrecord
280
     1
290
     1
  0
XRECORD
  5
F4F
102
{ACAD_REACTORS
330
F4E
102
}
330
F4E
100
AcDbXrecord
280
     1
290
     1
  0
XRECORD
  5
F51
102
{ACAD_REACTORS
330
F50
102
}
330
F50
100
AcDbXrecord
280
     1
290
     1
  0
XRECORD
  5
F53
102
{ACAD_REACTORS
330
F52
102
}
330
F52
100
AcDbXrecord
280
     1
290
     1
  0
XRECORD
  5
F55
102
{ACAD_REACTORS
330
F54
102
}
330
F54
100
AcDbXrecord
280
     1
290
     1
  0
XRECORD
  5
F57
102
{ACAD_REACTORS
330
F56
102
}
330
F56
100
AcDbXrecord
280
     1
290
     1
  0
XRECORD
  5
F59
102
{ACAD_REACTORS
330
F58
102
}
330
F58
100
AcDbXrecord
280
     1
290
     1
  0
XRECORD
  5
F5B
102
{ACAD_REACTORS
330
F5A
102
}
330
F5A
100
AcDbXrecord
280
     1
290
     1
  0
XRECORD
  5
F5D
102
{ACAD_REACTORS
330
F5C
102
}
330
F5C
100
AcDbXrecord
280
     1
290
     1
  0
XRECORD
  5
F5F
102
{ACAD_REACTORS
330
F5E
102
}
330
F5E
100
AcDbXrecord
280
     1
290
     1
  0
XRECORD
  5
F61
102
{ACAD_REACTORS
330
F60
102
}
330
F60
100
AcDbXrecord
280
     1
290
     1
  0
XRECORD
  5
F63
102
{ACAD_REACTORS
330
F62
102
}
330
F62
100
AcDbXrecord
280
     1
290
     1
  0
XRECORD
  5
F65
102
{ACAD_REACTORS
330
F64
102
}
330
F64
100
AcDbXrecord
280
     1
290
     1
  0
XRECORD
  5
F67
102
{ACAD_REACTORS
330
F66
102
}
330
F66
100
AcDbXrecord
280
     1
290
     1
  0
XRECORD
  5
F69
102
{ACAD_REACTORS
330
F68
102
}
330
F68
100
AcDbXrecord
280
     1
290
     1
  0
XRECORD
  5
F6B
102
{ACAD_REACTORS
330
F6A
102
}
330
F6A
100
AcDbXrecord
280
     1
290
     1
  0
XRECORD
  5
F6D
102
{ACAD_REACTORS
330
F6C
102
}
330
F6C
100
AcDbXrecord
280
     1
290
     1
  0
XRECORD
  5
F6F
102
{ACAD_REACTORS
330
F6E
102
}
330
F6E
100
AcDbXrecord
280
     1
290
     1
  0
XRECORD
  5
F71
102
{ACAD_REACTORS
330
F70
102
}
330
F70
100
AcDbXrecord
280
     1
290
     1
  0
XRECORD
  5
F73
102
{ACAD_REACTORS
330
F72
102
}
330
F72
100
AcDbXrecord
280
     1
290
     1
  0
XRECORD
  5
F75
102
{ACAD_REACTORS
330
F74
102
}
330
F74
100
AcDbXrecord
280
     1
290
     1
  0
XRECORD
  5
F77
102
{ACAD_REACTORS
330
F76
102
}
330
F76
100
AcDbXrecord
280
     1
290
     1
  0
XRECORD
  5
F79
102
{ACAD_REACTORS
330
F78
102
}
330
F78
100
AcDbXrecord
280
     1
290
     1
  0
XRECORD
  5
F7B
102
{ACAD_REACTORS
330
F7A
102
}
330
F7A
100
AcDbXrecord
280
     1
290
     1
  0
XRECORD
  5
F7D
102
{ACAD_REACTORS
330
F7C
102
}
330
F7C
100
AcDbXrecord
280
     1
290
     1
  0
XRECORD
  5
F7F
102
{ACAD_REACTORS
330
F7E
102
}
330
F7E
100
AcDbXrecord
280
     1
290
     1
  0
XRECORD
  5
F81
102
{ACAD_REACTORS
330
F80
102
}
330
F80
100
AcDbXrecord
280
     1
290
     1
  0
XRECORD
  5
F83
102
{ACAD_REACTORS
330
F82
102
}
330
F82
100
AcDbXrecord
280
     1
290
     1
  0
XRECORD
  5
F85
102
{ACAD_REACTORS
330
F84
102
}
330
F84
100
AcDbXrecord
280
     1
290
     1
  0
XRECORD
  5
F87
102
{ACAD_REACTORS
330
F86
102
}
330
F86
100
AcDbXrecord
280
     1
290
     1
  0
XRECORD
  5
F89
102
{ACAD_REACTORS
330
F88
102
}
330
F88
100
AcDbXrecord
280
     1
290
     1
  0
XRECORD
  5
F8B
102
{ACAD_REACTORS
330
F8A
102
}
330
F8A
100
AcDbXrecord
280
     1
290
     1
  0
XRECORD
  5
F8D
102
{ACAD_REACTORS
330
F8C
102
}
330
F8C
100
AcDbXrecord
280
     1
290
     1
  0
XRECORD
  5
F8F
102
{ACAD_REACTORS
330
F8E
102
}
330
F8E
100
AcDbXrecord
280
     1
290
     1
  0
XRECORD
  5
F91
102
{ACAD_REACTORS
330
F90
102
}
330
F90
100
AcDbXrecord
280
     1
290
     1
  0
XRECORD
  5
F93
102
{ACAD_REACTORS
330
F92
102
}
330
F92
100
AcDbXrecord
280
     1
290
     1
  0
XRECORD
  5
F95
102
{ACAD_REACTORS
330
F94
102
}
330
F94
100
AcDbXrecord
280
     1
290
     1
  0
XRECORD
  5
F97
102
{ACAD_REACTORS
330
F96
102
}
330
F96
100
AcDbXrecord
280
     1
290
     1
  0
XRECORD
  5
F99
102
{ACAD_REACTORS
330
F98
102
}
330
F98
100
AcDbXrecord
280
     1
290
     1
  0
XRECORD
  5
F9B
102
{ACAD_REACTORS
330
F9A
102
}
330
F9A
100
AcDbXrecord
280
     1
290
     1
  0
XRECORD
  5
F9D
102
{ACAD_REACTORS
330
F9C
102
}
330
F9C
100
AcDbXrecord
280
     1
290
     1
  0
XRECORD
  5
F9F
102
{ACAD_REACTORS
330
F9E
102
}
330
F9E
100
AcDbXrecord
280
     1
290
     1
  0
XRECORD
  5
FA1
102
{ACAD_REACTORS
330
FA0
102
}
330
FA0
100
AcDbXrecord
280
     1
290
     1
  0
XRECORD
  5
FA3
102
{ACAD_REACTORS
330
FA2
102
}
330
FA2
100
AcDbXrecord
280
     1
290
     1
  0
XRECORD
  5
FA5
102
{ACAD_REACTORS
330
FA4
102
}
330
FA4
100
AcDbXrecord
280
     1
290
     1
  0
XRECORD
  5
FA7
102
{ACAD_REACTORS
330
FA6
102
}
330
FA6
100
AcDbXrecord
280
     1
290
     1
  0
XRECORD
  5
FA9
102
{ACAD_REACTORS
330
FA8
102
}
330
FA8
100
AcDbXrecord
280
     1
290
     1
  0
XRECORD
  5
FAB
102
{ACAD_REACTORS
330
FAA
102
}
330
FAA
100
AcDbXrecord
280
     1
290
     1
  0
XRECORD
  5
FAD
102
{ACAD_REACTORS
330
FAC
102
}
330
FAC
100
AcDbXrecord
280
     1
290
     1
  0
XRECORD
  5
FAF
102
{ACAD_REACTORS
330
FAE
102
}
330
FAE
100
AcDbXrecord
280
     1
290
     1
  0
XRECORD
  5
FB1
102
{ACAD_REACTORS
330
FB0
102
}
330
FB0
100
AcDbXrecord
280
     1
290
     1
  0
XRECORD
  5
FB3
102
{ACAD_REACTORS
330
FB2
102
}
330
FB2
100
AcDbXrecord
280
     1
290
     1
  0
XRECORD
  5
FB5
102
{ACAD_REACTORS
330
FB4
102
}
330
FB4
100
AcDbXrecord
280
     1
290
     1
  0
XRECORD
  5
FB7
102
{ACAD_REACTORS
330
FB6
102
}
330
FB6
100
AcDbXrecord
280
     1
290
     1
  0
XRECORD
  5
FB9
102
{ACAD_REACTORS
330
FB8
102
}
330
FB8
100
AcDbXrecord
280
     1
290
     1
  0
XRECORD
  5
FBB
102
{ACAD_REACTORS
330
FBA
102
}
330
FBA
100
AcDbXrecord
280
     1
290
     1
  0
XRECORD
  5
FBD
102
{ACAD_REACTORS
330
FBC
102
}
330
FBC
100
AcDbXrecord
280
     1
290
     1
  0
XRECORD
  5
FBF
102
{ACAD_REACTORS
330
FBE
102
}
330
FBE
100
AcDbXrecord
280
     1
290
     1
  0
XRECORD
  5
FC1
102
{ACAD_REACTORS
330
FC0
102
}
330
FC0
100
AcDbXrecord
280
     1
290
     1
  0
XRECORD
  5
FC3
102
{ACAD_REACTORS
330
FC2
102
}
330
FC2
100
AcDbXrecord
280
     1
290
     1
  0
XRECORD
  5
FC5
102
{ACAD_REACTORS
330
FC4
102
}
330
FC4
100
AcDbXrecord
280
     1
290
     1
  0
XRECORD
  5
FC7
102
{ACAD_REACTORS
330
FC6
102
}
330
FC6
100
AcDbXrecord
280
     1
290
     1
  0
XRECORD
  5
FC9
102
{ACAD_REACTORS
330
FC8
102
}
330
FC8
100
AcDbXrecord
280
     1
290
     1
  0
XRECORD
  5
FCB
102
{ACAD_REACTORS
330
FCA
102
}
330
FCA
100
AcDbXrecord
280
     1
290
     1
  0
XRECORD
  5
FCD
102
{ACAD_REACTORS
330
FCC
102
}
330
FCC
100
AcDbXrecord
280
     1
290
     1
  0
XRECORD
  5
FCF
102
{ACAD_REACTORS
330
FCE
102
}
330
FCE
100
AcDbXrecord
280
     1
290
     1
  0
XRECORD
  5
FD1
102
{ACAD_REACTORS
330
FD0
102
}
330
FD0
100
AcDbXrecord
280
     1
290
     1
  0
XRECORD
  5
FD3
102
{ACAD_REACTORS
330
FD2
102
}
330
FD2
100
AcDbXrecord
280
     1
290
     1
  0
XRECORD
  5
FD5
102
{ACAD_REACTORS
330
FD4
102
}
330
FD4
100
AcDbXrecord
280
     1
290
     1
  0
XRECORD
  5
FD7
102
{ACAD_REACTORS
330
FD6
102
}
330
FD6
100
AcDbXrecord
280
     1
290
     1
  0
XRECORD
  5
FD9
102
{ACAD_REACTORS
330
FD8
102
}
330
FD8
100
AcDbXrecord
280
     1
290
     1
  0
XRECORD
  5
FDB
102
{ACAD_REACTORS
330
FDA
102
}
330
FDA
100
AcDbXrecord
280
     1
290
     1
  0
XRECORD
  5
FDD
102
{ACAD_REACTORS
330
FDC
102
}
330
FDC
100
AcDbXrecord
280
     1
290
     1
  0
XRECORD
  5
FDF
102
{ACAD_REACTORS
330
FDE
102
}
330
FDE
100
AcDbXrecord
280
     1
290
     1
  0
XRECORD
  5
FE1
102
{ACAD_REACTORS
330
FE0
102
}
330
FE0
100
AcDbXrecord
280
     1
290
     1
  0
XRECORD
  5
FE3
102
{ACAD_REACTORS
330
FE2
102
}
330
FE2
100
AcDbXrecord
280
     1
290
     1
  0
XRECORD
  5
FE5
102
{ACAD_REACTORS
330
FE4
102
}
330
FE4
100
AcDbXrecord
280
     1
290
     1
  0
XRECORD
  5
FE7
102
{ACAD_REACTORS
330
FE6
102
}
330
FE6
100
AcDbXrecord
280
     1
290
     1
  0
XRECORD
  5
FE9
102
{ACAD_REACTORS
330
FE8
102
}
330
FE8
100
AcDbXrecord
280
     1
290
     1
  0
XRECORD
  5
FEB
102
{ACAD_REACTORS
330
FEA
102
}
330
FEA
100
AcDbXrecord
280
     1
290
     1
  0
XRECORD
  5
FED
102
{ACAD_REACTORS
330
FEC
102
}
330
FEC
100
AcDbXrecord
280
     1
290
     1
  0
XRECORD
  5
FEF
102
{ACAD_REACTORS
330
FEE
102
}
330
FEE
100
AcDbXrecord
280
     1
290
     1
  0
XRECORD
  5
FF1
102
{ACAD_REACTORS
330
FF0
102
}
330
FF0
100
AcDbXrecord
280
     1
290
     1
  0
XRECORD
  5
FF3
102
{ACAD_REACTORS
330
FF2
102
}
330
FF2
100
AcDbXrecord
280
     1
290
     1
  0
XRECORD
  5
FF5
102
{ACAD_REACTORS
330
FF4
102
}
330
FF4
100
AcDbXrecord
280
     1
290
     1
  0
XRECORD
  5
FF7
102
{ACAD_REACTORS
330
FF6
102
}
330
FF6
100
AcDbXrecord
280
     1
290
     1
  0
XRECORD
  5
FF9
102
{ACAD_REACTORS
330
FF8
102
}
330
FF8
100
AcDbXrecord
280
     1
290
     1
  0
XRECORD
  5
FFB
102
{ACAD_REACTORS
330
FFA
102
}
330
FFA
100
AcDbXrecord
280
     1
290
     1
  0
XRECORD
  5
FFD
102
{ACAD_REACTORS
330
FFC
102
}
330
FFC
100
AcDbXrecord
280
     1
290
     1
  0
XRECORD
  5
FFF
102
{ACAD_REACTORS
330
FFE
102
}
330
FFE
100
AcDbXrecord
280
     1
290
     1
  0
XRECORD
  5
1001
102
{ACAD_REACTORS
330
1000
102
}
330
1000
100
AcDbXrecord
280
     1
290
     1
  0
XRECORD
  5
1003
102
{ACAD_REACTORS
330
1002
102
}
330
1002
100
AcDbXrecord
280
     1
290
     1
  0
XRECORD
  5
1005
102
{ACAD_REACTORS
330
1004
102
}
330
1004
100
AcDbXrecord
280
     1
290
     1
  0
XRECORD
  5
1007
102
{ACAD_REACTORS
330
1006
102
}
330
1006
100
AcDbXrecord
280
     1
290
     1
  0
XRECORD
  5
1009
102
{ACAD_REACTORS
330
1008
102
}
330
1008
100
AcDbXrecord
280
     1
290
     1
  0
XRECORD
  5
100B
102
{ACAD_REACTORS
330
100A
102
}
330
100A
100
AcDbXrecord
280
     1
290
     1
  0
XRECORD
  5
100D
102
{ACAD_REACTORS
330
100C
102
}
330
100C
100
AcDbXrecord
280
     1
290
     1
  0
XRECORD
  5
100F
102
{ACAD_REACTORS
330
100E
102
}
330
100E
100
AcDbXrecord
280
     1
290
     1
  0
XRECORD
  5
1011
102
{ACAD_REACTORS
330
1010
102
}
330
1010
100
AcDbXrecord
280
     1
290
     1
  0
XRECORD
  5
1013
102
{ACAD_REACTORS
330
1012
102
}
330
1012
100
AcDbXrecord
280
     1
290
     1
  0
XRECORD
  5
1015
102
{ACAD_REACTORS
330
1014
102
}
330
1014
100
AcDbXrecord
280
     1
290
     1
  0
XRECORD
  5
1017
102
{ACAD_REACTORS
330
1016
102
}
330
1016
100
AcDbXrecord
280
     1
290
     1
  0
XRECORD
  5
1019
102
{ACAD_REACTORS
330
1018
102
}
330
1018
100
AcDbXrecord
280
     1
290
     1
  0
XRECORD
  5
101B
102
{ACAD_REACTORS
330
101A
102
}
330
101A
100
AcDbXrecord
280
     1
290
     1
  0
XRECORD
  5
101D
102
{ACAD_REACTORS
330
101C
102
}
330
101C
100
AcDbXrecord
280
     1
290
     1
  0
XRECORD
  5
101F
102
{ACAD_REACTORS
330
101E
102
}
330
101E
100
AcDbXrecord
280
     1
290
     1
  0
XRECORD
  5
1021
102
{ACAD_REACTORS
330
1020
102
}
330
1020
100
AcDbXrecord
280
     1
290
     1
  0
XRECORD
  5
1023
102
{ACAD_REACTORS
330
1022
102
}
330
1022
100
AcDbXrecord
280
     1
290
     1
  0
XRECORD
  5
1025
102
{ACAD_REACTORS
330
1024
102
}
330
1024
100
AcDbXrecord
280
     1
290
     1
  0
XRECORD
  5
1027
102
{ACAD_REACTORS
330
1026
102
}
330
1026
100
AcDbXrecord
280
     1
290
     1
  0
XRECORD
  5
1029
102
{ACAD_REACTORS
330
1028
102
}
330
1028
100
AcDbXrecord
280
     1
290
     1
  0
XRECORD
  5
102B
102
{ACAD_REACTORS
330
102A
102
}
330
102A
100
AcDbXrecord
280
     1
290
     1
  0
XRECORD
  5
102D
102
{ACAD_REACTORS
330
102C
102
}
330
102C
100
AcDbXrecord
280
     1
290
     1
  0
XRECORD
  5
102F
102
{ACAD_REACTORS
330
102E
102
}
330
102E
100
AcDbXrecord
280
     1
290
     1
  0
XRECORD
  5
1031
102
{ACAD_REACTORS
330
1030
102
}
330
1030
100
AcDbXrecord
280
     1
290
     1
  0
XRECORD
  5
1033
102
{ACAD_REACTORS
330
1032
102
}
330
1032
100
AcDbXrecord
280
     1
290
     1
  0
XRECORD
  5
1035
102
{ACAD_REACTORS
330
1034
102
}
330
1034
100
AcDbXrecord
280
     1
290
     1
  0
XRECORD
  5
1037
102
{ACAD_REACTORS
330
1036
102
}
330
1036
100
AcDbXrecord
280
     1
290
     1
  0
XRECORD
  5
1039
102
{ACAD_REACTORS
330
1038
102
}
330
1038
100
AcDbXrecord
280
     1
290
     1
  0
XRECORD
  5
103B
102
{ACAD_REACTORS
330
103A
102
}
330
103A
100
AcDbXrecord
280
     1
290
     1
  0
XRECORD
  5
103D
102
{ACAD_REACTORS
330
103C
102
}
330
103C
100
AcDbXrecord
280
     1
290
     1
  0
XRECORD
  5
103F
102
{ACAD_REACTORS
330
103E
102
}
330
103E
100
AcDbXrecord
280
     1
290
     1
  0
XRECORD
  5
1041
102
{ACAD_REACTORS
330
1040
102
}
330
1040
100
AcDbXrecord
280
     1
290
     1
  0
XRECORD
  5
1043
102
{ACAD_REACTORS
330
1042
102
}
330
1042
100
AcDbXrecord
280
     1
290
     1
  0
XRECORD
  5
1045
102
{ACAD_REACTORS
330
1044
102
}
330
1044
100
AcDbXrecord
280
     1
290
     1
  0
XRECORD
  5
1047
102
{ACAD_REACTORS
330
1046
102
}
330
1046
100
AcDbXrecord
280
     1
290
     1
  0
XRECORD
  5
1049
102
{ACAD_REACTORS
330
1048
102
}
330
1048
100
AcDbXrecord
280
     1
290
     1
  0
XRECORD
  5
104B
102
{ACAD_REACTORS
330
104A
102
}
330
104A
100
AcDbXrecord
280
     1
290
     1
  0
XRECORD
  5
104D
102
{ACAD_REACTORS
330
104C
102
}
330
104C
100
AcDbXrecord
280
     1
290
     1
  0
XRECORD
  5
104F
102
{ACAD_REACTORS
330
104E
102
}
330
104E
100
AcDbXrecord
280
     1
290
     1
  0
XRECORD
  5
1051
102
{ACAD_REACTORS
330
1050
102
}
330
1050
100
AcDbXrecord
280
     1
290
     1
  0
XRECORD
  5
1053
102
{ACAD_REACTORS
330
1052
102
}
330
1052
100
AcDbXrecord
280
     1
290
     1
  0
XRECORD
  5
1055
102
{ACAD_REACTORS
330
1054
102
}
330
1054
100
AcDbXrecord
280
     1
290
     1
  0
XRECORD
  5
1057
102
{ACAD_REACTORS
330
1056
102
}
330
1056
100
AcDbXrecord
280
     1
290
     1
  0
XRECORD
  5
1059
102
{ACAD_REACTORS
330
1058
102
}
330
1058
100
AcDbXrecord
280
     1
290
     1
  0
XRECORD
  5
105B
102
{ACAD_REACTORS
330
105A
102
}
330
105A
100
AcDbXrecord
280
     1
290
     1
  0
XRECORD
  5
105D
102
{ACAD_REACTORS
330
105C
102
}
330
105C
100
AcDbXrecord
280
     1
290
     1
  0
XRECORD
  5
105F
102
{ACAD_REACTORS
330
105E
102
}
330
105E
100
AcDbXrecord
280
     1
290
     1
  0
XRECORD
  5
1061
102
{ACAD_REACTORS
330
1060
102
}
330
1060
100
AcDbXrecord
280
     1
290
     1
  0
XRECORD
  5
1063
102
{ACAD_REACTORS
330
1062
102
}
330
1062
100
AcDbXrecord
280
     1
290
     1
  0
XRECORD
  5
1065
102
{ACAD_REACTORS
330
1064
102
}
330
1064
100
AcDbXrecord
280
     1
290
     1
  0
XRECORD
  5
1067
102
{ACAD_REACTORS
330
1066
102
}
330
1066
100
AcDbXrecord
280
     1
290
     1
  0
XRECORD
  5
1069
102
{ACAD_REACTORS
330
1068
102
}
330
1068
100
AcDbXrecord
280
     1
290
     1
  0
XRECORD
  5
106B
102
{ACAD_REACTORS
330
106A
102
}
330
106A
100
AcDbXrecord
280
     1
290
     1
  0
XRECORD
  5
106D
102
{ACAD_REACTORS
330
106C
102
}
330
106C
100
AcDbXrecord
280
     1
290
     1
  0
XRECORD
  5
106F
102
{ACAD_REACTORS
330
106E
102
}
330
106E
100
AcDbXrecord
280
     1
290
     1
  0
XRECORD
  5
1071
102
{ACAD_REACTORS
330
1070
102
}
330
1070
100
AcDbXrecord
280
     1
290
     1
  0
XRECORD
  5
1073
102
{ACAD_REACTORS
330
1072
102
}
330
1072
100
AcDbXrecord
280
     1
290
     1
  0
XRECORD
  5
1075
102
{ACAD_REACTORS
330
1074
102
}
330
1074
100
AcDbXrecord
280
     1
290
     1
  0
XRECORD
  5
1077
102
{ACAD_REACTORS
330
1076
102
}
330
1076
100
AcDbXrecord
280
     1
290
     1
  0
XRECORD
  5
1079
102
{ACAD_REACTORS
330
1078
102
}
330
1078
100
AcDbXrecord
280
     1
290
     1
  0
XRECORD
  5
107B
102
{ACAD_REACTORS
330
107A
102
}
330
107A
100
AcDbXrecord
280
     1
290
     1
  0
XRECORD
  5
107D
102
{ACAD_REACTORS
330
107C
102
}
330
107C
100
AcDbXrecord
280
     1
290
     1
  0
XRECORD
  5
107F
102
{ACAD_REACTORS
330
107E
102
}
330
107E
100
AcDbXrecord
280
     1
290
     1
  0
XRECORD
  5
1081
102
{ACAD_REACTORS
330
1080
102
}
330
1080
100
AcDbXrecord
280
     1
290
     1
  0
XRECORD
  5
1083
102
{ACAD_REACTORS
330
1082
102
}
330
1082
100
AcDbXrecord
280
     1
290
     1
  0
XRECORD
  5
1085
102
{ACAD_REACTORS
330
1084
102
}
330
1084
100
AcDbXrecord
280
     1
290
     1
  0
XRECORD
  5
1087
102
{ACAD_REACTORS
330
1086
102
}
330
1086
100
AcDbXrecord
280
     1
290
     1
  0
XRECORD
  5
1089
102
{ACAD_REACTORS
330
1088
102
}
330
1088
100
AcDbXrecord
280
     1
290
     1
  0
XRECORD
  5
108B
102
{ACAD_REACTORS
330
108A
102
}
330
108A
100
AcDbXrecord
280
     1
290
     1
  0
XRECORD
  5
108D
102
{ACAD_REACTORS
330
108C
102
}
330
108C
100
AcDbXrecord
280
     1
290
     1
  0
XRECORD
  5
108F
102
{ACAD_REACTORS
330
108E
102
}
330
108E
100
AcDbXrecord
280
     1
290
     1
  0
XRECORD
  5
1091
102
{ACAD_REACTORS
330
1090
102
}
330
1090
100
AcDbXrecord
280
     1
290
     1
  0
XRECORD
  5
1093
102
{ACAD_REACTORS
330
1092
102
}
330
1092
100
AcDbXrecord
280
     1
290
     1
  0
XRECORD
  5
1095
102
{ACAD_REACTORS
330
1094
102
}
330
1094
100
AcDbXrecord
280
     1
290
     1
  0
XRECORD
  5
1097
102
{ACAD_REACTORS
330
1096
102
}
330
1096
100
AcDbXrecord
280
     1
290
     1
  0
XRECORD
  5
1099
102
{ACAD_REACTORS
330
1098
102
}
330
1098
100
AcDbXrecord
280
     1
290
     1
  0
XRECORD
  5
109B
102
{ACAD_REACTORS
330
109A
102
}
330
109A
100
AcDbXrecord
280
     1
290
     1
  0
XRECORD
  5
109D
102
{ACAD_REACTORS
330
109C
102
}
330
109C
100
AcDbXrecord
280
     1
290
     1
  0
XRECORD
  5
109F
102
{ACAD_REACTORS
330
109E
102
}
330
109E
100
AcDbXrecord
280
     1
290
     1
  0
XRECORD
  5
10A1
102
{ACAD_REACTORS
330
10A0
102
}
330
10A0
100
AcDbXrecord
280
     1
290
     1
  0
XRECORD
  5
10A3
102
{ACAD_REACTORS
330
10A2
102
}
330
10A2
100
AcDbXrecord
280
     1
290
     1
  0
XRECORD
  5
10A5
102
{ACAD_REACTORS
330
10A4
102
}
330
10A4
100
AcDbXrecord
280
     1
290
     1
  0
XRECORD
  5
10A7
102
{ACAD_REACTORS
330
10A6
102
}
330
10A6
100
AcDbXrecord
280
     1
290
     1
  0
XRECORD
  5
10A9
102
{ACAD_REACTORS
330
10A8
102
}
330
10A8
100
AcDbXrecord
280
     1
290
     1
  0
XRECORD
  5
10AB
102
{ACAD_REACTORS
330
10AA
102
}
330
10AA
100
AcDbXrecord
280
     1
290
     1
  0
XRECORD
  5
10AD
102
{ACAD_REACTORS
330
10AC
102
}
330
10AC
100
AcDbXrecord
280
     1
290
     1
  0
XRECORD
  5
10AF
102
{ACAD_REACTORS
330
10AE
102
}
330
10AE
100
AcDbXrecord
280
     1
290
     1
  0
XRECORD
  5
10B1
102
{ACAD_REACTORS
330
10B0
102
}
330
10B0
100
AcDbXrecord
280
     1
290
     1
  0
XRECORD
  5
10B3
102
{ACAD_REACTORS
330
10B2
102
}
330
10B2
100
AcDbXrecord
280
     1
290
     1
  0
XRECORD
  5
10B5
102
{ACAD_REACTORS
330
10B4
102
}
330
10B4
100
AcDbXrecord
280
     1
290
     1
  0
XRECORD
  5
10B7
102
{ACAD_REACTORS
330
10B6
102
}
330
10B6
100
AcDbXrecord
280
     1
290
     1
  0
XRECORD
  5
10B9
102
{ACAD_REACTORS
330
10B8
102
}
330
10B8
100
AcDbXrecord
280
     1
290
     1
  0
XRECORD
  5
10BB
102
{ACAD_REACTORS
330
10BA
102
}
330
10BA
100
AcDbXrecord
280
     1
290
     1
  0
XRECORD
  5
10BD
102
{ACAD_REACTORS
330
10BC
102
}
330
10BC
100
AcDbXrecord
280
     1
290
     1
  0
XRECORD
  5
10BF
102
{ACAD_REACTORS
330
10BE
102
}
330
10BE
100
AcDbXrecord
280
     1
290
     1
  0
XRECORD
  5
10C1
102
{ACAD_REACTORS
330
10C0
102
}
330
10C0
100
AcDbXrecord
280
     1
290
     1
  0
XRECORD
  5
10C3
102
{ACAD_REACTORS
330
10C2
102
}
330
10C2
100
AcDbXrecord
280
     1
290
     1
  0
XRECORD
  5
10C5
102
{ACAD_REACTORS
330
10C4
102
}
330
10C4
100
AcDbXrecord
280
     1
290
     1
  0
XRECORD
  5
10C7
102
{ACAD_REACTORS
330
10C6
102
}
330
10C6
100
AcDbXrecord
280
     1
290
     1
  0
XRECORD
  5
10C9
102
{ACAD_REACTORS
330
10C8
102
}
330
10C8
100
AcDbXrecord
280
     1
290
     1
  0
XRECORD
  5
10CB
102
{ACAD_REACTORS
330
10CA
102
}
330
10CA
100
AcDbXrecord
280
     1
290
     1
  0
XRECORD
  5
10CD
102
{ACAD_REACTORS
330
10CC
102
}
330
10CC
100
AcDbXrecord
280
     1
290
     1
  0
XRECORD
  5
10CF
102
{ACAD_REACTORS
330
10CE
102
}
330
10CE
100
AcDbXrecord
280
     1
290
     1
  0
XRECORD
  5
10D1
102
{ACAD_REACTORS
330
10D0
102
}
330
10D0
100
AcDbXrecord
280
     1
290
     1
  0
XRECORD
  5
10D3
102
{ACAD_REACTORS
330
10D2
102
}
330
10D2
100
AcDbXrecord
280
     1
290
     1
  0
XRECORD
  5
10D5
102
{ACAD_REACTORS
330
10D4
102
}
330
10D4
100
AcDbXrecord
280
     1
290
     1
  0
XRECORD
  5
10D7
102
{ACAD_REACTORS
330
10D6
102
}
330
10D6
100
AcDbXrecord
280
     1
290
     1
  0
XRECORD
  5
10D9
102
{ACAD_REACTORS
330
10D8
102
}
330
10D8
100
AcDbXrecord
280
     1
290
     1
  0
XRECORD
  5
10DB
102
{ACAD_REACTORS
330
10DA
102
}
330
10DA
100
AcDbXrecord
280
     1
290
     1
  0
XRECORD
  5
10DD
102
{ACAD_REACTORS
330
10DC
102
}
330
10DC
100
AcDbXrecord
280
     1
290
     1
  0
XRECORD
  5
10DF
102
{ACAD_REACTORS
330
10DE
102
}
330
10DE
100
AcDbXrecord
280
     1
290
     1
  0
XRECORD
  5
10E1
102
{ACAD_REACTORS
330
10E0
102
}
330
10E0
100
AcDbXrecord
280
     1
290
     1
  0
XRECORD
  5
10E3
102
{ACAD_REACTORS
330
10E2
102
}
330
10E2
100
AcDbXrecord
280
     1
290
     1
  0
XRECORD
  5
10E5
102
{ACAD_REACTORS
330
10E4
102
}
330
10E4
100
AcDbXrecord
280
     1
290
     1
  0
XRECORD
  5
10E7
102
{ACAD_REACTORS
330
10E6
102
}
330
10E6
100
AcDbXrecord
280
     1
290
     1
  0
XRECORD
  5
10E9
102
{ACAD_REACTORS
330
10E8
102
}
330
10E8
100
AcDbXrecord
280
     1
290
     1
  0
XRECORD
  5
10EB
102
{ACAD_REACTORS
330
10EA
102
}
330
10EA
100
AcDbXrecord
280
     1
290
     1
  0
XRECORD
  5
10ED
102
{ACAD_REACTORS
330
10EC
102
}
330
10EC
100
AcDbXrecord
280
     1
290
     1
  0
XRECORD
  5
10EF
102
{ACAD_REACTORS
330
10EE
102
}
330
10EE
100
AcDbXrecord
280
     1
290
     1
  0
XRECORD
  5
10F1
102
{ACAD_REACTORS
330
10F0
102
}
330
10F0
100
AcDbXrecord
280
     1
290
     1
  0
XRECORD
  5
10F3
102
{ACAD_REACTORS
330
10F2
102
}
330
10F2
100
AcDbXrecord
280
     1
290
     1
  0
XRECORD
  5
10F5
102
{ACAD_REACTORS
330
10F4
102
}
330
10F4
100
AcDbXrecord
280
     1
290
     1
  0
XRECORD
  5
10F7
102
{ACAD_REACTORS
330
10F6
102
}
330
10F6
100
AcDbXrecord
280
     1
290
     1
  0
XRECORD
  5
10F9
102
{ACAD_REACTORS
330
10F8
102
}
330
10F8
100
AcDbXrecord
280
     1
290
     1
  0
ACDBDETAILVIEWSTYLE
  5
6A
102
{ACAD_REACTORS
330
69
102
}
330
69
100
AcDbModelDocViewStyle
 70
     0
  3
Imperial24
290
     0
300
Imperial24
 90
        0
100
AcDbDetailViewStyle
 70
     0
 71
     0
 90
        3
 71
     1
340
55
 62
   256
 40
0.24
340
0
 62
   256
 40
0.24
300

 40
0.36
280
     3
 71
     2
340
5C
 90
       25
 62
   256
 71
     3
340
55
 62
   256
 40
0.24
 90
        1
 40
0.75
 90
        1
300
%<\AcVar ViewType \f "%tc1">% %<\AcVar ViewDetailId>%\PSCALE %<\AcVar ViewScale \f "%sn">%
 71
     4
340
5C
 90
       25
 62
   256
340
5C
 90
       25
 62
   256
280
     0
  0
LAYOUT
  5
72
102
{ACAD_REACTORS
330
61
102
}
330
61
100
AcDbPlotSettings
  1

  2
Microsoft Print to PDF
  4

  6

 40
0.0
 41
0.0
 42
0.0
 43
0.0
 44
0.0
 45
0.0
 46
0.0
 47
0.0
 48
0.0
 49
0.0
140
0.0
141
0.0
142
1.0
143
1.0
 70
  1712
 72
     0
 73
     0
 74
     0
  7

 75
     0
147
1.0
 76
     0
 77
     2
 78
   300
148
0.0
149
0.0
100
AcDbLayout
  1
Model
 70
     1
 71
     0
 10
0.0
 20
0.0
 11
12.0
 21
9.0
 12
0.0
 22
0.0
 32
0.0
 14
0.0
 24
0.0
 34
0.0
 15
0.0
 25
0.0
 35
0.0
146
0.0
 13
0.0
 23
0.0
 33
0.0
 16
1.0
 26
0.0
 36
0.0
 17
0.0
 27
1.0
 37
0.0
 76
     0
330
6F
331
74
  0
LAYOUT
  5
6E
102
{ACAD_REACTORS
330
61
102
}
330
61
100
AcDbPlotSettings
  1

  2
Microsoft Print to PDF
  4

  6

 40
0.0
 41
0.0
 42
0.0
 43
0.0
 44
0.0
 45
0.0
 46
0.0
 47
0.0
 48
0.0
 49
0.0
140
0.0
141
0.0
142
1.0
143
1.0
 70
   688
 72
     0
 73
     0
 74
     5
  7

 75
    16
147
1.0
 76
     0
 77
     2
 78
   300
148
0.0
149
0.0
100
AcDbLayout
  1
布局1
 70
     1
 71
     1
 10
0.0
 20
0.0
 11
12.0
 21
9.0
 12
0.0
 22
0.0
 32
0.0
 14
1.000000000000000E+20
 24
1.000000000000000E+20
 34
1.000000000000000E+20
 15
-1.000000000000000E+20
 25
-1.000000000000000E+20
 35
-1.000000000000000E+20
146
0.0
 13
0.0
 23
0.0
 33
0.0
 16
1.0
 26
0.0
 36
0.0
 17
0.0
 27
1.0
 37
0.0
 76
     0
330
6B
  0
MATERIAL
  5
19
102
{ACAD_XDICTIONARY
360
1A
102
}
102
{ACAD_REACTORS
330
10
102
}
330
10
100
AcDbMaterial
  1
ByBlock
 72
     0
 43
0.0208333333333333
 43
0.0
 43
0.0
 43
0.0
 43
0.0
 43
0.0208333333333333
 43
0.0
 43
0.0
 43
0.0
 43
0.0
 43
1.0
 43
0.0
 43
0.0
 43
0.0
 43
0.0
 43
1.0
 77
     0
 47
0.0208333333333333
 47
0.0
 47
0.0
 47
0.0
 47
0.0
 47
0.0208333333333333
 47
0.0
 47
0.0
 47
0.0
 47
0.0
 47
1.0
 47
0.0
 47
0.0
 47
0.0
 47
0.0
 47
1.0
171
     0
 49
0.0208333333333333
 49
0.0
 49
0.0
 49
0.0
 49
0.0
 49
0.0208333333333333
 49
0.0
 49
0.0
 49
0.0
 49
0.0
 49
1.0
 49
0.0
 49
0.0
 49
0.0
 49
0.0
 49
1.0
175
     0
142
0.0208333333333333
142
0.0
142
0.0
142
0.0
142
0.0
142
0.0208333333333333
142
0.0
142
0.0
142
0.0
142
0.0
142
1.0
142
0.0
142
0.0
142
0.0
142
0.0
142
1.0
179
     0
144
0.0208333333333333
144
0.0
144
0.0
144
0.0
144
0.0
144
0.0208333333333333
144
0.0
144
0.0
144
0.0
144
0.0
144
1.0
144
0.0
144
0.0
144
0.0
144
0.0
144
1.0
147
0.0208333333333333
147
0.0
147
0.0
147
0.0
147
0.0
147
0.0208333333333333
147
0.0
147
0.0
147
0.0
147
0.0
147
1.0
147
0.0
147
0.0
147
0.0
147
0.0
147
1.0
  0
MATERIAL
  5
11
102
{ACAD_XDICTIONARY
360
12
102
}
102
{ACAD_REACTORS
330
10
102
}
330
10
100
AcDbMaterial
  1
ByLayer
 72
     0
 43
0.0208333333333333
 43
0.0
 43
0.0
 43
0.0
 43
0.0
 43
0.0208333333333333
 43
0.0
 43
0.0
 43
0.0
 43
0.0
 43
1.0
 43
0.0
 43
0.0
 43
0.0
 43
0.0
 43
1.0
 77
     0
 47
0.0208333333333333
 47
0.0
 47
0.0
 47
0.0
 47
0.0
 47
0.0208333333333333
 47
0.0
 47
0.0
 47
0.0
 47
0.0
 47
1.0
 47
0.0
 47
0.0
 47
0.0
 47
0.0
 47
1.0
171
     0
 49
0.0208333333333333
 49
0.0
 49
0.0
 49
0.0
 49
0.0
 49
0.0208333333333333
 49
0.0
 49
0.0
 49
0.0
 49
0.0
 49
1.0
 49
0.0
 49
0.0
 49
0.0
 49
0.0
 49
1.0
175
     0
142
0.0208333333333333
142
0.0
142
0.0
142
0.0
142
0.0
142
0.0208333333333333
142
0.0
142
0.0
142
0.0
142
0.0
142
1.0
142
0.0
142
0.0
142
0.0
142
0.0
142
1.0
179
     0
144
0.0208333333333333
144
0.0
144
0.0
144
0.0
144
0.0
144
0.0208333333333333
144
0.0
144
0.0
144
0.0
144
0.0
144
1.0
144
0.0
144
0.0
144
0.0
144
0.0
144
1.0
147
0.0208333333333333
147
0.0
147
0.0
147
0.0
147
0.0
147
0.0208333333333333
147
0.0
147
0.0
147
0.0
147
0.0
147
1.0
147
0.0
147
0.0
147
0.0
147
0.0
147
1.0
  0
MATERIAL
  5
21
102
{ACAD_XDICTIONARY
360
22
102
}
102
{ACAD_REACTORS
330
10
102
}
330
10
100
AcDbMaterial
  1
Global
 72
     0
 43
0.0208333333333333
 43
0.0
 43
0.0
 43
0.0
 43
0.0
 43
0.0208333333333333
 43
0.0
 43
0.0
 43
0.0
 43
0.0
 43
1.0
 43
0.0
 43
0.0
 43
0.0
 43
0.0
 43
1.0
 77
     0
 47
0.0208333333333333
 47
0.0
 47
0.0
 47
0.0
 47
0.0
 47
0.0208333333333333
 47
0.0
 47
0.0
 47
0.0
 47
0.0
 47
1.0
 47
0.0
 47
0.0
 47
0.0
 47
0.0
 47
1.0
171
     0
 49
0.0208333333333333
 49
0.0
 49
0.0
 49
0.0
 49
0.0
 49
0.0208333333333333
 49
0.0
 49
0.0
 49
0.0
 49
0.0
 49
1.0
 49
0.0
 49
0.0
 49
0.0
 49
0.0
 49
1.0
175
     0
142
0.0208333333333333
142
0.0
142
0.0
142
0.0
142
0.0
142
0.0208333333333333
142
0.0
142
0.0
142
0.0
142
0.0
142
1.0
142
0.0
142
0.0
142
0.0
142
0.0
142
1.0
179
     0
144
0.0208333333333333
144
0.0
144
0.0
144
0.0
144
0.0
144
0.0208333333333333
144
0.0
144
0.0
144
0.0
144
0.0
144
1.0
144
0.0
144
0.0
144
0.0
144
0.0
144
1.0
147
0.0208333333333333
147
0.0
147
0.0
147
0.0
147
0.0
147
0.0208333333333333
147
0.0
147
0.0
147
0.0
147
0.0
147
1.0
147
0.0
147
0.0
147
0.0
147
0.0
147
1.0
  0
MLEADERSTYLE
  5
66
102
{ACAD_REACTORS
330
65
102
}
330
65
100
AcDbMLeaderStyle
179
     2
170
     2
171
     1
172
     0
 90
        2
 40
0.0
 41
0.0
173
     1
 91
-1056964608
340
5A
 92
       -2
290
     1
 42
0.09
291
     1
 43
0.36
  3
Standard
 44
0.18
300

342
55
174
     1
178
     6
175
     1
176
     0
 93
-1056964608
 45
0.18
292
     0
297
     0
 46
0.18
 94
-1056964608
 47
1.0
 49
1.0
140
1.0
293
     1
141
0.0
294
     1
177
     0
142
1.0
295
     0
296
     0
143
0.125
271
     0
272
     9
273
     9
298
     0
  0
MLINESTYLE
  5
5F
102
{ACAD_REACTORS
330
5E
102
}
330
5E
100
AcDbMlineStyle
  2
STANDARD
 70
     0
  3

 62
   256
 51
90.0
 52
90.0
 71
     2
 49
0.5
 62
   256
  6
BYLAYER
 49
-0.5
 62
   256
  6
BYLAYER
  0
ACDBPLACEHOLDER
  5
F
102
{ACAD_REACTORS
330
E
102
}
330
E
  0
SCALE
  5
43
102
{ACAD_REACTORS
330
42
102
}
330
42
100
AcDbScale
 70
     0
300
1:1
140
1.0
141
1.0
290
     1
  0
SCALE
  5
44
102
{ACAD_REACTORS
330
42
102
}
330
42
100
AcDbScale
 70
     0
300
1/128" = 1'-0"
140
0.0078125
141
12.0
290
     0
  0
SCALE
  5
45
102
{ACAD_REACTORS
330
42
102
}
330
42
100
AcDbScale
 70
     0
300
1/64" = 1'-0"
140
0.015625
141
12.0
290
     0
  0
SCALE
  5
46
102
{ACAD_REACTORS
330
42
102
}
330
42
100
AcDbScale
 70
     0
300
1/32" = 1'-0"
140
0.03125
141
12.0
290
     0
  0
SCALE
  5
47
102
{ACAD_REACTORS
330
42
102
}
330
42
100
AcDbScale
 70
     0
300
1/16" = 1'-0"
140
0.0625
141
12.0
290
     0
  0
SCALE
  5
48
102
{ACAD_REACTORS
330
42
102
}
330
42
100
AcDbScale
 70
     0
300
3/32" = 1'-0"
140
0.09375
141
12.0
290
     0
  0
SCALE
  5
49
102
{ACAD_REACTORS
330
42
102
}
330
42
100
AcDbScale
 70
     0
300
1/8" = 1'-0"
140
0.125
141
12.0
290
     0
  0
SCALE
  5
4A
102
{ACAD_REACTORS
330
42
102
}
330
42
100
AcDbScale
 70
     0
300
3/16" = 1'-0"
140
0.1875
141
12.0
290
     0
  0
SCALE
  5
4B
102
{ACAD_REACTORS
330
42
102
}
330
42
100
AcDbScale
 70
     0
300
1/4" = 1'-0"
140
0.25
141
12.0
290
     0
  0
SCALE
  5
4C
102
{ACAD_REACTORS
330
42
102
}
330
42
100
AcDbScale
 70
     0
300
3/8" = 1'-0"
140
0.375
141
12.0
290
     0
  0
SCALE
  5
4D
102
{ACAD_REACTORS
330
42
102
}
330
42
100
AcDbScale
 70
     0
300
1/2" = 1'-0"
140
0.5
141
12.0
290
     0
  0
SCALE
  5
4E
102
{ACAD_REACTORS
330
42
102
}
330
42
100
AcDbScale
 70
     0
300
3/4" = 1'-0"
140
0.75
141
12.0
290
     0
  0
SCALE
  5
4F
102
{ACAD_REACTORS
330
42
102
}
330
42
100
AcDbScale
 70
     0
300
1" = 1'-0"
140
1.0
141
12.0
290
     0
  0
SCALE
  5
50
102
{ACAD_REACTORS
330
42
102
}
330
42
100
AcDbScale
 70
     0
300
1-1/2" = 1'-0"
140
1.5
141
12.0
290
     0
  0
SCALE
  5
51
102
{ACAD_REACTORS
330
42
102
}
330
42
100
AcDbScale
 70
     0
300
3" = 1'-0"
140
3.0
141
12.0
290
     0
  0
SCALE
  5
52
102
{ACAD_REACTORS
330
42
102
}
330
42
100
AcDbScale
 70
     0
300
6" = 1'-0"
140
6.0
141
12.0
290
     0
  0
SCALE
  5
53
102
{ACAD_REACTORS
330
42
102
}
330
42
100
AcDbScale
 70
     0
300
1'-0" = 1'-0"
140
12.0
141
12.0
290
     0
  0
ACDBSECTIONVIEWSTYLE
  5
68
102
{ACAD_REACTORS
330
67
102
}
330
67
100
AcDbModelDocViewStyle
 70
     0
  3
Imperial24
290
     0
300
Imperial24
 90
        0
100
AcDbSectionViewStyle
 70
     0
 71
     0
 90
       78
 71
     1
340
55
 62
   256
 40
0.24
340
0
340
0
 62
   256
 40
0.24
300
I, O, Q, S, X, Z
 40
0.48
 90
        3
 40
0.18
 90
        1
 71
     2
340
5C
 90
       25
 62
   256
340
5C
 90
       50
 62
   256
 40
0.24
 40
0.0
 40
0.24
 71
     3
340
55
 62
   256
 40
0.24
 90
        1
 40
0.75
 90
        1
300
%<\AcVar ViewType \f "%tc1">% %<\AcVar ViewSectionStartId>%-%<\AcVar ViewSectionEndId>%\PSCALE %<\AcVar ViewScale \f "%sn">%
 71
     4
 62
   256
 62
   257
300
ANSI31
 40
1.0
 90
        0
290
     0
290
     0
 90
        6
 40
0.0
 40
1.570796326794896
 40
0.2617993877991494
 40
1.308996938995747
 40
-0.2617993877991494
 40
1.832595714594046
  0
TABLESTYLE
  5
64
102
{ACAD_XDICTIONARY
360
1111
102
}
102
{ACAD_REACTORS
330
63
102
}
330
63
100
AcDbTableStyle
280
     0
  3
Standard
 70
     0
 71
     0
 40
0.06
 41
0.06
280
     0
281
     0
  7
Standard
140
0.18
170
     2
 62
     0
 63
     7
283
     0
 90
      512
 91
        0
  1

274
    -2
284
     1
 64
     0
275
    -2
285
     1
 65
     0
276
    -2
286
     1
 66
     0
277
    -2
287
     1
 67
     0
278
    -2
288
     1
 68
     0
279
    -2
289
     1
 69
     0
  7
Standard
140
0.25
170
     5
 62
     0
 63
     7
283
     0
 90
      512
 91
        0
  1

274
    -2
284
     1
 64
     0
275
    -2
285
     1
 65
     0
276
    -2
286
     1
 66
     0
277
    -2
287
     1
 67
     0
278
    -2
288
     1
 68
     0
279
    -2
289
     1
 69
     0
  7
Standard
140
0.18
170
     5
 62
     0
 63
     7
283
     0
 90
      512
 91
        0
  1

274
    -2
284
     1
 64
     0
275
    -2
285
     1
 65
     0
276
    -2
286
     1
 66
     0
277
    -2
287
     1
 67
     0
278
    -2
288
     1
 68
     0
279
    -2
289
     1
 69
     0
  0
VISUALSTYLE
  5
2F
102
{ACAD_REACTORS
330
29
102
}
330
29
100
AcDbVisualStyle
  2
2dWireframe
 70
     4
177
     3
291
     0
 70
    58
 90
        0
176
     1
 90
        2
176
     1
 90
        0
176
     1
 90
        0
176
     1
 40
0.6
176
     1
 40
30.0
176
     1
 62
     7
420
 16777215
176
     1
 90
        1
176
     1
 90
        4
176
     1
 62
     7
176
     1
 62
   257
176
     1
 90
        1
176
     1
 90
        1
176
     1
 40
1.0
176
     1
 90
        0
176
     1
 62
   257
176
     1
 40
1.0
176
     1
 90
        1
176
     1
 90
        6
176
     1
 90
        2
176
     1
 62
     7
176
     1
 90
        5
176
     1
 90
        0
176
     1
 90
        0
176
     1
290
     0
176
     1
 90
        1
176
     1
 40
0.0
176
     1
 90
        0
176
     1
290
     1
176
     1
290
     1
176
     1
290
     0
176
     1
290
     0
176
     1
290
     0
176
     1
290
     0
176
     1
290
     0
176
     1
290
     0
176
     1
290
     0
176
     1
 90
       50
176
     1
 40
0.0
176
     1
 40
1.0
176
     1
 90
        0
176
     1
 62
    18
420
        0
176
     1
 90
       50
176
     1
 90
        3
176
     1
 62
     5
420
      255
176
     1
290
     0
176
     1
 90
       50
176
     1
 90
       50
176
     1
 90
       50
176
     1
290
     0
176
     1
 90
       50
176
     1
 62
   256
176
     0
 40
1.0
176
     0
 90
        2
176
     1
  1
strokes_ogs.tif
176
     1
290
     0
176
     1
 40
1.0
176
     1
 40
1.0
176
     1
  0
VISUALSTYLE
  5
2E
102
{ACAD_REACTORS
330
29
102
}
330
29
100
AcDbVisualStyle
  2
Basic
 70
     7
177
     3
291
     1
 70
    58
 90
        1
176
     1
 90
        0
176
     1
 90
        1
176
     1
 90
        0
176
     1
 40
0.6
176
     1
 40
30.0
176
     1
 62
     7
420
 16777215
176
     1
 90
        0
176
     1
 90
        4
176
     1
 62
     7
176
     1
 62
   257
176
     1
 90
        1
176
     1
 90
        1
176
     1
 40
1.0
176
     1
 90
        8
176
     1
 62
     7
176
     1
 40
1.0
176
     1
 90
        1
176
     1
 90
        6
176
     1
 90
        2
176
     1
 62
     7
176
     1
 90
        5
176
     1
 90
        0
176
     1
 90
        0
176
     1
290
     0
176
     1
 90
        1
176
     1
 40
0.0
176
     1
 90
        0
176
     1
290
     0
176
     1
290
     1
176
     1
290
     1
176
     1
290
     0
176
     1
290
     0
176
     1
290
     0
176
     1
290
     0
176
     1
290
     0
176
     1
290
     0
176
     1
 90
       50
176
     1
 40
0.0
176
     1
 40
1.0
176
     1
 90
        0
176
     1
 62
    18
420
        0
176
     1
 90
       50
176
     1
 90
        3
176
     1
 62
     5
420
      255
176
     1
290
     0
176
     1
 90
       50
176
     1
 90
       50
176
     1
 90
       50
176
     1
290
     0
176
     1
 90
       50
176
     1
 62
   256
176
     0
 40
1.0
176
     0
 90
        2
176
     1
  1
strokes_ogs.tif
176
     1
290
     0
176
     1
 40
1.0
176
     1
 40
1.0
176
     1
  0
VISUALSTYLE
  5
35
102
{ACAD_REACTORS
330
29
102
}
330
29
100
AcDbVisualStyle
  2
Brighten
 70
    12
177
     3
291
     1
 70
    58
 90
        2
176
     1
 90
        2
176
     1
 90
        0
176
     1
 90
        0
176
     1
 40
0.6
176
     1
 40
30.0
176
     1
 62
     7
420
 16777215
176
     1
 90
        1
176
     1
 90
        4
176
     1
 62
     7
176
     1
 62
   257
176
     1
 90
        1
176
     1
 90
        1
176
     1
 40
1.0
176
     1
 90
        8
176
     1
 62
     7
176
     1
 40
1.0
176
     1
 90
        1
176
     1
 90
        6
176
     1
 90
        2
176
     1
 62
     7
176
     1
 90
        5
176
     1
 90
        0
176
     1
 90
        0
176
     1
290
     0
176
     1
 90
        1
176
     1
 40
50.0
176
     1
 90
        0
176
     1
290
     0
176
     1
290
     1
176
     1
290
     1
176
     1
290
     0
176
     1
290
     0
176
     1
290
     0
176
     1
290
     0
176
     1
290
     0
176
     1
290
     0
176
     1
 90
       50
176
     1
 40
0.0
176
     1
 40
1.0
176
     1
 90
        0
176
     1
 62
    18
420
        0
176
     1
 90
       50
176
     1
 90
        3
176
     1
 62
     5
420
      255
176
     1
290
     0
176
     1
 90
       50
176
     1
 90
       50
176
     1
 90
       50
176
     1
290
     0
176
     1
 90
       50
176
     1
 62
   256
176
     0
 40
1.0
176
     0
 90
        2
176
     1
  1
strokes_ogs.tif
176
     1
290
     0
176
     1
 40
1.0
176
     1
 40
1.0
176
     1
  0
VISUALSTYLE
  5
39
102
{ACAD_REACTORS
330
29
102
}
330
29
100
AcDbVisualStyle
  2
ColorChange
 70
    16
177
     3
291
     1
 70
    58
 90
        2
176
     1
 90
        2
176
     1
 90
        3
176
     1
 90
        0
176
     1
 40
0.6
176
     1
 40
30.0
176
     1
 62
     8
420
  8421504
176
     1
 90
        1
176
     1
 90
        4
176
     1
 62
     7
176
     1
 62
   257
176
     1
 90
        1
176
     1
 90
        1
176
     1
 40
1.0
176
     1
 90
        8
176
     1
 62
     8
420
  8421504
176
     1
 40
1.0
176
     1
 90
        1
176
     1
 90
        6
176
     1
 90
        2
176
     1
 62
     7
176
     1
 90
        5
176
     1
 90
        0
176
     1
 90
        0
176
     1
290
     0
176
     1
 90
        1
176
     1
 40
0.0
176
     1
 90
        0
176
     1
290
     0
176
     1
290
     1
176
     1
290
     1
176
     1
290
     0
176
     1
290
     0
176
     1
290
     0
176
     1
290
     0
176
     1
290
     0
176
     1
290
     0
176
     1
 90
       50
176
     1
 40
0.0
176
     1
 40
1.0
176
     1
 90
        0
176
     1
 62
    18
420
        0
176
     1
 90
       50
176
     1
 90
        3
176
     1
 62
     5
420
      255
176
     1
290
     0
176
     1
 90
       50
176
     1
 90
       50
176
     1
 90
       50
176
     1
290
     0
176
     1
 90
       50
176
     1
 62
   256
176
     0
 40
1.0
176
     0
 90
        2
176
     1
  1
strokes_ogs.tif
176
     1
290
     0
176
     1
 40
1.0
176
     1
 40
1.0
176
     1
  0
VISUALSTYLE
  5
32
102
{ACAD_REACTORS
330
29
102
}
330
29
100
AcDbVisualStyle
  2
Conceptual
 70
     9
177
     3
291
     0
 70
    58
 90
        3
176
     1
 90
        2
176
     1
 90
        0
176
     1
 90
        0
176
     1
 40
0.6
176
     1
 40
30.0
176
     1
 62
     7
420
 16777215
176
     1
 90
        2
176
     1
 90
        2
176
     1
 62
     7
176
     1
 62
   257
176
     1
 90
        1
176
     1
 90
        1
176
     1
 40
179.0
176
     1
 90
        8
176
     1
 62
     7
176
     1
 40
1.0
176
     1
 90
        1
176
     1
 90
        6
176
     1
 90
        2
176
     1
 62
     7
176
     1
 90
        3
176
     1
 90
        0
176
     1
 90
        0
176
     1
290
     0
176
     1
 90
        1
176
     1
 40
0.0
176
     1
 90
        0
176
     1
290
     0
176
     1
290
     1
176
     1
290
     1
176
     1
290
     0
176
     1
290
     0
176
     1
290
     0
176
     1
290
     0
176
     1
290
     0
176
     1
290
     0
176
     1
 90
       50
176
     1
 40
0.0
176
     1
 40
1.0
176
     1
 90
        0
176
     1
 62
    18
420
        0
176
     1
 90
       50
176
     1
 90
        3
176
     1
 62
     5
420
      255
176
     1
290
     0
176
     1
 90
       50
176
     1
 90
       50
176
     1
 90
       50
176
     1
290
     0
176
     1
 90
       50
176
     1
 62
   256
176
     0
 40
1.0
176
     0
 90
        2
176
     1
  1
strokes_ogs.tif
176
     1
290
     0
176
     1
 40
1.0
176
     1
 40
1.0
176
     1
  0
VISUALSTYLE
  5
34
102
{ACAD_REACTORS
330
29
102
}
330
29
100
AcDbVisualStyle
  2
Dim
 70
    11
177
     3
291
     1
 70
    58
 90
        2
176
     1
 90
        2
176
     1
 90
        0
176
     1
 90
        0
176
     1
 40
0.6
176
     1
 40
30.0
176
     1
 62
     7
420
 16777215
176
     1
 90
        1
176
     1
 90
        4
176
     1
 62
     7
176
     1
 62
   257
176
     1
 90
        1
176
     1
 90
        1
176
     1
 40
1.0
176
     1
 90
        8
176
     1
 62
     7
176
     1
 40
1.0
176
     1
 90
        1
176
     1
 90
        6
176
     1
 90
        2
176
     1
 62
     7
176
     1
 90
        5
176
     1
 90
        0
176
     1
 90
        0
176
     1
290
     0
176
     1
 90
        1
176
     1
 40
-50.0
176
     1
 90
        0
176
     1
290
     0
176
     1
290
     1
176
     1
290
     1
176
     1
290
     0
176
     1
290
     0
176
     1
290
     0
176
     1
290
     0
176
     1
290
     0
176
     1
290
     0
176
     1
 90
       50
176
     1
 40
0.0
176
     1
 40
1.0
176
     1
 90
        0
176
     1
 62
    18
420
        0
176
     1
 90
       50
176
     1
 90
        3
176
     1
 62
     5
420
      255
176
     1
290
     0
176
     1
 90
       50
176
     1
 90
       50
176
     1
 90
       50
176
     1
290
     0
176
     1
 90
       50
176
     1
 62
   256
176
     0
 40
1.0
176
     0
 90
        2
176
     1
  1
strokes_ogs.tif
176
     1
290
     0
176
     1
 40
1.0
176
     1
 40
1.0
176
     1
  0
VISUALSTYLE
  5
41
102
{ACAD_REACTORS
330
29
102
}
330
29
100
AcDbVisualStyle
  2
EdgeColorOff
 70
    22
177
     3
291
     1
 70
    58
 90
        2
176
     0
 90
        2
176
     0
 90
        0
176
     0
 90
        0
176
     0
 40
0.6
176
     0
 40
30.0
176
     0
 62
     7
420
 16777215
176
     0
 90
        1
176
     0
 90
        4
176
     0
 62
     7
176
     0
 62
   257
176
     0
 90
        1
176
     0
 90
        1
176
     0
 40
1.0
176
     0
 90
        8
176
     2
 62
     7
176
     0
 40
1.0
176
     0
 90
        1
176
     0
 90
        6
176
     0
 90
        2
176
     0
 62
     7
176
     0
 90
        5
176
     0
 90
        0
176
     0
 90
        0
176
     0
290
     0
176
     0
 90
        1
176
     0
 40
0.0
176
     0
 90
        0
176
     0
290
     0
176
     1
290
     1
176
     1
290
     1
176
     1
290
     0
176
     1
290
     0
176
     1
290
     0
176
     1
290
     0
176
     1
290
     0
176
     1
290
     0
176
     1
 90
       50
176
     0
 40
0.0
176
     0
 40
1.0
176
     0
 90
        0
176
     0
 62
    18
420
        0
176
     0
 90
       50
176
     0
 90
        3
176
     0
 62
     5
420
      255
176
     0
290
     0
176
     1
 90
       50
176
     0
 90
       50
176
     0
 90
       50
176
     0
290
     0
176
     1
 90
       50
176
     0
 62
   256
176
     0
 40
1.0
176
     0
 90
        2
176
     0
  1
strokes_ogs.tif
176
     0
290
     0
176
     1
 40
1.0
176
     0
 40
1.0
176
     0
  0
VISUALSTYLE
  5
38
102
{ACAD_REACTORS
330
29
102
}
330
29
100
AcDbVisualStyle
  2
Facepattern
 70
    15
177
     3
291
     1
 70
    58
 90
        2
176
     1
 90
        2
176
     1
 90
        0
176
     1
 90
        0
176
     1
 40
0.6
176
     1
 40
30.0
176
     1
 62
     7
420
 16777215
176
     1
 90
        1
176
     1
 90
        4
176
     1
 62
     7
176
     1
 62
   257
176
     1
 90
        1
176
     1
 90
        1
176
     1
 40
1.0
176
     1
 90
        8
176
     1
 62
     7
176
     1
 40
1.0
176
     1
 90
        1
176
     1
 90
        6
176
     1
 90
        2
176
     1
 62
     7
176
     1
 90
        5
176
     1
 90
        0
176
     1
 90
        0
176
     1
290
     0
176
     1
 90
        1
176
     1
 40
0.0
176
     1
 90
        0
176
     1
290
     0
176
     1
290
     1
176
     1
290
     1
176
     1
290
     0
176
     1
290
     0
176
     1
290
     0
176
     1
290
     0
176
     1
290
     0
176
     1
290
     0
176
     1
 90
       50
176
     1
 40
0.0
176
     1
 40
1.0
176
     1
 90
        0
176
     1
 62
    18
420
        0
176
     1
 90
       50
176
     1
 90
        3
176
     1
 62
     5
420
      255
176
     1
290
     0
176
     1
 90
       50
176
     1
 90
       50
176
     1
 90
       50
176
     1
290
     0
176
     1
 90
       50
176
     1
 62
   256
176
     0
 40
1.0
176
     0
 90
        2
176
     1
  1
strokes_ogs.tif
176
     1
290
     0
176
     1
 40
1.0
176
     1
 40
1.0
176
     1
  0
VISUALSTYLE
  5
2A
102
{ACAD_REACTORS
330
29
102
}
330
29
100
AcDbVisualStyle
  2
Flat
 70
     0
177
     3
291
     1
 70
    58
 90
        2
176
     1
 90
        1
176
     1
 90
        1
176
     1
 90
        2
176
     1
 40
0.6
176
     1
 40
30.0
176
     1
 62
     7
420
 16777215
176
     1
 90
        0
176
     1
 90
        0
176
     1
 62
     7
176
     1
 62
   257
176
     1
 90
        1
176
     1
 90
        1
176
     1
 40
1.0
176
     1
 90
        8
176
     1
 62
     7
176
     1
 40
1.0
176
     1
 90
        1
176
     1
 90
        6
176
     1
 90
        2
176
     1
 62
     7
176
     1
 90
        5
176
     1
 90
        0
176
     1
 90
        0
176
     1
290
     0
176
     1
 90
       13
176
     1
 40
0.0
176
     1
 90
        0
176
     1
290
     0
176
     1
290
     1
176
     1
290
     1
176
     1
290
     0
176
     1
290
     0
176
     1
290
     0
176
     1
290
     0
176
     1
290
     0
176
     1
290
     0
176
     1
 90
       50
176
     1
 40
0.0
176
     1
 40
1.0
176
     1
 90
        0
176
     1
 62
    18
420
        0
176
     1
 90
       50
176
     1
 90
        3
176
     1
 62
     5
420
      255
176
     1
290
     0
176
     1
 90
       50
176
     1
 90
       50
176
     1
 90
       50
176
     1
290
     0
176
     1
 90
       50
176
     1
 62
   256
176
     0
 40
1.0
176
     0
 90
        2
176
     1
  1
strokes_ogs.tif
176
     1
290
     0
176
     1
 40
1.0
176
     1
 40
1.0
176
     1
  0
VISUALSTYLE
  5
2B
102
{ACAD_REACTORS
330
29
102
}
330
29
100
AcDbVisualStyle
  2
FlatWithEdges
 70
     1
177
     3
291
     1
 70
    58
 90
        2
176
     1
 90
        1
176
     1
 90
        1
176
     1
 90
        2
176
     1
 40
0.6
176
     1
 40
30.0
176
     1
 62
     7
420
 16777215
176
     1
 90
        1
176
     1
 90
        0
176
     1
 62
     7
176
     1
 62
   257
176
     1
 90
        1
176
     1
 90
        1
176
     1
 40
1.0
176
     1
 90
        0
176
     1
 62
   257
176
     1
 40
1.0
176
     1
 90
        1
176
     1
 90
        6
176
     1
 90
        2
176
     1
 62
     7
176
     1
 90
        5
176
     1
 90
        0
176
     1
 90
        0
176
     1
290
     0
176
     1
 90
       13
176
     1
 40
0.0
176
     1
 90
        0
176
     1
290
     0
176
     1
290
     1
176
     1
290
     1
176
     1
290
     0
176
     1
290
     0
176
     1
290
     0
176
     1
290
     0
176
     1
290
     0
176
     1
290
     0
176
     1
 90
       50
176
     1
 40
0.0
176
     1
 40
1.0
176
     1
 90
        0
176
     1
 62
    18
420
        0
176
     1
 90
       50
176
     1
 90
        3
176
     1
 62
     5
420
      255
176
     1
290
     0
176
     1
 90
       50
176
     1
 90
       50
176
     1
 90
       50
176
     1
290
     0
176
     1
 90
       50
176
     1
 62
   256
176
     0
 40
1.0
176
     0
 90
        2
176
     1
  1
strokes_ogs.tif
176
     1
290
     0
176
     1
 40
1.0
176
     1
 40
1.0
176
     1
  0
VISUALSTYLE
  5
2C
102
{ACAD_REACTORS
330
29
102
}
330
29
100
AcDbVisualStyle
  2
Gouraud
 70
     2
177
     3
291
     1
 70
    58
 90
        2
176
     1
 90
        2
176
     1
 90
        1
176
     1
 90
        2
176
     1
 40
0.6
176
     1
 40
30.0
176
     1
 62
     7
420
 16777215
176
     1
 90
        0
176
     1
 90
        0
176
     1
 62
     7
176
     1
 62
   257
176
     1
 90
        1
176
     1
 90
        1
176
     1
 40
1.0
176
     1
 90
        0
176
     1
 62
     7
176
     1
 40
1.0
176
     1
 90
        1
176
     1
 90
        6
176
     1
 90
        2
176
     1
 62
     7
176
     1
 90
        5
176
     1
 90
        0
176
     1
 90
        0
176
     1
290
     0
176
     1
 90
       13
176
     1
 40
0.0
176
     1
 90
        0
176
     1
290
     0
176
     1
290
     1
176
     1
290
     1
176
     1
290
     0
176
     1
290
     0
176
     1
290
     0
176
     1
290
     0
176
     1
290
     0
176
     1
290
     0
176
     1
 90
       50
176
     1
 40
0.0
176
     1
 40
1.0
176
     1
 90
        0
176
     1
 62
    18
420
        0
176
     1
 90
       50
176
     1
 90
        3
176
     1
 62
     5
420
      255
176
     1
290
     0
176
     1
 90
       50
176
     1
 90
       50
176
     1
 90
       50
176
     1
290
     0
176
     1
 90
       50
176
     1
 62
   256
176
     0
 40
1.0
176
     0
 90
        2
176
     1
  1
strokes_ogs.tif
176
     1
290
     0
176
     1
 40
1.0
176
     1
 40
1.0
176
     1
  0
VISUALSTYLE
  5
2D
102
{ACAD_REACTORS
330
29
102
}
330
29
100
AcDbVisualStyle
  2
GouraudWithEdges
 70
     3
177
     3
291
     1
 70
    58
 90
        2
176
     1
 90
        2
176
     1
 90
        1
176
     1
 90
        2
176
     1
 40
0.6
176
     1
 40
30.0
176
     1
 62
     7
420
 16777215
176
     1
 90
        1
176
     1
 90
        0
176
     1
 62
     7
176
     1
 62
   257
176
     1
 90
        1
176
     1
 90
        1
176
     1
 40
1.0
176
     1
 90
        0
176
     1
 62
   257
176
     1
 40
1.0
176
     1
 90
        1
176
     1
 90
        6
176
     1
 90
        2
176
     1
 62
     7
176
     1
 90
        5
176
     1
 90
        0
176
     1
 90
        0
176
     1
290
     0
176
     1
 90
       13
176
     1
 40
0.0
176
     1
 90
        0
176
     1
290
     0
176
     1
290
     1
176
     1
290
     1
176
     1
290
     0
176
     1
290
     0
176
     1
290
     0
176
     1
290
     0
176
     1
290
     0
176
     1
290
     0
176
     1
 90
       50
176
     1
 40
0.0
176
     1
 40
1.0
176
     1
 90
        0
176
     1
 62
    18
420
        0
176
     1
 90
       50
176
     1
 90
        3
176
     1
 62
     5
420
      255
176
     1
290
     0
176
     1
 90
       50
176
     1
 90
       50
176
     1
 90
       50
176
     1
290
     0
176
     1
 90
       50
176
     1
 62
   256
176
     0
 40
1.0
176
     0
 90
        2
176
     1
  1
strokes_ogs.tif
176
     1
290
     0
176
     1
 40
1.0
176
     1
 40
1.0
176
     1
  0
VISUALSTYLE
  5
31
102
{ACAD_REACTORS
330
29
102
}
330
29
100
AcDbVisualStyle
  2
Hidden
 70
     6
177
     3
291
     0
 70
    58
 90
        1
176
     1
 90
        2
176
     1
 90
        2
176
     1
 90
        0
176
     1
 40
0.6
176
     1
 40
30.0
176
     1
 62
     7
420
 16777215
176
     1
 90
        2
176
     1
 90
        2
176
     1
 62
     7
176
     1
 62
   257
176
     1
 90
        2
176
     1
 90
        1
176
     1
 40
40.0
176
     1
 90
        0
176
     1
 62
   257
176
     1
 40
1.0
176
     1
 90
        1
176
     1
 90
        6
176
     1
 90
        2
176
     1
 62
     7
176
     1
 90
        3
176
     1
 90
        0
176
     1
 90
        0
176
     1
290
     0
176
     1
 90
        1
176
     1
 40
0.0
176
     1
 90
        0
176
     1
290
     0
176
     1
290
     1
176
     1
290
     1
176
     1
290
     0
176
     1
290
     0
176
     1
290
     0
176
     1
290
     0
176
     1
290
     0
176
     1
290
     0
176
     1
 90
       50
176
     1
 40
0.0
176
     1
 40
1.0
176
     1
 90
        0
176
     1
 62
    18
420
        0
176
     1
 90
       50
176
     1
 90
        3
176
     1
 62
     5
420
      255
176
     1
290
     0
176
     1
 90
       50
176
     1
 90
       50
176
     1
 90
       50
176
     1
290
     0
176
     1
 90
       50
176
     1
 62
   256
176
     0
 40
1.0
176
     0
 90
        2
176
     1
  1
strokes_ogs.tif
176
     1
290
     0
176
     1
 40
1.0
176
     1
 40
1.0
176
     1
  0
VISUALSTYLE
  5
3F
102
{ACAD_REACTORS
330
29
102
}
330
29
100
AcDbVisualStyle
  2
JitterOff
 70
    20
177
     3
291
     1
 70
    58
 90
        2
176
     0
 90
        2
176
     0
 90
        0
176
     0
 90
        0
176
     0
 40
0.6
176
     0
 40
30.0
176
     0
 62
     7
420
 16777215
176
     0
 90
        1
176
     0
 90
        4
176
     0
 62
     7
176
     0
 62
   257
176
     0
 90
        1
176
     0
 90
        1
176
     0
 40
1.0
176
     0
 90
       10
176
     2
 62
     7
176
     0
 40
1.0
176
     0
 90
        1
176
     0
 90
        6
176
     0
 90
        2
176
     0
 62
     7
176
     0
 90
        5
176
     0
 90
        0
176
     0
 90
        0
176
     0
290
     0
176
     0
 90
        1
176
     0
 40
0.0
176
     0
 90
        0
176
     0
290
     0
176
     1
290
     1
176
     1
290
     1
176
     1
290
     0
176
     1
290
     0
176
     1
290
     0
176
     1
290
     0
176
     1
290
     0
176
     1
290
     0
176
     1
 90
       50
176
     0
 40
0.0
176
     0
 40
1.0
176
     0
 90
        0
176
     0
 62
    18
420
        0
176
     0
 90
       50
176
     0
 90
        3
176
     0
 62
     5
420
      255
176
     0
290
     0
176
     1
 90
       50
176
     0
 90
       50
176
     0
 90
       50
176
     0
290
     0
176
     1
 90
       50
176
     0
 62
   256
176
     0
 40
1.0
176
     0
 90
        2
176
     0
  1
strokes_ogs.tif
176
     0
290
     0
176
     1
 40
1.0
176
     0
 40
1.0
176
     0
  0
VISUALSTYLE
  5
37
102
{ACAD_REACTORS
330
29
102
}
330
29
100
AcDbVisualStyle
  2
Linepattern
 70
    14
177
     3
291
     1
 70
    58
 90
        2
176
     1
 90
        2
176
     1
 90
        0
176
     1
 90
        0
176
     1
 40
0.6
176
     1
 40
30.0
176
     1
 62
     7
420
 16777215
176
     1
 90
        1
176
     1
 90
        4
176
     1
 62
     7
176
     1
 62
   257
176
     1
 90
        7
176
     1
 90
        7
176
     1
 40
1.0
176
     1
 90
        8
176
     1
 62
     7
176
     1
 40
1.0
176
     1
 90
        1
176
     1
 90
        6
176
     1
 90
        2
176
     1
 62
     7
176
     1
 90
        5
176
     1
 90
        0
176
     1
 90
        0
176
     1
290
     0
176
     1
 90
        1
176
     1
 40
0.0
176
     1
 90
        0
176
     1
290
     0
176
     1
290
     1
176
     1
290
     1
176
     1
290
     0
176
     1
290
     0
176
     1
290
     0
176
     1
290
     0
176
     1
290
     0
176
     1
290
     0
176
     1
 90
       50
176
     1
 40
0.0
176
     1
 40
1.0
176
     1
 90
        0
176
     1
 62
    18
420
        0
176
     1
 90
       50
176
     1
 90
        3
176
     1
 62
     5
420
      255
176
     1
290
     0
176
     1
 90
       50
176
     1
 90
       50
176
     1
 90
       50
176
     1
290
     0
176
     1
 90
       50
176
     1
 62
   256
176
     0
 40
1.0
176
     0
 90
        2
176
     1
  1
strokes_ogs.tif
176
     1
290
     0
176
     1
 40
1.0
176
     1
 40
1.0
176
     1
  0
VISUALSTYLE
  5
40
102
{ACAD_REACTORS
330
29
102
}
330
29
100
AcDbVisualStyle
  2
OverhangOff
 70
    21
177
     3
291
     1
 70
    58
 90
        2
176
     0
 90
        2
176
     0
 90
        0
176
     0
 90
        0
176
     0
 40
0.6
176
     0
 40
30.0
176
     0
 62
     7
420
 16777215
176
     0
 90
        1
176
     0
 90
        4
176
     0
 62
     7
176
     0
 62
   257
176
     0
 90
        1
176
     0
 90
        1
176
     0
 40
1.0
176
     0
 90
        9
176
     2
 62
     7
176
     0
 40
1.0
176
     0
 90
        1
176
     0
 90
        6
176
     0
 90
        2
176
     0
 62
     7
176
     0
 90
        5
176
     0
 90
        0
176
     0
 90
        0
176
     0
290
     0
176
     0
 90
        1
176
     0
 40
0.0
176
     0
 90
        0
176
     0
290
     0
176
     1
290
     1
176
     1
290
     1
176
     1
290
     0
176
     1
290
     0
176
     1
290
     0
176
     1
290
     0
176
     1
290
     0
176
     1
290
     0
176
     1
 90
       50
176
     0
 40
0.0
176
     0
 40
1.0
176
     0
 90
        0
176
     0
 62
    18
420
        0
176
     0
 90
       50
176
     0
 90
        3
176
     0
 62
     5
420
      255
176
     0
290
     0
176
     1
 90
       50
176
     0
 90
       50
176
     0
 90
       50
176
     0
290
     0
176
     1
 90
       50
176
     0
 62
   256
176
     0
 40
1.0
176
     0
 90
        2
176
     0
  1
strokes_ogs.tif
176
     0
290
     0
176
     1
 40
1.0
176
     0
 40
1.0
176
     0
  0
VISUALSTYLE
  5
33
102
{ACAD_REACTORS
330
29
102
}
330
29
100
AcDbVisualStyle
  2
Realistic
 70
     8
177
     3
291
     0
 70
    58
 90
        2
176
     1
 90
        3
176
     1
 90
        0
176
     1
 90
        2
176
     1
 40
0.6
176
     1
 40
30.0
176
     1
 62
     7
420
 16777215
176
     1
 90
        0
176
     1
 90
        0
176
     1
 62
     7
176
     1
 62
   257
176
     1
 90
        1
176
     1
 90
        1
176
     1
 40
1.0
176
     1
 90
        8
176
     1
 62
   257
176
     1
 40
1.0
176
     1
 90
        1
176
     1
 90
        6
176
     1
 90
        2
176
     1
 62
     7
176
     1
 90
        3
176
     1
 90
        0
176
     1
 90
        0
176
     1
290
     0
176
     1
 90
       13
176
     1
 40
0.0
176
     1
 90
        0
176
     1
290
     0
176
     1
290
     1
176
     1
290
     1
176
     1
290
     0
176
     1
290
     0
176
     1
290
     0
176
     1
290
     0
176
     1
290
     0
176
     1
290
     0
176
     1
 90
       50
176
     1
 40
0.0
176
     1
 40
1.0
176
     1
 90
        0
176
     1
 62
    18
420
        0
176
     1
 90
       50
176
     1
 90
        3
176
     1
 62
     5
420
      255
176
     1
290
     0
176
     1
 90
       50
176
     1
 90
       50
176
     1
 90
       50
176
     1
290
     0
176
     1
 90
       50
176
     1
 62
   256
176
     0
 40
1.0
176
     0
 90
        2
176
     1
  1
strokes_ogs.tif
176
     1
290
     0
176
     1
 40
1.0
176
     1
 40
1.0
176
     1
  0
VISUALSTYLE
  5
3E
102
{ACAD_REACTORS
330
29
102
}
330
29
100
AcDbVisualStyle
  2
Shaded
 70
    27
177
     3
291
     0
 70
    58
 90
        2
176
     1
 90
        2
176
     1
 90
        1
176
     1
 90
        2
176
     1
 40
0.6
176
     1
 40
30.0
176
     1
 62
     7
420
 16777215
176
     1
 90
        0
176
     1
 90
        4
176
     1
 62
     7
176
     1
 62
   257
176
     1
 90
        1
176
     1
 90
        1
176
     1
 40
1.0
176
     1
 90
        8
176
     1
 62
   257
176
     1
 40
1.0
176
     1
 90
        1
176
     1
 90
        6
176
     1
 90
        2
176
     1
 62
     8
420
  7895160
176
     1
 90
        3
176
     1
 90
        0
176
     1
 90
        0
176
     1
290
     0
176
     1
 90
        5
176
     1
 40
0.0
176
     1
 90
        0
176
     1
290
     0
176
     1
290
     1
176
     1
290
     1
176
     1
290
     0
176
     1
290
     0
176
     1
290
     0
176
     1
290
     0
176
     1
290
     0
176
     1
290
     0
176
     1
 90
       50
176
     1
 40
0.0
176
     1
 40
1.0
176
     1
 90
        0
176
     1
 62
    18
420
        0
176
     1
 90
       50
176
     1
 90
        3
176
     1
 62
     5
420
      255
176
     1
290
     0
176
     1
 90
       50
176
     1
 90
       50
176
     1
 90
       50
176
     1
290
     0
176
     1
 90
       50
176
     1
 62
   256
176
     0
 40
1.0
176
     0
 90
        2
176
     1
  1
strokes_ogs.tif
176
     1
290
     0
176
     1
 40
1.0
176
     1
 40
1.0
176
     1
  0
VISUALSTYLE
  5
3D
102
{ACAD_REACTORS
330
29
102
}
330
29
100
AcDbVisualStyle
  2
Shaded with edges
 70
    26
177
     3
291
     0
 70
    58
 90
        2
176
     1
 90
        2
176
     1
 90
        1
176
     1
 90
        2
176
     1
 40
0.6
176
     1
 40
30.0
176
     1
 62
     7
420
 16777215
176
     1
 90
        1
176
     1
 90
        2
176
     1
 62
     7
176
     1
 62
   257
176
     1
 90
        2
176
     1
 90
        1
176
     1
 40
1.0
176
     1
 90
        8
176
     1
 62
   257
176
     1
 40
1.0
176
     1
 90
        1
176
     1
 90
        6
176
     1
 90
        2
176
     1
 62
     7
176
     1
 90
        3
176
     1
 90
        0
176
     1
 90
        0
176
     1
290
     0
176
     1
 90
        5
176
     1
 40
0.0
176
     1
 90
        0
176
     1
290
     0
176
     1
290
     1
176
     1
290
     1
176
     1
290
     0
176
     1
290
     0
176
     1
290
     0
176
     1
290
     0
176
     1
290
     0
176
     1
290
     0
176
     1
 90
       50
176
     1
 40
0.0
176
     1
 40
1.0
176
     1
 90
        0
176
     1
 62
    18
420
        0
176
     1
 90
       50
176
     1
 90
        3
176
     1
 62
     5
420
      255
176
     1
290
     0
176
     1
 90
       50
176
     1
 90
       50
176
     1
 90
       50
176
     1
290
     0
176
     1
 90
       50
176
     1
 62
   256
176
     0
 40
1.0
176
     0
 90
        2
176
     1
  1
strokes_ogs.tif
176
     1
290
     0
176
     1
 40
1.0
176
     1
 40
1.0
176
     1
  0
VISUALSTYLE
  5
3A
102
{ACAD_REACTORS
330
29
102
}
330
29
100
AcDbVisualStyle
  2
Shades of Gray
 70
    23
177
     3
291
     0
 70
    58
 90
        2
176
     1
 90
        2
176
     1
 90
        3
176
     1
 90
        0
176
     1
 40
0.6
176
     1
 40
30.0
176
     1
 62
     7
420
 16777215
176
     1
 90
        2
176
     1
 90
        2
176
     1
 62
     7
176
     1
 62
     7
176
     1
 90
        1
176
     1
 90
        1
176
     1
 40
40.0
176
     1
 90
        8
176
     1
 62
     7
176
     1
 40
1.0
176
     1
 90
        1
176
     1
 90
        6
176
     1
 90
        2
176
     1
 62
     7
176
     1
 90
        3
176
     1
 90
        0
176
     1
 90
        0
176
     1
290
     0
176
     1
 90
        1
176
     1
 40
0.0
176
     1
 90
        0
176
     1
290
     0
176
     1
290
     1
176
     1
290
     1
176
     1
290
     0
176
     1
290
     0
176
     1
290
     0
176
     1
290
     0
176
     1
290
     0
176
     1
290
     0
176
     1
 90
       50
176
     1
 40
0.0
176
     1
 40
1.0
176
     1
 90
        0
176
     1
 62
    18
420
        0
176
     1
 90
       50
176
     1
 90
        3
176
     1
 62
     5
420
      255
176
     1
290
     0
176
     1
 90
       50
176
     1
 90
       50
176
     1
 90
       50
176
     1
290
     0
176
     1
 90
       50
176
     1
 62
   256
176
     0
 40
1.0
176
     0
 90
        2
176
     1
  1
strokes_ogs.tif
176
     1
290
     0
176
     1
 40
1.0
176
     1
 40
1.0
176
     1
  0
VISUALSTYLE
  5
3B
102
{ACAD_REACTORS
330
29
102
}
330
29
100
AcDbVisualStyle
  2
Sketchy
 70
    24
177
     3
291
     0
 70
    58
 90
        1
176
     1
 90
        2
176
     1
 90
        2
176
     1
 90
        0
176
     1
 40
0.6
176
     1
 40
30.0
176
     1
 62
     7
420
 16777215
176
     1
 90
        2
176
     1
 90
        2
176
     1
 62
     7
176
     1
 62
     7
176
     1
 90
        1
176
     1
 90
        1
176
     1
 40
40.0
176
     1
 90
       11
176
     1
 62
     7
176
     1
 40
1.0
176
     1
 90
        1
176
     1
 90
        6
176
     1
 90
        2
176
     1
 62
     7
176
     1
 90
        6
176
     1
 90
        0
176
     1
 90
        0
176
     1
290
     0
176
     1
 90
        1
176
     1
 40
0.0
176
     1
 90
        0
176
     1
290
     0
176
     1
290
     1
176
     1
290
     1
176
     1
290
     0
176
     1
290
     0
176
     1
290
     0
176
     1
290
     0
176
     1
290
     0
176
     1
290
     0
176
     1
 90
       50
176
     1
 40
0.0
176
     1
 40
1.0
176
     1
 90
        0
176
     1
 62
    18
420
        0
176
     1
 90
       50
176
     1
 90
        3
176
     1
 62
     5
420
      255
176
     1
290
     0
176
     1
 90
       50
176
     1
 90
       50
176
     1
 90
       50
176
     1
290
     0
176
     1
 90
       50
176
     1
 62
   256
176
     0
 40
1.0
176
     0
 90
        2
176
     1
  1
strokes_ogs.tif
176
     1
290
     0
176
     1
 40
1.0
176
     1
 40
1.0
176
     1
  0
VISUALSTYLE
  5
36
102
{ACAD_REACTORS
330
29
102
}
330
29
100
AcDbVisualStyle
  2
Thicken
 70
    13
177
     3
291
     1
 70
    58
 90
        2
176
     1
 90
        2
176
     1
 90
        0
176
     1
 90
        0
176
     1
 40
0.6
176
     1
 40
30.0
176
     1
 62
     7
420
 16777215
176
     1
 90
        1
176
     1
 90
        4
176
     1
 62
     7
176
     1
 62
   257
176
     1
 90
        1
176
     1
 90
        1
176
     1
 40
1.0
176
     1
 90
       12
176
     1
 62
     7
176
     1
 40
1.0
176
     1
 90
        1
176
     1
 90
        6
176
     1
 90
        2
176
     1
 62
     7
176
     1
 90
        5
176
     1
 90
        0
176
     1
 90
        0
176
     1
290
     0
176
     1
 90
        1
176
     1
 40
0.0
176
     1
 90
        0
176
     1
290
     0
176
     1
290
     1
176
     1
290
     1
176
     1
290
     0
176
     1
290
     0
176
     1
290
     0
176
     1
290
     0
176
     1
290
     0
176
     1
290
     0
176
     1
 90
       50
176
     1
 40
0.0
176
     1
 40
1.0
176
     1
 90
        0
176
     1
 62
    18
420
        0
176
     1
 90
       50
176
     1
 90
        3
176
     1
 62
     5
420
      255
176
     1
290
     0
176
     1
 90
       50
176
     1
 90
       50
176
     1
 90
       50
176
     1
290
     0
176
     1
 90
       50
176
     1
 62
   256
176
     0
 40
1.0
176
     0
 90
        2
176
     1
  1
strokes_ogs.tif
176
     1
290
     0
176
     1
 40
1.0
176
     1
 40
1.0
176
     1
  0
VISUALSTYLE
  5
30
102
{ACAD_REACTORS
330
29
102
}
330
29
100
AcDbVisualStyle
  2
Wireframe
 70
     5
177
     3
291
     0
 70
    58
 90
        0
176
     1
 90
        2
176
     1
 90
        0
176
     1
 90
        0
176
     1
 40
0.6
176
     1
 40
30.0
176
     1
 62
     7
420
 16777215
176
     1
 90
        1
176
     1
 90
        4
176
     1
 62
     7
176
     1
 62
   257
176
     1
 90
        1
176
     1
 90
        1
176
     1
 40
1.0
176
     1
 90
        0
176
     1
 62
   257
176
     1
 40
1.0
176
     1
 90
        1
176
     1
 90
        6
176
     1
 90
        2
176
     1
 62
     7
176
     1
 90
        3
176
     1
 90
        0
176
     1
 90
        0
176
     1
290
     0
176
     1
 90
        1
176
     1
 40
0.0
176
     1
 90
        0
176
     1
290
     0
176
     1
290
     1
176
     1
290
     1
176
     1
290
     0
176
     1
290
     0
176
     1
290
     0
176
     1
290
     0
176
     1
290
     0
176
     1
290
     0
176
     1
 90
       50
176
     1
 40
0.0
176
     1
 40
1.0
176
     1
 90
        0
176
     1
 62
    18
420
        0
176
     1
 90
       50
176
     1
 90
        3
176
     1
 62
     5
420
      255
176
     1
290
     0
176
     1
 90
       50
176
     1
 90
       50
176
     1
 90
       50
176
     1
290
     0
176
     1
 90
       50
176
     1
 62
   256
176
     0
 40
1.0
176
     0
 90
        2
176
     1
  1
strokes_ogs.tif
176
     1
290
     0
176
     1
 40
1.0
176
     1
 40
1.0
176
     1
  0
VISUALSTYLE
  5
3C
102
{ACAD_REACTORS
330
29
102
}
330
29
100
AcDbVisualStyle
  2
X-Ray
 70
    25
177
     3
291
     0
 70
    58
 90
        2
176
     1
 90
        2
176
     1
 90
        1
176
     1
 90
        1
176
     1
 40
0.5
176
     1
 40
30.0
176
     1
 62
     7
420
 16777215
176
     1
 90
        1
176
     1
 90
        0
176
     1
 62
     7
176
     1
 62
   257
176
     1
 90
        1
176
     1
 90
        1
176
     1
 40
1.0
176
     1
 90
        8
176
     1
 62
     7
176
     1
 40
1.0
176
     1
 90
        1
176
     1
 90
        6
176
     1
 90
        2
176
     1
 62
     7
176
     1
 90
        3
176
     1
 90
        0
176
     1
 90
        0
176
     1
290
     0
176
     1
 90
       13
176
     1
 40
0.0
176
     1
 90
        0
176
     1
290
     0
176
     1
290
     1
176
     1
290
     1
176
     1
290
     0
176
     1
290
     0
176
     1
290
     0
176
     1
290
     0
176
     1
290
     0
176
     1
290
     0
176
     1
 90
       50
176
     1
 40
0.0
176
     1
 40
1.0
176
     1
 90
        0
176
     1
 62
    18
420
        0
176
     1
 90
       50
176
     1
 90
        3
176
     1
 62
     5
420
      255
176
     1
290
     0
176
     1
 90
       50
176
     1
 90
       50
176
     1
 90
       50
176
     1
290
     0
176
     1
 90
       50
176
     1
 62
   256
176
     0
 40
1.0
176
     0
 90
        2
176
     1
  1
strokes_ogs.tif
176
     1
290
     0
176
     1
 40
1.0
176
     1
 40
1.0
176
     1
  0
DICTIONARYVAR
  5
1100
102
{ACAD_REACTORS
330
10FA
102
}
330
10FA
100
DictionaryVariables
280
     0
  1
1:1
  0
DICTIONARYVAR
  5
10FC
102
{ACAD_REACTORS
330
10FA
102
}
330
10FA
100
DictionaryVariables
280
     0
  1
STANDARD
  0
DICTIONARYVAR
  5
10FB
102
{ACAD_REACTORS
330
10FA
102
}
330
10FA
100
DictionaryVariables
280
     0
  1
STANDARD
  0
DICTIONARYVAR
  5
10FD
102
{ACAD_REACTORS
330
10FA
102
}
330
10FA
100
DictionaryVariables
280
     0
  1
Imperial24
  0
DICTIONARYVAR
  5
10FE
102
{ACAD_REACTORS
330
10FA
102
}
330
10FA
100
DictionaryVariables
280
     0
  1
Imperial24
  0
DICTIONARYVAR
  5
1102
102
{ACAD_REACTORS
330
10FA
102
}
330
10FA
100
DictionaryVariables
280
     0
  1
1
  0
DICTIONARYVAR
  5
1103
102
{ACAD_REACTORS
330
10FA
102
}
330
10FA
100
DictionaryVariables
280
     0
  1
15
  0
DICTIONARYVAR
  5
1101
102
{ACAD_REACTORS
330
10FA
102
}
330
10FA
100
DictionaryVariables
280
     0
  1
0
  0
DICTIONARYVAR
  5
10FF
102
{ACAD_REACTORS
330
10FA
102
}
330
10FA
100
DictionaryVariables
280
     0
  1
0
  0
DICTIONARY
  5
1A
330
19
100
AcDbDictionary
280
     1
281
     1
  3
BUMPTILE
360
1C
  3
DIFFUSETILE
360
1B
  3
OPACITYTILE
360
1F
  3
REFLECTIONTILE
360
1E
  3
REFRACTIONTILE
360
20
  3
SPECULARTILE
360
1D
  0
DICTIONARY
  5
12
330
11
100
AcDbDictionary
280
     1
281
     1
  3
BUMPTILE
360
14
  3
DIFFUSETILE
360
13
  3
OPACITYTILE
360
17
  3
REFLECTIONTILE
360
16
  3
REFRACTIONTILE
360
18
  3
SPECULARTILE
360
15
  0
DICTIONARY
  5
22
330
21
100
AcDbDictionary
280
     1
281
     1
  3
BUMPTILE
360
24
  3
DIFFUSETILE
360
23
  3
OPACITYTILE
360
27
  3
REFLECTIONTILE
360
26
  3
REFRACTIONTILE
360
28
  3
SPECULARTILE
360
25
  0
DICTIONARY
  5
1111
330
64
100
AcDbDictionary
280
     1
281
     1
  3
ACAD_ROUNDTRIP_2008_TABLESTYLE_CELLSTYLEMAP
360
1112
  0
XRECORD
  5
1C
102
{ACAD_REACTORS
330
1A
102
}
330
1A
100
AcDbXrecord
280
     1
270
     1
271
     1
  0
XRECORD
  5
1B
102
{ACAD_REACTORS
330
1A
102
}
330
1A
100
AcDbXrecord
280
     1
270
     1
271
     1
  0
XRECORD
  5
1F
102
{ACAD_REACTORS
330
1A
102
}
330
1A
100
AcDbXrecord
280
     1
270
     1
271
     1
  0
XRECORD
  5
1E
102
{ACAD_REACTORS
330
1A
102
}
330
1A
100
AcDbXrecord
280
     1
270
     1
271
     1
  0
XRECORD
  5
20
102
{ACAD_REACTORS
330
1A
102
}
330
1A
100
AcDbXrecord
280
     1
270
     1
271
     1
  0
XRECORD
  5
1D
102
{ACAD_REACTORS
330
1A
102
}
330
1A
100
AcDbXrecord
280
     1
270
     1
271
     1
  0
XRECORD
  5
14
102
{ACAD_REACTORS
330
12
102
}
330
12
100
AcDbXrecord
280
     1
270
     1
271
     1
  0
XRECORD
  5
13
102
{ACAD_REACTORS
330
12
102
}
330
12
100
AcDbXrecord
280
     1
270
     1
271
     1
  0
XRECORD
  5
17
102
{ACAD_REACTORS
330
12
102
}
330
12
100
AcDbXrecord
280
     1
270
     1
271
     1
  0
XRECORD
  5
16
102
{ACAD_REACTORS
330
12
102
}
330
12
100
AcDbXrecord
280
     1
270
     1
271
     1
  0
XRECORD
  5
18
102
{ACAD_REACTORS
330
12
102
}
330
12
100
AcDbXrecord
280
     1
270
     1
271
     1
  0
XRECORD
  5
15
102
{ACAD_REACTORS
330
12
102
}
330
12
100
AcDbXrecord
280
     1
270
     1
271
     1
  0
XRECORD
  5
24
102
{ACAD_REACTORS
330
22
102
}
330
22
100
AcDbXrecord
280
     1
270
     1
271
     1
  0
XRECORD
  5
23
102
{ACAD_REACTORS
330
22
102
}
330
22
100
AcDbXrecord
280
     1
270
     1
271
     1
  0
XRECORD
  5
27
102
{ACAD_REACTORS
330
22
102
}
330
22
100
AcDbXrecord
280
     1
270
     1
271
     1
  0
XRECORD
  5
26
102
{ACAD_REACTORS
330
22
102
}
330
22
100
AcDbXrecord
280
     1
270
     1
271
     1
  0
XRECORD
  5
28
102
{ACAD_REACTORS
330
22
102
}
330
22
100
AcDbXrecord
280
     1
270
     1
271
     1
  0
XRECORD
  5
25
102
{ACAD_REACTORS
330
22
102
}
330
22
100
AcDbXrecord
280
     1
270
     1
271
     1
  0
CELLSTYLEMAP
  5
1112
102
{ACAD_REACTORS
330
1111
102
}
330
1111
100
AcDbCellStyleMap
 90
        3
300
CELLSTYLE
  1
TABLEFORMAT_BEGIN
 90
        5
170
     1
 91
        0
 92
    32768
 62
   257
 93
        1
300
CONTENTFORMAT
  1
CONTENTFORMAT_BEGIN
 90
        0
 91
        0
 92
      512
 93
        0
300

 40
0.0
140
1.0
 94
        5
 62
     0
340
55
144
0.25
309
CONTENTFORMAT_END
171
     0
 94
        0
309
TABLEFORMAT_END
  1
CELLSTYLE_BEGIN
 90
        1
 91
        1
300
_TITLE
309
CELLSTYLE_END
300
CELLSTYLE
  1
TABLEFORMAT_BEGIN
 90
        5
170
     1
 91
        0
 92
        0
 62
   257
 93
        1
300
CONTENTFORMAT
  1
CONTENTFORMAT_BEGIN
 90
        0
 91
        0
 92
      512
 93
        0
300

 40
0.0
140
1.0
 94
        5
 62
     0
340
55
144
0.18
309
CONTENTFORMAT_END
171
     0
 94
        0
309
TABLEFORMAT_END
  1
CELLSTYLE_BEGIN
 90
        2
 91
        1
300
_HEADER
309
CELLSTYLE_END
300
CELLSTYLE
  1
TABLEFORMAT_BEGIN
 90
        5
170
     1
 91
        0
 92
        0
 62
   257
 93
        1
300
CONTENTFORMAT
  1
CONTENTFORMAT_BEGIN
 90
        0
 91
        0
 92
      512
 93
        0
300

 40
0.0
140
1.0
 94
        2
 62
     0
340
55
144
0.18
309
CONTENTFORMAT_END
171
     0
 94
        0
309
TABLEFORMAT_END
  1
CELLSTYLE_BEGIN
 90
        3
 91
        2
300
_DATA
309
CELLSTYLE_END
  0
ENDSEC
  0
SECTION
  2
ACDSDATA
 70
     2
 71
     8
  0
ACDSSCHEMA
 90
        0
  1
AcDb_Thumbnail_Schema
  2
AcDbDs::ID
280
    10
 91
        8
  2
Thumbnail_Data
280
    15
 91
        0
101
ACDSRECORD
 95
        0
 90
        1
  2
AcDbDs::TreatedAsObjectData
280
     1
291
     1
101
ACDSRECORD
 95
        0
 90
        2
  2
AcDbDs::Legacy
280
     1
291
     1
101
ACDSRECORD
  1
AcDbDs::ID
 90
        3
  2
AcDs:Indexable
280
     1
291
     1
101
ACDSRECORD
  1
AcDbDs::ID
 90
        4
  2
AcDbDs::HandleAttribute
280
     7
282
     1
  0
ACDSSCHEMA
 90
        1
  1
AcDbDs::TreatedAsObjectDataSchema
  2
AcDbDs::TreatedAsObjectData
280
     1
 91
        0
  0
ACDSSCHEMA
 90
        2
  1
AcDbDs::LegacySchema
  2
AcDbDs::Legacy
280
     1
 91
        0
  0
ACDSSCHEMA
 90
        3
  1
AcDbDs::IndexedPropertySchema
  2
AcDs:Indexable
280
     1
 91
        0
  0
ACDSSCHEMA
 90
        4
  1
AcDbDs::HandleAttributeSchema
  2
AcDbDs::HandleAttribute
280
     7
 91
        1
284
     1
  0
ACDSRECORD
 90
        0
  2
AcDbDs::ID
280
    10
320
72
  2
Thumbnail_Data
280
    15
 94
     1790
310
89504E470D0A1A0A0000000D49484452000001000000007C0803000000B13B9E5A00000300504C5445212830FFFFFF2128300000000000000000000000000000000000000000000000000000330000660000990000CC0000FF0033000033330033660033990033CC0033FF0066000066330066660066990066CC0066FF0099
310
000099330099660099990099CC0099FF00CC0000CC3300CC6600CC9900CCCC00CCFF00FF0000FF3300FF6600FF9900FFCC00FFFF3300003300333300663300993300CC3300FF3333003333333333663333993333CC3333FF3366003366333366663366993366CC3366FF3399003399333399663399993399CC3399FF33CC00
310
33CC3333CC6633CC9933CCCC33CCFF33FF0033FF3333FF6633FF9933FFCC33FFFF6600006600336600666600996600CC6600FF6633006633336633666633996633CC6633FF6666006666336666666666996666CC6666FF6699006699336699666699996699CC6699FF66CC0066CC3366CC6666CC9966CCCC66CCFF66FF0066
310
FF3366FF6666FF9966FFCC66FFFF9900009900339900669900999900CC9900FF9933009933339933669933999933CC9933FF9966009966339966669966999966CC9966FF9999009999339999669999999999CC9999FF99CC0099CC3399CC6699CC9999CCCC99CCFF99FF0099FF3399FF6699FF9999FFCC99FFFFCC0000CC00
310
33CC0066CC0099CC00CCCC00FFCC3300CC3333CC3366CC3399CC33CCCC33FFCC6600CC6633CC6666CC6699CC66CCCC66FFCC9900CC9933CC9966CC9999CC99CCCC99FFCCCC00CCCC33CCCC66CCCC99CCCCCCCCCCFFCCFF00CCFF33CCFF66CCFF99CCFFCCCCFFFFFF0000FF0033FF0066FF0099FF00CCFF00FFFF3300FF3333
310
FF3366FF3399FF33CCFF33FFFF6600FF6633FF6666FF6699FF66CCFF66FFFF9900FF9933FF9966FF9999FF99CCFF99FFFFCC00FFCC33FFCC66FFCC99FFCCCCFFCCFFFFFF00FFFF33FFFF66FFFF99FFFFCCFFFFFF0000000D0D0D1A1A1A2828283535354343435050505D5D5D6B6B6B787878868686939393A1A1A1AEAEAEBB
310
BBBBC9C9C9D6D6D6E4E4E4F1F1F1FFFFFF0000000000000000000000000000000000000000000000000000000000002E4550F1000003B94944415478DAED5DD1722B2108E5FFFFF7BCDF87645744ECEA6A3BF7204C9B99A489538E704405229292929292929292F27F09AC9CA6FDD06B61A77EFE4F91A7FE1C4318D52D2806
310
535AC583605AA36010E08F3EC334FDB858FFE3F2086C04E811DDF5831EF321E2F47FA75D2C00020785004600CFF48BE21E16A18C00ED847E15BDDD5F3D7C99211002E84DBEDC8E609EB6668020EE5F74D32450FB8166C6004480FA89EBFC100D46FD84DD08D05ABF9AE3CF03F0591594F6CA0CB81180F4FDBF287AFF3A6B02
310
3702D6892F4D35E3A9E3A02B2EBCDF09E3FC2006A0F0BC5AFEEA98E7A3BCC6468C1D809F00140EE847C7A87D85D504D02C7F5044F8B06ED66EC08900EAE54F59F6C3A2FE7505143700230030F35FC8EF598B0B01F5513A04DA00B02C6F631F57F64FB812D850FEF6825105AE35E2BB2EB22160A70CCFE4D72743081F115604
310
5879C0DC20B801E402C0AE802AC29FDB485E6EC066022606BE57B5F9BD345484C8038077A887375BFA0E75808801A0C2FC5723951D03C008C0455F6FEFFA2EC3A910E4010025F4C3CA588A0B191068F6B82B97FE658BCC438370B6365818AD1D00341EA03870050048CD232031807506D02C00964DA1A1C07B5BB7305E130F
310
808402CA866E6940343B4970E85F05F4B2C4024434E850A0AC02204D344501C0160A2C3BCA6A28107880BEEB90751F307E000A0A0036504021018A2B0278B1ECFA980D883C00ECF85F9972A7F422B02D0B5E5DA2120170456E3B0000CF0DC9EF5800082DE0780E48123CDD0592044F5F069304D576608B051002A08B2176EC
310
06294EC6EB6BB17DDBE17B4B4C04C0D603119E7361EF56608B0B08C9E5581E8AB601CCFE63718E73F17290B76E01A0BC1829CA2F5F8D991C0B1600201B68B058104B82405E8F6F0D06A9132476A4C840E85264FC24A9A535D0A40C130150281C6FF5A74E935356FCB67F0077A2A4A85459EC4A95E5CA95D5C9D26F4300EA64
310
699D2EFF225BDC499767CC9717B8A5A00383B0164CF44B66E6CD9FB494BE5334355333245ED11463D594299B1BD6DF4580B26ECE144E62CCFCBDC249D2CA495B3A3B52391AAA74B6C4740327E540BF789AB77ADA94CFCBCFD5E3D2299FA7AE9F771A2838FD03E2365068DDA06E1F51EBEEB7D020EFA1B1DC4425401795A536
310
3A11FAE82C3452E26D26859F5AE90CB7D2A26E29E79F0F4D35530BD54DCD98C1483BBD60FDF464B2A16284A692BE078FB5D40CD25614BD571F9AAAC6692CFBFA5E40C2C8E17D85253B4BCBF1BDC5458EEF2EAF8280953784368473BE69E4E8EF1851B67EEEB7CCA4A4A4A4A4A4A4A4A4A4A4A4FCB6FC03D216E2AA0479BCFB
310
0000000049454E44AE426082
  0
ENDSEC
  0
EOF
